movie_id_raw,title,Genres,movie_idx,genres_list,genre_Action,genre_Adventure,genre_Animation,genre_Children's,genre_Comedy,genre_Crime,genre_Documentary,genre_Drama,genre_Fantasy,genre_Film-Noir,genre_Horror,genre_Musical,genre_Mystery,genre_Romance,genre_Sci-Fi,genre_Thriller,genre_War,genre_Western
1.0,Toy Story (1995),Animation|Children's|Comedy,0.0,"['Animation', ""Children's"", 'Comedy']",0.0,0.0,1.0,1.0,1.0,0.0,0.0,0.0,0.0,0.0,0.0,0.0,0.0,0.0,0.0,0.0,0.0,0.0
2.0,Jumanji (1995),Adventure|Children's|Fantasy,1.0,"['Adventure', ""Children's"", 'Fantasy']",0.0,1.0,0.0,1.0,0.0,0.0,0.0,0.0,1.0,0.0,0.0,0.0,0.0,0.0,0.0,0.0,0.0,0.0
3.0,Grumpier Old Men (1995),Comedy|Romance,2.0,"['Comedy', 'Romance']",0.0,0.0,0.0,0.0,1.0,0.0,0.0,0.0,0.0,0.0,0.0,0.0,0.0,1.0,0.0,0.0,0.0,0.0
4.0,Waiting to Exhale (1995),Comedy|Drama,3.0,"['Comedy', 'Drama']",0.0,0.0,0.0,0.0,1.0,0.0,0.0,1.0,0.0,0.0,0.0,0.0,0.0,0.0,0.0,0.0,0.0,0.0
5.0,Father of the Bride Part II (1995),Comedy,4.0,['Comedy'],0.0,0.0,0.0,0.0,1.0,0.0,0.0,0.0,0.0,0.0,0.0,0.0,0.0,0.0,0.0,0.0,0.0,0.0
6.0,Heat (1995),Action|Crime|Thriller,5.0,"['Action', 'Crime', 'Thriller']",1.0,0.0,0.0,0.0,0.0,1.0,0.0,0.0,0.0,0.0,0.0,0.0,0.0,0.0,0.0,1.0,0.0,0.0
7.0,Sabrina (1995),Comedy|Romance,6.0,"['Comedy', 'Romance']",0.0,0.0,0.0,0.0,1.0,0.0,0.0,0.0,0.0,0.0,0.0,0.0,0.0,1.0,0.0,0.0,0.0,0.0
8.0,Tom and Huck (1995),Adventure|Children's,7.0,"['Adventure', ""Children's""]",0.0,1.0,0.0,1.0,0.0,0.0,0.0,0.0,0.0,0.0,0.0,0.0,0.0,0.0,0.0,0.0,0.0,0.0
9.0,Sudden Death (1995),Action,8.0,['Action'],1.0,0.0,0.0,0.0,0.0,0.0,0.0,0.0,0.0,0.0,0.0,0.0,0.0,0.0,0.0,0.0,0.0,0.0
10.0,GoldenEye (1995),Action|Adventure|Thriller,9.0,"['Action', 'Adventure', 'Thriller']",1.0,1.0,0.0,0.0,0.0,0.0,0.0,0.0,0.0,0.0,0.0,0.0,0.0,0.0,0.0,1.0,0.0,0.0
11.0,"American President, The (1995)",Comedy|Drama|Romance,10.0,"['Comedy', 'Drama', 'Romance']",0.0,0.0,0.0,0.0,1.0,0.0,0.0,1.0,0.0,0.0,0.0,0.0,0.0,1.0,0.0,0.0,0.0,0.0
12.0,Dracula: Dead and Loving It (1995),Comedy|Horror,11.0,"['Comedy', 'Horror']",0.0,0.0,0.0,0.0,1.0,0.0,0.0,0.0,0.0,0.0,1.0,0.0,0.0,0.0,0.0,0.0,0.0,0.0
13.0,Balto (1995),Animation|Children's,12.0,"['Animation', ""Children's""]",0.0,0.0,1.0,1.0,0.0,0.0,0.0,0.0,0.0,0.0,0.0,0.0,0.0,0.0,0.0,0.0,0.0,0.0
14.0,Nixon (1995),Drama,13.0,['Drama'],0.0,0.0,0.0,0.0,0.0,0.0,0.0,1.0,0.0,0.0,0.0,0.0,0.0,0.0,0.0,0.0,0.0,0.0
15.0,Cutthroat Island (1995),Action|Adventure|Romance,14.0,"['Action', 'Adventure', 'Romance']",1.0,1.0,0.0,0.0,0.0,0.0,0.0,0.0,0.0,0.0,0.0,0.0,0.0,1.0,0.0,0.0,0.0,0.0
16.0,Casino (1995),Drama|Thriller,15.0,"['Drama', 'Thriller']",0.0,0.0,0.0,0.0,0.0,0.0,0.0,1.0,0.0,0.0,0.0,0.0,0.0,0.0,0.0,1.0,0.0,0.0
17.0,Sense and Sensibility (1995),Drama|Romance,16.0,"['Drama', 'Romance']",0.0,0.0,0.0,0.0,0.0,0.0,0.0,1.0,0.0,0.0,0.0,0.0,0.0,1.0,0.0,0.0,0.0,0.0
18.0,Four Rooms (1995),Thriller,17.0,['Thriller'],0.0,0.0,0.0,0.0,0.0,0.0,0.0,0.0,0.0,0.0,0.0,0.0,0.0,0.0,0.0,1.0,0.0,0.0
19.0,Ace Ventura: When Nature Calls (1995),Comedy,18.0,['Comedy'],0.0,0.0,0.0,0.0,1.0,0.0,0.0,0.0,0.0,0.0,0.0,0.0,0.0,0.0,0.0,0.0,0.0,0.0
20.0,Money Train (1995),Action,19.0,['Action'],1.0,0.0,0.0,0.0,0.0,0.0,0.0,0.0,0.0,0.0,0.0,0.0,0.0,0.0,0.0,0.0,0.0,0.0
21.0,Get Shorty (1995),Action|Comedy|Drama,20.0,"['Action', 'Comedy', 'Drama']",1.0,0.0,0.0,0.0,1.0,0.0,0.0,1.0,0.0,0.0,0.0,0.0,0.0,0.0,0.0,0.0,0.0,0.0
22.0,Copycat (1995),Crime|Drama|Thriller,21.0,"['Crime', 'Drama', 'Thriller']",0.0,0.0,0.0,0.0,0.0,1.0,0.0,1.0,0.0,0.0,0.0,0.0,0.0,0.0,0.0,1.0,0.0,0.0
23.0,Assassins (1995),Thriller,22.0,['Thriller'],0.0,0.0,0.0,0.0,0.0,0.0,0.0,0.0,0.0,0.0,0.0,0.0,0.0,0.0,0.0,1.0,0.0,0.0
24.0,Powder (1995),Drama|Sci-Fi,23.0,"['Drama', 'Sci-Fi']",0.0,0.0,0.0,0.0,0.0,0.0,0.0,1.0,0.0,0.0,0.0,0.0,0.0,0.0,1.0,0.0,0.0,0.0
25.0,Leaving Las Vegas (1995),Drama|Romance,24.0,"['Drama', 'Romance']",0.0,0.0,0.0,0.0,0.0,0.0,0.0,1.0,0.0,0.0,0.0,0.0,0.0,1.0,0.0,0.0,0.0,0.0
26.0,Othello (1995),Drama,25.0,['Drama'],0.0,0.0,0.0,0.0,0.0,0.0,0.0,1.0,0.0,0.0,0.0,0.0,0.0,0.0,0.0,0.0,0.0,0.0
27.0,Now and Then (1995),Drama,26.0,['Drama'],0.0,0.0,0.0,0.0,0.0,0.0,0.0,1.0,0.0,0.0,0.0,0.0,0.0,0.0,0.0,0.0,0.0,0.0
28.0,Persuasion (1995),Romance,27.0,['Romance'],0.0,0.0,0.0,0.0,0.0,0.0,0.0,0.0,0.0,0.0,0.0,0.0,0.0,1.0,0.0,0.0,0.0,0.0
29.0,"City of Lost Children, The (1995)",Adventure|Sci-Fi,28.0,"['Adventure', 'Sci-Fi']",0.0,1.0,0.0,0.0,0.0,0.0,0.0,0.0,0.0,0.0,0.0,0.0,0.0,0.0,1.0,0.0,0.0,0.0
30.0,Shanghai Triad (Yao a yao yao dao waipo qiao) (1995),Drama,29.0,['Drama'],0.0,0.0,0.0,0.0,0.0,0.0,0.0,1.0,0.0,0.0,0.0,0.0,0.0,0.0,0.0,0.0,0.0,0.0
31.0,Dangerous Minds (1995),Drama,30.0,['Drama'],0.0,0.0,0.0,0.0,0.0,0.0,0.0,1.0,0.0,0.0,0.0,0.0,0.0,0.0,0.0,0.0,0.0,0.0
32.0,Twelve Monkeys (1995),Drama|Sci-Fi,31.0,"['Drama', 'Sci-Fi']",0.0,0.0,0.0,0.0,0.0,0.0,0.0,1.0,0.0,0.0,0.0,0.0,0.0,0.0,1.0,0.0,0.0,0.0
33.0,Wings of Courage (1995),Adventure|Romance,32.0,"['Adventure', 'Romance']",0.0,1.0,0.0,0.0,0.0,0.0,0.0,0.0,0.0,0.0,0.0,0.0,0.0,1.0,0.0,0.0,0.0,0.0
34.0,Babe (1995),Children's|Comedy|Drama,33.0,"[""Children's"", 'Comedy', 'Drama']",0.0,0.0,0.0,1.0,1.0,0.0,0.0,1.0,0.0,0.0,0.0,0.0,0.0,0.0,0.0,0.0,0.0,0.0
35.0,Carrington (1995),Drama|Romance,34.0,"['Drama', 'Romance']",0.0,0.0,0.0,0.0,0.0,0.0,0.0,1.0,0.0,0.0,0.0,0.0,0.0,1.0,0.0,0.0,0.0,0.0
36.0,Dead Man Walking (1995),Drama,35.0,['Drama'],0.0,0.0,0.0,0.0,0.0,0.0,0.0,1.0,0.0,0.0,0.0,0.0,0.0,0.0,0.0,0.0,0.0,0.0
37.0,Across the Sea of Time (1995),Documentary,36.0,['Documentary'],0.0,0.0,0.0,0.0,0.0,0.0,1.0,0.0,0.0,0.0,0.0,0.0,0.0,0.0,0.0,0.0,0.0,0.0
38.0,It Takes Two (1995),Comedy,37.0,['Comedy'],0.0,0.0,0.0,0.0,1.0,0.0,0.0,0.0,0.0,0.0,0.0,0.0,0.0,0.0,0.0,0.0,0.0,0.0
39.0,Clueless (1995),Comedy|Romance,38.0,"['Comedy', 'Romance']",0.0,0.0,0.0,0.0,1.0,0.0,0.0,0.0,0.0,0.0,0.0,0.0,0.0,1.0,0.0,0.0,0.0,0.0
40.0,"Cry, the Beloved Country (1995)",Drama,39.0,['Drama'],0.0,0.0,0.0,0.0,0.0,0.0,0.0,1.0,0.0,0.0,0.0,0.0,0.0,0.0,0.0,0.0,0.0,0.0
41.0,Richard III (1995),Drama|War,40.0,"['Drama', 'War']",0.0,0.0,0.0,0.0,0.0,0.0,0.0,1.0,0.0,0.0,0.0,0.0,0.0,0.0,0.0,0.0,1.0,0.0
42.0,Dead Presidents (1995),Action|Crime|Drama,41.0,"['Action', 'Crime', 'Drama']",1.0,0.0,0.0,0.0,0.0,1.0,0.0,1.0,0.0,0.0,0.0,0.0,0.0,0.0,0.0,0.0,0.0,0.0
43.0,Restoration (1995),Drama,42.0,['Drama'],0.0,0.0,0.0,0.0,0.0,0.0,0.0,1.0,0.0,0.0,0.0,0.0,0.0,0.0,0.0,0.0,0.0,0.0
44.0,Mortal Kombat (1995),Action|Adventure,43.0,"['Action', 'Adventure']",1.0,1.0,0.0,0.0,0.0,0.0,0.0,0.0,0.0,0.0,0.0,0.0,0.0,0.0,0.0,0.0,0.0,0.0
45.0,To Die For (1995),Comedy|Drama,44.0,"['Comedy', 'Drama']",0.0,0.0,0.0,0.0,1.0,0.0,0.0,1.0,0.0,0.0,0.0,0.0,0.0,0.0,0.0,0.0,0.0,0.0
46.0,How to Make an American Quilt (1995),Drama|Romance,45.0,"['Drama', 'Romance']",0.0,0.0,0.0,0.0,0.0,0.0,0.0,1.0,0.0,0.0,0.0,0.0,0.0,1.0,0.0,0.0,0.0,0.0
47.0,Seven (Se7en) (1995),Crime|Thriller,46.0,"['Crime', 'Thriller']",0.0,0.0,0.0,0.0,0.0,1.0,0.0,0.0,0.0,0.0,0.0,0.0,0.0,0.0,0.0,1.0,0.0,0.0
48.0,Pocahontas (1995),Animation|Children's|Musical|Romance,47.0,"['Animation', ""Children's"", 'Musical', 'Romance']",0.0,0.0,1.0,1.0,0.0,0.0,0.0,0.0,0.0,0.0,0.0,1.0,0.0,1.0,0.0,0.0,0.0,0.0
49.0,When Night Is Falling (1995),Drama|Romance,48.0,"['Drama', 'Romance']",0.0,0.0,0.0,0.0,0.0,0.0,0.0,1.0,0.0,0.0,0.0,0.0,0.0,1.0,0.0,0.0,0.0,0.0
50.0,"Usual Suspects, The (1995)",Crime|Thriller,49.0,"['Crime', 'Thriller']",0.0,0.0,0.0,0.0,0.0,1.0,0.0,0.0,0.0,0.0,0.0,0.0,0.0,0.0,0.0,1.0,0.0,0.0
52.0,Mighty Aphrodite (1995),Comedy,50.0,['Comedy'],0.0,0.0,0.0,0.0,0.0,0.0,0.0,1.0,0.0,0.0,0.0,0.0,0.0,0.0,0.0,0.0,0.0,0.0
53.0,Lamerica (1994),Drama,51.0,['Drama'],0.0,0.0,0.0,1.0,1.0,0.0,0.0,0.0,0.0,0.0,0.0,0.0,0.0,0.0,0.0,0.0,0.0,0.0
54.0,"Big Green, The (1995)",Children's|Comedy,52.0,"[""Children's"", 'Comedy']",0.0,0.0,0.0,0.0,0.0,0.0,0.0,1.0,0.0,0.0,0.0,0.0,0.0,0.0,0.0,0.0,0.0,0.0
55.0,Georgia (1995),Drama,53.0,['Drama'],0.0,1.0,0.0,1.0,0.0,0.0,0.0,0.0,1.0,0.0,0.0,0.0,0.0,0.0,0.0,0.0,0.0,0.0
56.0,Kids of the Round Table (1995),Adventure|Children's|Fantasy,54.0,"['Adventure', ""Children's"", 'Fantasy']",0.0,0.0,0.0,0.0,0.0,0.0,0.0,1.0,0.0,0.0,0.0,0.0,0.0,0.0,0.0,0.0,0.0,0.0
57.0,Home for the Holidays (1995),Drama,55.0,['Drama'],0.0,0.0,0.0,0.0,0.0,0.0,0.0,1.0,0.0,0.0,0.0,0.0,0.0,1.0,0.0,0.0,0.0,0.0
58.0,"Postino, Il (The Postman) (1994)",Drama|Romance,56.0,"['Drama', 'Romance']",0.0,0.0,0.0,0.0,0.0,0.0,0.0,1.0,0.0,0.0,0.0,0.0,1.0,0.0,0.0,0.0,0.0,0.0
59.0,"Confessional, The (Le Confessionnal) (1995)",Drama|Mystery,57.0,"['Drama', 'Mystery']",0.0,1.0,0.0,1.0,0.0,0.0,0.0,0.0,1.0,0.0,0.0,0.0,0.0,0.0,0.0,0.0,0.0,0.0
60.0,"Indian in the Cupboard, The (1995)",Adventure|Children's|Fantasy,58.0,"['Adventure', ""Children's"", 'Fantasy']",0.0,0.0,0.0,0.0,0.0,0.0,0.0,1.0,0.0,0.0,0.0,0.0,0.0,0.0,0.0,1.0,0.0,0.0
61.0,Eye for an Eye (1996),Drama|Thriller,59.0,"['Drama', 'Thriller']",0.0,0.0,0.0,0.0,0.0,0.0,0.0,1.0,0.0,0.0,0.0,0.0,0.0,0.0,0.0,0.0,0.0,0.0
62.0,Mr. Holland's Opus (1995),Drama,60.0,['Drama'],0.0,0.0,0.0,0.0,1.0,0.0,0.0,0.0,0.0,0.0,0.0,0.0,0.0,0.0,0.0,0.0,0.0,0.0
63.0,Don't Be a Menace to South Central While Drinking Your Juice in the Hood (1996),Comedy,61.0,['Comedy'],0.0,0.0,0.0,0.0,1.0,0.0,0.0,0.0,0.0,0.0,0.0,0.0,0.0,1.0,0.0,0.0,0.0,0.0
64.0,Two if by Sea (1996),Comedy|Romance,62.0,"['Comedy', 'Romance']",0.0,0.0,0.0,0.0,1.0,0.0,0.0,0.0,0.0,0.0,0.0,0.0,0.0,0.0,0.0,0.0,0.0,0.0
65.0,Bio-Dome (1996),Comedy,63.0,['Comedy'],0.0,0.0,0.0,0.0,0.0,0.0,0.0,0.0,0.0,0.0,0.0,0.0,0.0,0.0,1.0,1.0,0.0,0.0
66.0,Lawnmower Man 2: Beyond Cyberspace (1996),Sci-Fi|Thriller,64.0,"['Sci-Fi', 'Thriller']",0.0,0.0,0.0,0.0,0.0,0.0,0.0,1.0,0.0,0.0,0.0,0.0,0.0,0.0,0.0,0.0,0.0,0.0
67.0,Two Bits (1995),Drama,65.0,['Drama'],0.0,0.0,0.0,0.0,1.0,0.0,0.0,0.0,0.0,0.0,0.0,0.0,0.0,1.0,0.0,0.0,0.0,0.0
68.0,French Twist (Gazon maudit) (1995),Comedy|Romance,66.0,"['Comedy', 'Romance']",0.0,0.0,0.0,0.0,1.0,0.0,0.0,0.0,0.0,0.0,0.0,0.0,0.0,0.0,0.0,0.0,0.0,0.0
69.0,Friday (1995),Comedy,67.0,['Comedy'],1.0,0.0,0.0,0.0,1.0,1.0,0.0,0.0,0.0,0.0,1.0,0.0,0.0,0.0,0.0,1.0,0.0,0.0
70.0,From Dusk Till Dawn (1996),Action|Comedy|Crime|Horror|Thriller,68.0,"['Action', 'Comedy', 'Crime', 'Horror', 'Thriller']",1.0,0.0,0.0,0.0,0.0,0.0,0.0,0.0,0.0,0.0,0.0,0.0,0.0,0.0,0.0,0.0,0.0,0.0
71.0,Fair Game (1995),Action,69.0,['Action'],0.0,0.0,0.0,0.0,1.0,0.0,0.0,1.0,0.0,0.0,0.0,0.0,0.0,0.0,0.0,0.0,0.0,0.0
72.0,Kicking and Screaming (1995),Comedy|Drama,70.0,"['Comedy', 'Drama']",0.0,0.0,0.0,0.0,0.0,0.0,0.0,1.0,0.0,0.0,0.0,1.0,0.0,0.0,0.0,0.0,0.0,0.0
73.0,"Misérables, Les (1995)",Drama|Musical,71.0,"['Drama', 'Musical']",0.0,0.0,0.0,0.0,0.0,0.0,0.0,1.0,0.0,0.0,0.0,0.0,0.0,1.0,0.0,0.0,0.0,0.0
74.0,Bed of Roses (1996),Drama|Romance,72.0,"['Drama', 'Romance']",0.0,0.0,0.0,0.0,1.0,0.0,0.0,1.0,0.0,0.0,0.0,0.0,0.0,0.0,0.0,0.0,0.0,0.0
75.0,Big Bully (1996),Comedy|Drama,73.0,"['Comedy', 'Drama']",0.0,0.0,0.0,0.0,0.0,0.0,0.0,0.0,0.0,0.0,0.0,0.0,0.0,0.0,1.0,1.0,0.0,0.0
76.0,Screamers (1995),Sci-Fi|Thriller,74.0,"['Sci-Fi', 'Thriller']",0.0,0.0,0.0,0.0,0.0,0.0,1.0,0.0,0.0,0.0,0.0,0.0,0.0,0.0,0.0,0.0,0.0,0.0
77.0,Nico Icon (1995),Documentary,75.0,['Documentary'],0.0,0.0,0.0,0.0,0.0,0.0,0.0,1.0,0.0,0.0,0.0,0.0,0.0,0.0,0.0,0.0,0.0,0.0
78.0,"Crossing Guard, The (1995)",Drama,76.0,['Drama'],0.0,0.0,0.0,0.0,0.0,0.0,0.0,1.0,0.0,0.0,0.0,0.0,0.0,0.0,0.0,1.0,0.0,0.0
79.0,"Juror, The (1996)",Drama|Thriller,77.0,"['Drama', 'Thriller']",0.0,0.0,0.0,0.0,0.0,0.0,0.0,1.0,0.0,0.0,0.0,0.0,0.0,0.0,0.0,0.0,0.0,0.0
80.0,"White Balloon, The (Badkonake Sefid ) (1995)",Drama,78.0,['Drama'],0.0,0.0,0.0,0.0,0.0,1.0,0.0,1.0,0.0,0.0,0.0,0.0,0.0,1.0,0.0,0.0,0.0,0.0
81.0,Things to Do in Denver when You're Dead (1995),Crime|Drama|Romance,79.0,"['Crime', 'Drama', 'Romance']",0.0,0.0,0.0,0.0,0.0,0.0,0.0,1.0,0.0,0.0,0.0,0.0,0.0,0.0,0.0,0.0,0.0,0.0
82.0,Antonia's Line (Antonia) (1995),Drama,80.0,['Drama'],0.0,0.0,0.0,0.0,0.0,0.0,0.0,1.0,0.0,0.0,0.0,0.0,0.0,0.0,0.0,0.0,0.0,0.0
83.0,Once Upon a Time... When We Were Colored (1995),Drama,81.0,['Drama'],0.0,0.0,0.0,0.0,1.0,0.0,0.0,1.0,0.0,0.0,0.0,0.0,0.0,0.0,0.0,0.0,0.0,0.0
84.0,Last Summer in the Hamptons (1995),Comedy|Drama,82.0,"['Comedy', 'Drama']",0.0,0.0,0.0,0.0,0.0,0.0,0.0,1.0,0.0,0.0,0.0,0.0,0.0,1.0,0.0,0.0,0.0,0.0
85.0,Angels and Insects (1995),Drama|Romance,83.0,"['Drama', 'Romance']",0.0,1.0,0.0,0.0,0.0,0.0,0.0,1.0,0.0,0.0,0.0,0.0,0.0,0.0,0.0,0.0,0.0,0.0
86.0,White Squall (1996),Adventure|Drama,84.0,"['Adventure', 'Drama']",0.0,0.0,0.0,1.0,1.0,0.0,0.0,0.0,0.0,0.0,0.0,0.0,0.0,0.0,0.0,0.0,0.0,0.0
87.0,Dunston Checks In (1996),Children's|Comedy,85.0,"[""Children's"", 'Comedy']",0.0,0.0,0.0,0.0,1.0,0.0,0.0,0.0,0.0,0.0,0.0,0.0,0.0,0.0,0.0,0.0,0.0,0.0
88.0,Black Sheep (1996),Comedy,86.0,['Comedy'],1.0,0.0,0.0,0.0,0.0,0.0,0.0,0.0,0.0,0.0,0.0,0.0,0.0,0.0,0.0,1.0,0.0,0.0
89.0,Nick of Time (1995),Action|Thriller,87.0,"['Action', 'Thriller']",0.0,0.0,0.0,0.0,0.0,0.0,0.0,1.0,0.0,0.0,0.0,0.0,0.0,0.0,0.0,0.0,0.0,0.0
90.0,"Journey of August King, The (1995)",Drama,88.0,['Drama'],0.0,0.0,0.0,0.0,0.0,0.0,0.0,1.0,0.0,0.0,0.0,0.0,0.0,0.0,0.0,1.0,0.0,0.0
92.0,Mary Reilly (1996),Drama|Thriller,89.0,"['Drama', 'Thriller']",0.0,0.0,0.0,0.0,1.0,0.0,0.0,0.0,0.0,0.0,0.0,0.0,0.0,1.0,0.0,0.0,0.0,0.0
93.0,Vampire in Brooklyn (1995),Comedy|Romance,90.0,"['Comedy', 'Romance']",0.0,0.0,0.0,0.0,0.0,0.0,0.0,1.0,0.0,0.0,0.0,0.0,0.0,0.0,0.0,0.0,0.0,0.0
94.0,Beautiful Girls (1996),Drama,91.0,['Drama'],1.0,0.0,0.0,0.0,0.0,0.0,0.0,0.0,0.0,0.0,0.0,0.0,0.0,0.0,0.0,1.0,0.0,0.0
95.0,Broken Arrow (1996),Action|Thriller,92.0,"['Action', 'Thriller']",0.0,0.0,0.0,0.0,1.0,0.0,0.0,0.0,0.0,0.0,0.0,0.0,0.0,0.0,0.0,0.0,0.0,0.0
96.0,In the Bleak Midwinter (1995),Comedy,93.0,['Comedy'],0.0,0.0,0.0,0.0,0.0,0.0,0.0,1.0,0.0,0.0,0.0,0.0,0.0,0.0,0.0,0.0,0.0,0.0
97.0,"Hate (Haine, La) (1995)",Drama,94.0,['Drama'],1.0,0.0,0.0,0.0,0.0,0.0,0.0,0.0,0.0,0.0,0.0,0.0,0.0,0.0,0.0,1.0,0.0,0.0
98.0,Shopping (1994),Action|Thriller,95.0,"['Action', 'Thriller']",0.0,0.0,0.0,0.0,0.0,0.0,1.0,0.0,0.0,0.0,0.0,0.0,0.0,0.0,0.0,0.0,0.0,0.0
99.0,Heidi Fleiss: Hollywood Madam (1995),Documentary,96.0,['Documentary'],0.0,0.0,0.0,0.0,0.0,0.0,0.0,1.0,0.0,0.0,0.0,0.0,0.0,0.0,0.0,1.0,0.0,0.0
100.0,City Hall (1996),Drama|Thriller,97.0,"['Drama', 'Thriller']",0.0,0.0,0.0,0.0,1.0,0.0,0.0,0.0,0.0,0.0,0.0,0.0,0.0,0.0,0.0,0.0,0.0,0.0
101.0,Bottle Rocket (1996),Comedy,98.0,['Comedy'],0.0,0.0,0.0,0.0,1.0,0.0,0.0,0.0,0.0,0.0,0.0,0.0,0.0,0.0,0.0,0.0,0.0,0.0
102.0,Mr. Wrong (1996),Comedy,99.0,['Comedy'],0.0,0.0,0.0,0.0,0.0,0.0,0.0,0.0,0.0,0.0,0.0,0.0,0.0,0.0,0.0,1.0,0.0,0.0
103.0,Unforgettable (1996),Thriller,100.0,['Thriller'],0.0,0.0,0.0,0.0,1.0,0.0,0.0,0.0,0.0,0.0,0.0,0.0,0.0,0.0,0.0,0.0,0.0,0.0
104.0,Happy Gilmore (1996),Comedy,101.0,['Comedy'],0.0,0.0,0.0,0.0,0.0,0.0,0.0,1.0,0.0,0.0,0.0,0.0,0.0,1.0,0.0,0.0,0.0,0.0
105.0,"Bridges of Madison County, The (1995)",Drama|Romance,102.0,"['Drama', 'Romance']",0.0,0.0,0.0,0.0,1.0,0.0,0.0,1.0,0.0,0.0,0.0,0.0,0.0,0.0,0.0,0.0,0.0,0.0
106.0,Nobody Loves Me (Keiner liebt mich) (1994),Comedy|Drama,103.0,"['Comedy', 'Drama']",0.0,1.0,0.0,1.0,1.0,0.0,0.0,0.0,0.0,0.0,0.0,1.0,0.0,0.0,0.0,0.0,0.0,0.0
107.0,Muppet Treasure Island (1996),Adventure|Children's|Comedy|Musical,104.0,"['Adventure', ""Children's"", 'Comedy', 'Musical']",0.0,0.0,0.0,0.0,0.0,0.0,1.0,0.0,0.0,0.0,0.0,0.0,0.0,0.0,0.0,0.0,0.0,0.0
108.0,Catwalk (1995),Documentary,105.0,['Documentary'],1.0,0.0,0.0,0.0,0.0,0.0,0.0,1.0,0.0,0.0,0.0,0.0,0.0,0.0,0.0,0.0,1.0,0.0
110.0,Braveheart (1995),Action|Drama|War,106.0,"['Action', 'Drama', 'War']",1.0,1.0,0.0,0.0,0.0,1.0,0.0,0.0,0.0,0.0,0.0,0.0,0.0,0.0,0.0,0.0,0.0,0.0
111.0,Taxi Driver (1976),Drama|Thriller,107.0,"['Drama', 'Thriller']",0.0,0.0,0.0,0.0,0.0,0.0,0.0,1.0,0.0,0.0,0.0,0.0,1.0,0.0,0.0,0.0,0.0,0.0
112.0,Rumble in the Bronx (1995),Action|Adventure|Crime,108.0,"['Action', 'Adventure', 'Crime']",0.0,0.0,0.0,0.0,0.0,0.0,0.0,1.0,0.0,0.0,0.0,0.0,0.0,0.0,0.0,0.0,0.0,0.0
113.0,Before and After (1996),Drama|Mystery,109.0,"['Drama', 'Mystery']",0.0,0.0,0.0,0.0,0.0,0.0,1.0,0.0,0.0,0.0,0.0,0.0,0.0,0.0,0.0,0.0,0.0,0.0
114.0,Margaret's Museum (1995),Drama,110.0,['Drama'],0.0,0.0,0.0,0.0,0.0,1.0,0.0,0.0,0.0,0.0,0.0,0.0,0.0,0.0,0.0,0.0,0.0,0.0
116.0,Anne Frank Remembered (1995),Documentary,111.0,['Documentary'],0.0,0.0,0.0,0.0,1.0,0.0,0.0,0.0,0.0,0.0,0.0,0.0,0.0,0.0,0.0,0.0,0.0,0.0
117.0,"Young Poisoner's Handbook, The (1995)",Crime,112.0,['Crime'],0.0,0.0,0.0,0.0,0.0,0.0,0.0,1.0,0.0,0.0,0.0,0.0,0.0,0.0,0.0,0.0,0.0,0.0
118.0,If Lucy Fell (1996),Comedy|Romance,113.0,"['Comedy', 'Romance']",0.0,0.0,0.0,0.0,0.0,0.0,0.0,1.0,0.0,0.0,0.0,0.0,0.0,0.0,0.0,0.0,0.0,0.0
119.0,"Steal Big, Steal Little (1995)",Comedy,114.0,['Comedy'],0.0,0.0,0.0,0.0,1.0,0.0,0.0,0.0,0.0,0.0,0.0,0.0,0.0,1.0,0.0,0.0,0.0,0.0
120.0,Race the Sun (1996),Drama,115.0,['Drama'],0.0,0.0,0.0,0.0,0.0,0.0,0.0,1.0,0.0,0.0,0.0,0.0,1.0,1.0,0.0,0.0,0.0,0.0
121.0,"Boys of St. Vincent, The (1993)",Drama,116.0,['Drama'],0.0,0.0,0.0,0.0,0.0,0.0,0.0,1.0,0.0,0.0,0.0,0.0,0.0,0.0,0.0,0.0,0.0,0.0
122.0,Boomerang (1992),Comedy|Romance,117.0,"['Comedy', 'Romance']",0.0,0.0,0.0,0.0,1.0,0.0,0.0,0.0,0.0,0.0,0.0,0.0,0.0,0.0,0.0,0.0,0.0,0.0
123.0,Chungking Express (1994),Drama|Mystery|Romance,118.0,"['Drama', 'Mystery', 'Romance']",0.0,1.0,0.0,1.0,0.0,0.0,0.0,0.0,1.0,0.0,0.0,0.0,0.0,0.0,0.0,0.0,0.0,0.0
124.0,"Star Maker, The (Uomo delle stelle, L') (1995)",Drama,119.0,['Drama'],0.0,0.0,0.0,0.0,0.0,0.0,0.0,1.0,0.0,0.0,0.0,0.0,0.0,0.0,0.0,0.0,0.0,0.0
125.0,Flirting With Disaster (1996),Comedy,120.0,['Comedy'],0.0,0.0,0.0,0.0,0.0,0.0,1.0,0.0,0.0,0.0,0.0,0.0,0.0,0.0,0.0,0.0,0.0,0.0
126.0,"NeverEnding Story III, The (1994)",Adventure|Children's|Fantasy,121.0,"['Adventure', ""Children's"", 'Fantasy']",0.0,0.0,0.0,0.0,1.0,0.0,0.0,0.0,0.0,0.0,0.0,0.0,0.0,1.0,0.0,0.0,0.0,0.0
127.0,"Silence of the Palace, The (Saimt el Qusur) (1994)",Drama,122.0,['Drama'],0.0,0.0,0.0,0.0,0.0,0.0,0.0,1.0,0.0,0.0,0.0,0.0,0.0,0.0,0.0,0.0,0.0,0.0
128.0,Jupiter's Wife (1994),Documentary,123.0,['Documentary'],0.0,0.0,0.0,0.0,0.0,0.0,0.0,1.0,0.0,0.0,0.0,0.0,0.0,1.0,0.0,0.0,0.0,0.0
129.0,Pie in the Sky (1995),Comedy|Romance,124.0,"['Comedy', 'Romance']",0.0,0.0,0.0,0.0,0.0,0.0,0.0,0.0,0.0,0.0,0.0,0.0,0.0,0.0,0.0,1.0,0.0,0.0
130.0,Angela (1995),Drama,125.0,['Drama'],0.0,0.0,0.0,0.0,1.0,0.0,0.0,1.0,0.0,0.0,0.0,0.0,0.0,0.0,0.0,0.0,0.0,0.0
131.0,Frankie Starlight (1995),Drama|Romance,126.0,"['Drama', 'Romance']",0.0,0.0,0.0,0.0,0.0,0.0,1.0,0.0,0.0,0.0,0.0,0.0,0.0,0.0,0.0,0.0,0.0,0.0
132.0,Jade (1995),Thriller,127.0,['Thriller'],0.0,0.0,0.0,0.0,1.0,0.0,0.0,0.0,0.0,0.0,0.0,0.0,0.0,0.0,0.0,0.0,0.0,0.0
133.0,Nueba Yol (1995),Comedy|Drama,128.0,"['Comedy', 'Drama']",0.0,0.0,0.0,0.0,0.0,0.0,1.0,0.0,0.0,0.0,0.0,0.0,0.0,0.0,0.0,0.0,0.0,0.0
134.0,Sonic Outlaws (1995),Documentary,129.0,['Documentary'],0.0,0.0,0.0,0.0,0.0,0.0,1.0,0.0,0.0,0.0,0.0,0.0,0.0,0.0,0.0,0.0,0.0,0.0
135.0,Down Periscope (1996),Comedy,130.0,['Comedy'],0.0,0.0,0.0,0.0,0.0,0.0,0.0,1.0,0.0,0.0,0.0,0.0,0.0,0.0,0.0,0.0,0.0,0.0
136.0,From the Journals of Jean Seberg (1995),Documentary,131.0,['Documentary'],1.0,0.0,0.0,0.0,0.0,0.0,0.0,1.0,0.0,0.0,0.0,0.0,0.0,0.0,0.0,0.0,0.0,0.0
137.0,Man of the Year (1995),Documentary,132.0,['Documentary'],0.0,0.0,0.0,0.0,0.0,0.0,0.0,1.0,0.0,0.0,0.0,0.0,0.0,1.0,0.0,0.0,0.0,0.0
138.0,"Neon Bible, The (1995)",Drama,133.0,['Drama'],0.0,0.0,0.0,0.0,1.0,0.0,0.0,0.0,0.0,0.0,0.0,0.0,0.0,0.0,0.0,0.0,0.0,0.0
139.0,Target (1995),Action|Drama,134.0,"['Action', 'Drama']",0.0,0.0,0.0,0.0,0.0,0.0,0.0,1.0,0.0,0.0,0.0,0.0,0.0,0.0,0.0,0.0,0.0,0.0
140.0,Up Close and Personal (1996),Drama|Romance,135.0,"['Drama', 'Romance']",0.0,0.0,0.0,0.0,1.0,0.0,0.0,0.0,0.0,0.0,0.0,0.0,0.0,0.0,0.0,0.0,0.0,0.0
141.0,"Birdcage, The (1996)",Comedy,136.0,['Comedy'],1.0,0.0,0.0,0.0,0.0,0.0,0.0,0.0,0.0,0.0,0.0,0.0,0.0,0.0,0.0,0.0,0.0,0.0
142.0,Shadows (Cienie) (1988),Drama,137.0,['Drama'],0.0,1.0,0.0,1.0,0.0,0.0,0.0,0.0,0.0,0.0,0.0,0.0,0.0,0.0,0.0,0.0,0.0,0.0
144.0,"Brothers McMullen, The (1995)",Comedy,138.0,['Comedy'],0.0,0.0,0.0,0.0,0.0,0.0,0.0,1.0,0.0,0.0,0.0,0.0,0.0,0.0,0.0,0.0,0.0,0.0
145.0,Bad Boys (1995),Action,139.0,['Action'],0.0,0.0,0.0,0.0,0.0,1.0,0.0,1.0,0.0,0.0,0.0,0.0,0.0,0.0,0.0,1.0,0.0,0.0
146.0,"Amazing Panda Adventure, The (1995)",Adventure|Children's,140.0,"['Adventure', ""Children's""]",0.0,0.0,0.0,0.0,0.0,0.0,0.0,1.0,0.0,0.0,0.0,0.0,0.0,0.0,0.0,0.0,0.0,0.0
147.0,"Basketball Diaries, The (1995)",Drama,141.0,['Drama'],0.0,0.0,0.0,0.0,0.0,0.0,0.0,1.0,0.0,0.0,0.0,0.0,0.0,1.0,0.0,0.0,1.0,0.0
148.0,"Awfully Big Adventure, An (1995)",Drama,142.0,['Drama'],0.0,0.0,0.0,0.0,0.0,0.0,0.0,0.0,0.0,0.0,1.0,0.0,0.0,0.0,0.0,0.0,0.0,0.0
149.0,Amateur (1994),Crime|Drama|Thriller,143.0,"['Crime', 'Drama', 'Thriller']",1.0,1.0,0.0,0.0,1.0,1.0,0.0,0.0,0.0,0.0,0.0,0.0,0.0,0.0,0.0,0.0,0.0,0.0
150.0,Apollo 13 (1995),Drama,144.0,['Drama'],0.0,0.0,0.0,0.0,0.0,0.0,0.0,1.0,0.0,0.0,0.0,0.0,0.0,0.0,0.0,0.0,0.0,0.0
151.0,Rob Roy (1995),Drama|Romance|War,145.0,"['Drama', 'Romance', 'War']",0.0,0.0,0.0,0.0,0.0,0.0,0.0,1.0,0.0,0.0,0.0,0.0,0.0,0.0,0.0,0.0,1.0,0.0
152.0,"Addiction, The (1995)",Horror,146.0,['Horror'],0.0,0.0,0.0,0.0,1.0,0.0,0.0,0.0,0.0,0.0,0.0,0.0,0.0,0.0,0.0,0.0,0.0,0.0
153.0,Batman Forever (1995),Action|Adventure|Comedy|Crime,147.0,"['Action', 'Adventure', 'Comedy', 'Crime']",0.0,0.0,0.0,0.0,1.0,0.0,0.0,0.0,0.0,0.0,0.0,0.0,0.0,0.0,0.0,0.0,1.0,0.0
154.0,Belle de jour (1967),Drama,148.0,['Drama'],0.0,1.0,0.0,1.0,0.0,0.0,0.0,0.0,0.0,0.0,0.0,0.0,0.0,0.0,0.0,0.0,0.0,0.0
155.0,Beyond Rangoon (1995),Drama|War,149.0,"['Drama', 'War']",0.0,0.0,0.0,0.0,0.0,0.0,0.0,1.0,0.0,0.0,0.0,0.0,0.0,0.0,0.0,0.0,0.0,0.0
156.0,Blue in the Face (1995),Comedy,150.0,['Comedy'],1.0,1.0,0.0,0.0,0.0,0.0,0.0,0.0,0.0,0.0,0.0,0.0,1.0,0.0,1.0,0.0,0.0,0.0
157.0,Canadian Bacon (1994),Comedy|War,151.0,"['Comedy', 'War']",0.0,0.0,0.0,0.0,0.0,0.0,0.0,1.0,0.0,0.0,0.0,0.0,0.0,0.0,0.0,1.0,1.0,0.0
158.0,Casper (1995),Adventure|Children's,152.0,"['Adventure', ""Children's""]",0.0,0.0,0.0,0.0,0.0,0.0,1.0,0.0,0.0,0.0,0.0,0.0,0.0,0.0,0.0,0.0,0.0,0.0
159.0,Clockers (1995),Drama,153.0,['Drama'],1.0,0.0,0.0,0.0,0.0,0.0,0.0,0.0,0.0,0.0,0.0,0.0,0.0,1.0,0.0,1.0,0.0,0.0
160.0,Congo (1995),Action|Adventure|Mystery|Sci-Fi,154.0,"['Action', 'Adventure', 'Mystery', 'Sci-Fi']",0.0,0.0,0.0,0.0,0.0,1.0,0.0,0.0,0.0,1.0,0.0,0.0,1.0,0.0,0.0,1.0,0.0,0.0
161.0,Crimson Tide (1995),Drama|Thriller|War,155.0,"['Drama', 'Thriller', 'War']",1.0,0.0,0.0,0.0,0.0,0.0,0.0,0.0,0.0,0.0,0.0,0.0,0.0,0.0,0.0,1.0,0.0,0.0
162.0,Crumb (1994),Documentary,156.0,['Documentary'],0.0,0.0,0.0,0.0,1.0,0.0,0.0,1.0,0.0,0.0,0.0,0.0,0.0,0.0,0.0,0.0,0.0,0.0
163.0,Desperado (1995),Action|Romance|Thriller,157.0,"['Action', 'Romance', 'Thriller']",0.0,0.0,0.0,0.0,0.0,0.0,0.0,1.0,0.0,0.0,0.0,0.0,0.0,0.0,0.0,0.0,0.0,0.0
164.0,Devil in a Blue Dress (1995),Crime|Film-Noir|Mystery|Thriller,158.0,"['Crime', 'Film-Noir', 'Mystery', 'Thriller']",1.0,1.0,0.0,0.0,0.0,0.0,0.0,1.0,0.0,0.0,0.0,0.0,0.0,1.0,0.0,0.0,0.0,0.0
165.0,Die Hard: With a Vengeance (1995),Action|Thriller,159.0,"['Action', 'Thriller']",0.0,1.0,0.0,1.0,0.0,0.0,0.0,1.0,0.0,0.0,0.0,0.0,0.0,0.0,0.0,0.0,0.0,0.0
166.0,"Doom Generation, The (1995)",Comedy|Drama,160.0,"['Comedy', 'Drama']",1.0,0.0,0.0,0.0,0.0,1.0,0.0,0.0,0.0,0.0,0.0,0.0,0.0,0.0,0.0,1.0,0.0,0.0
167.0,Feast of July (1995),Drama,161.0,['Drama'],0.0,0.0,0.0,0.0,1.0,0.0,0.0,0.0,0.0,0.0,0.0,0.0,0.0,0.0,0.0,0.0,0.0,0.0
168.0,First Knight (1995),Action|Adventure|Drama|Romance,162.0,"['Action', 'Adventure', 'Drama', 'Romance']",1.0,0.0,0.0,0.0,0.0,0.0,0.0,0.0,0.0,0.0,0.0,0.0,0.0,0.0,1.0,1.0,0.0,0.0
169.0,Free Willy 2: The Adventure Home (1995),Adventure|Children's|Drama,163.0,"['Adventure', ""Children's"", 'Drama']",1.0,1.0,0.0,0.0,0.0,0.0,0.0,0.0,0.0,0.0,0.0,0.0,0.0,0.0,1.0,0.0,0.0,0.0
170.0,Hackers (1995),Action|Crime|Thriller,164.0,"['Action', 'Crime', 'Thriller']",0.0,0.0,0.0,0.0,1.0,0.0,0.0,0.0,0.0,0.0,0.0,0.0,0.0,0.0,0.0,0.0,0.0,0.0
171.0,Jeffrey (1995),Comedy,165.0,['Comedy'],0.0,0.0,0.0,0.0,0.0,0.0,0.0,1.0,0.0,0.0,0.0,0.0,0.0,0.0,0.0,0.0,0.0,0.0
172.0,Johnny Mnemonic (1995),Action|Sci-Fi|Thriller,166.0,"['Action', 'Sci-Fi', 'Thriller']",0.0,0.0,0.0,0.0,1.0,0.0,0.0,0.0,0.0,0.0,0.0,0.0,0.0,0.0,0.0,0.0,0.0,0.0
173.0,Judge Dredd (1995),Action|Adventure|Sci-Fi,167.0,"['Action', 'Adventure', 'Sci-Fi']",0.0,0.0,0.0,0.0,0.0,0.0,0.0,0.0,0.0,0.0,1.0,0.0,0.0,0.0,0.0,0.0,0.0,0.0
174.0,Jury Duty (1995),Comedy,168.0,['Comedy'],0.0,0.0,0.0,0.0,1.0,0.0,0.0,0.0,0.0,0.0,0.0,0.0,0.0,0.0,0.0,0.0,0.0,0.0
175.0,Kids (1995),Drama,169.0,['Drama'],0.0,0.0,0.0,0.0,0.0,0.0,0.0,1.0,0.0,0.0,0.0,0.0,0.0,1.0,0.0,0.0,0.0,0.0
176.0,Living in Oblivion (1995),Comedy,170.0,['Comedy'],0.0,0.0,0.0,0.0,1.0,0.0,0.0,0.0,0.0,0.0,0.0,0.0,0.0,0.0,0.0,0.0,0.0,0.0
177.0,Lord of Illusions (1995),Horror,171.0,['Horror'],1.0,0.0,0.0,1.0,0.0,0.0,0.0,0.0,0.0,0.0,0.0,0.0,0.0,0.0,0.0,0.0,0.0,0.0
178.0,Love & Human Remains (1993),Comedy,172.0,['Comedy'],0.0,0.0,0.0,0.0,0.0,0.0,0.0,1.0,0.0,0.0,0.0,0.0,0.0,1.0,0.0,0.0,0.0,0.0
179.0,Mad Love (1995),Drama|Romance,173.0,"['Drama', 'Romance']",0.0,0.0,0.0,0.0,0.0,0.0,0.0,0.0,0.0,0.0,0.0,0.0,0.0,0.0,0.0,1.0,0.0,0.0
180.0,Mallrats (1995),Comedy,174.0,['Comedy'],0.0,0.0,0.0,0.0,0.0,0.0,0.0,1.0,0.0,0.0,0.0,0.0,0.0,0.0,0.0,0.0,0.0,0.0
181.0,Mighty Morphin Power Rangers: The Movie (1995),Action|Children's,175.0,"['Action', ""Children's""]",0.0,0.0,0.0,0.0,0.0,0.0,0.0,0.0,0.0,0.0,0.0,0.0,0.0,0.0,1.0,1.0,0.0,0.0
182.0,Moonlight and Valentino (1995),Drama|Romance,176.0,"['Drama', 'Romance']",0.0,0.0,0.0,0.0,1.0,0.0,0.0,0.0,0.0,0.0,0.0,0.0,0.0,0.0,0.0,0.0,0.0,0.0
183.0,Mute Witness (1994),Thriller,177.0,['Thriller'],0.0,0.0,0.0,0.0,1.0,0.0,0.0,0.0,0.0,0.0,0.0,0.0,0.0,0.0,0.0,0.0,0.0,0.0
184.0,Nadja (1994),Drama,178.0,['Drama'],0.0,0.0,0.0,0.0,0.0,0.0,0.0,0.0,0.0,0.0,1.0,0.0,0.0,0.0,0.0,0.0,0.0,0.0
185.0,"Net, The (1995)",Sci-Fi|Thriller,179.0,"['Sci-Fi', 'Thriller']",0.0,0.0,0.0,0.0,1.0,0.0,0.0,0.0,0.0,0.0,0.0,0.0,0.0,0.0,0.0,0.0,0.0,0.0
186.0,Nine Months (1995),Comedy,180.0,['Comedy'],0.0,0.0,0.0,0.0,0.0,0.0,0.0,0.0,0.0,0.0,0.0,0.0,0.0,0.0,0.0,1.0,0.0,0.0
187.0,Party Girl (1995),Comedy,181.0,['Comedy'],0.0,0.0,0.0,0.0,0.0,0.0,0.0,1.0,0.0,0.0,0.0,0.0,0.0,0.0,0.0,0.0,0.0,0.0
188.0,"Prophecy, The (1995)",Horror,182.0,['Horror'],0.0,0.0,0.0,0.0,0.0,0.0,1.0,0.0,0.0,0.0,0.0,0.0,0.0,0.0,0.0,0.0,0.0,0.0
189.0,Reckless (1995),Comedy,183.0,['Comedy'],0.0,0.0,0.0,0.0,0.0,0.0,0.0,1.0,0.0,0.0,0.0,0.0,0.0,0.0,0.0,0.0,0.0,0.0
190.0,Safe (1995),Thriller,184.0,['Thriller'],0.0,0.0,0.0,0.0,0.0,0.0,0.0,1.0,0.0,0.0,0.0,0.0,0.0,0.0,0.0,0.0,0.0,0.0
191.0,"Scarlet Letter, The (1995)",Drama,185.0,['Drama'],0.0,0.0,0.0,0.0,1.0,0.0,0.0,1.0,0.0,0.0,0.0,0.0,0.0,1.0,0.0,0.0,0.0,0.0
192.0,"Show, The (1995)",Documentary,186.0,['Documentary'],0.0,0.0,0.0,0.0,0.0,0.0,0.0,0.0,0.0,0.0,1.0,0.0,0.0,0.0,1.0,0.0,0.0,0.0
193.0,Showgirls (1995),Drama,187.0,['Drama'],0.0,0.0,0.0,0.0,0.0,0.0,0.0,1.0,0.0,0.0,0.0,0.0,0.0,0.0,0.0,0.0,0.0,0.0
194.0,Smoke (1995),Drama,188.0,['Drama'],1.0,0.0,0.0,0.0,0.0,1.0,0.0,0.0,0.0,0.0,0.0,0.0,0.0,0.0,1.0,0.0,0.0,0.0
195.0,Something to Talk About (1995),Comedy|Drama|Romance,189.0,"['Comedy', 'Drama', 'Romance']",0.0,0.0,0.0,0.0,0.0,0.0,0.0,1.0,0.0,0.0,0.0,1.0,0.0,0.0,0.0,0.0,0.0,0.0
196.0,Species (1995),Horror|Sci-Fi,190.0,"['Horror', 'Sci-Fi']",0.0,0.0,0.0,0.0,0.0,0.0,0.0,0.0,0.0,0.0,0.0,0.0,0.0,0.0,0.0,1.0,0.0,0.0
197.0,"Stars Fell on Henrietta, The (1995)",Drama,191.0,['Drama'],0.0,0.0,0.0,0.0,0.0,0.0,0.0,1.0,0.0,0.0,0.0,0.0,0.0,0.0,0.0,0.0,0.0,0.0
198.0,Strange Days (1995),Action|Crime|Sci-Fi,192.0,"['Action', 'Crime', 'Sci-Fi']",0.0,0.0,0.0,0.0,0.0,0.0,0.0,1.0,0.0,0.0,0.0,0.0,0.0,1.0,0.0,0.0,0.0,0.0
199.0,"Umbrellas of Cherbourg, The (Parapluies de Cherbourg, Les) (1964)",Drama|Musical,193.0,"['Drama', 'Musical']",0.0,0.0,0.0,0.0,1.0,0.0,0.0,0.0,0.0,0.0,0.0,0.0,0.0,0.0,0.0,0.0,0.0,0.0
200.0,"Tie That Binds, The (1995)",Thriller,194.0,['Thriller'],1.0,0.0,0.0,0.0,0.0,0.0,0.0,0.0,0.0,0.0,0.0,0.0,0.0,0.0,0.0,0.0,0.0,0.0
201.0,Three Wishes (1995),Drama,195.0,['Drama'],0.0,0.0,0.0,0.0,1.0,0.0,0.0,1.0,0.0,0.0,0.0,0.0,0.0,0.0,0.0,0.0,0.0,0.0
202.0,Total Eclipse (1995),Drama|Romance,196.0,"['Drama', 'Romance']",0.0,0.0,0.0,0.0,0.0,0.0,1.0,0.0,0.0,0.0,0.0,0.0,0.0,0.0,0.0,0.0,0.0,0.0
203.0,"To Wong Foo, Thanks for Everything! Julie Newmar (1995)",Comedy,197.0,['Comedy'],0.0,0.0,0.0,0.0,0.0,0.0,0.0,1.0,0.0,0.0,0.0,0.0,0.0,1.0,0.0,0.0,0.0,0.0
204.0,Under Siege 2: Dark Territory (1995),Action,198.0,['Action'],1.0,1.0,0.0,0.0,0.0,0.0,0.0,0.0,0.0,0.0,0.0,0.0,0.0,0.0,0.0,0.0,0.0,0.0
205.0,Unstrung Heroes (1995),Comedy|Drama,199.0,"['Comedy', 'Drama']",0.0,0.0,0.0,0.0,0.0,0.0,0.0,1.0,0.0,0.0,0.0,0.0,0.0,0.0,0.0,0.0,0.0,0.0
206.0,Unzipped (1995),Documentary,200.0,['Documentary'],0.0,0.0,0.0,0.0,0.0,0.0,0.0,0.0,0.0,0.0,0.0,0.0,0.0,0.0,0.0,0.0,0.0,1.0
207.0,"Walk in the Clouds, A (1995)",Drama|Romance,201.0,"['Drama', 'Romance']",0.0,0.0,0.0,0.0,0.0,0.0,0.0,1.0,0.0,0.0,0.0,0.0,0.0,0.0,0.0,0.0,0.0,0.0
208.0,Waterworld (1995),Action|Adventure,202.0,"['Action', 'Adventure']",0.0,0.0,0.0,0.0,1.0,0.0,0.0,0.0,0.0,0.0,0.0,0.0,0.0,0.0,0.0,0.0,0.0,0.0
209.0,White Man's Burden (1995),Drama,203.0,['Drama'],0.0,0.0,0.0,0.0,0.0,0.0,0.0,1.0,0.0,0.0,0.0,0.0,0.0,0.0,0.0,0.0,0.0,0.0
210.0,Wild Bill (1995),Western,204.0,['Western'],0.0,0.0,0.0,0.0,0.0,0.0,0.0,1.0,0.0,0.0,0.0,0.0,0.0,0.0,0.0,0.0,0.0,0.0
211.0,"Browning Version, The (1994)",Drama,205.0,['Drama'],0.0,0.0,0.0,0.0,0.0,0.0,0.0,1.0,0.0,0.0,0.0,0.0,0.0,1.0,0.0,0.0,0.0,0.0
212.0,Bushwhacked (1995),Comedy,206.0,['Comedy'],0.0,0.0,0.0,0.0,1.0,0.0,0.0,0.0,0.0,0.0,0.0,0.0,0.0,0.0,0.0,0.0,0.0,0.0
213.0,Burnt By the Sun (Utomlyonnye solntsem) (1994),Drama,207.0,['Drama'],0.0,0.0,0.0,0.0,0.0,0.0,0.0,1.0,0.0,0.0,0.0,0.0,0.0,0.0,0.0,1.0,0.0,0.0
214.0,Before the Rain (Pred dozhdot) (1994),Drama,208.0,['Drama'],0.0,0.0,0.0,0.0,1.0,0.0,0.0,1.0,0.0,0.0,0.0,0.0,0.0,0.0,0.0,0.0,0.0,0.0
215.0,Before Sunrise (1995),Drama|Romance,209.0,"['Drama', 'Romance']",0.0,0.0,0.0,0.0,0.0,0.0,0.0,1.0,0.0,0.0,0.0,0.0,0.0,0.0,0.0,0.0,0.0,0.0
216.0,Billy Madison (1995),Comedy,210.0,['Comedy'],0.0,0.0,0.0,0.0,0.0,0.0,0.0,0.0,0.0,0.0,1.0,0.0,0.0,0.0,0.0,0.0,0.0,0.0
217.0,"Babysitter, The (1995)",Drama|Thriller,211.0,"['Drama', 'Thriller']",0.0,0.0,0.0,0.0,0.0,0.0,0.0,1.0,0.0,0.0,0.0,0.0,0.0,1.0,0.0,0.0,0.0,0.0
218.0,Boys on the Side (1995),Comedy|Drama,212.0,"['Comedy', 'Drama']",0.0,0.0,0.0,0.0,1.0,0.0,0.0,0.0,0.0,0.0,0.0,0.0,0.0,0.0,0.0,0.0,0.0,0.0
219.0,"Cure, The (1995)",Drama,213.0,['Drama'],0.0,0.0,0.0,0.0,1.0,0.0,0.0,1.0,0.0,0.0,0.0,0.0,0.0,1.0,0.0,0.0,0.0,0.0
220.0,Castle Freak (1995),Horror,214.0,['Horror'],0.0,0.0,0.0,0.0,0.0,0.0,0.0,1.0,0.0,0.0,0.0,0.0,0.0,0.0,0.0,1.0,0.0,0.0
222.0,Circle of Friends (1995),Drama|Romance,215.0,"['Drama', 'Romance']",0.0,0.0,0.0,0.0,0.0,0.0,0.0,0.0,0.0,0.0,0.0,0.0,0.0,0.0,0.0,1.0,0.0,0.0
223.0,Clerks (1994),Comedy,216.0,['Comedy'],1.0,0.0,0.0,0.0,0.0,0.0,0.0,0.0,0.0,0.0,0.0,0.0,0.0,0.0,0.0,0.0,0.0,0.0
224.0,Don Juan DeMarco (1995),Comedy|Drama|Romance,217.0,"['Comedy', 'Drama', 'Romance']",0.0,0.0,0.0,0.0,1.0,0.0,0.0,0.0,0.0,0.0,0.0,0.0,0.0,0.0,0.0,0.0,0.0,0.0
225.0,Disclosure (1994),Drama|Thriller,218.0,"['Drama', 'Thriller']",0.0,0.0,0.0,0.0,0.0,0.0,0.0,1.0,0.0,0.0,0.0,0.0,0.0,0.0,0.0,1.0,0.0,0.0
226.0,Dream Man (1995),Thriller,219.0,['Thriller'],0.0,0.0,0.0,0.0,0.0,0.0,0.0,1.0,0.0,0.0,0.0,0.0,0.0,0.0,0.0,1.0,0.0,0.0
227.0,Drop Zone (1994),Action,220.0,['Action'],0.0,0.0,0.0,0.0,1.0,0.0,0.0,0.0,0.0,0.0,0.0,0.0,0.0,0.0,0.0,0.0,0.0,0.0
228.0,Destiny Turns on the Radio (1995),Comedy,221.0,['Comedy'],0.0,0.0,0.0,0.0,1.0,0.0,0.0,1.0,0.0,0.0,0.0,0.0,0.0,0.0,0.0,0.0,0.0,0.0
229.0,Death and the Maiden (1994),Drama|Thriller,222.0,"['Drama', 'Thriller']",0.0,0.0,0.0,0.0,0.0,0.0,0.0,1.0,0.0,0.0,0.0,0.0,0.0,0.0,0.0,0.0,0.0,0.0
230.0,Dolores Claiborne (1994),Drama|Thriller,223.0,"['Drama', 'Thriller']",0.0,0.0,0.0,0.0,1.0,0.0,0.0,0.0,0.0,0.0,0.0,0.0,0.0,0.0,0.0,0.0,0.0,0.0
231.0,Dumb & Dumber (1994),Comedy,224.0,['Comedy'],0.0,0.0,0.0,0.0,1.0,0.0,0.0,1.0,0.0,0.0,0.0,0.0,0.0,0.0,0.0,0.0,0.0,0.0
232.0,Eat Drink Man Woman (1994),Comedy|Drama,225.0,"['Comedy', 'Drama']",0.0,0.0,0.0,0.0,1.0,0.0,0.0,0.0,0.0,0.0,0.0,0.0,0.0,1.0,0.0,0.0,0.0,0.0
233.0,Exotica (1994),Drama,226.0,['Drama'],0.0,0.0,0.0,0.0,1.0,0.0,0.0,0.0,0.0,0.0,0.0,0.0,0.0,1.0,0.0,0.0,0.0,0.0
234.0,Exit to Eden (1994),Comedy,227.0,['Comedy'],0.0,1.0,0.0,1.0,0.0,0.0,0.0,0.0,0.0,0.0,0.0,0.0,0.0,0.0,0.0,0.0,0.0,0.0
235.0,Ed Wood (1994),Comedy|Drama,228.0,"['Comedy', 'Drama']",0.0,0.0,1.0,1.0,1.0,0.0,0.0,0.0,0.0,0.0,0.0,0.0,0.0,1.0,0.0,0.0,0.0,0.0
236.0,French Kiss (1995),Comedy|Romance,229.0,"['Comedy', 'Romance']",0.0,0.0,0.0,0.0,0.0,0.0,0.0,0.0,0.0,0.0,0.0,0.0,0.0,0.0,0.0,1.0,0.0,0.0
237.0,Forget Paris (1995),Comedy|Romance,230.0,"['Comedy', 'Romance']",0.0,0.0,0.0,1.0,0.0,0.0,0.0,1.0,0.0,0.0,0.0,0.0,0.0,0.0,0.0,0.0,0.0,0.0
238.0,Far From Home: The Adventures of Yellow Dog (1995),Adventure|Children's,231.0,"['Adventure', ""Children's""]",0.0,0.0,0.0,0.0,0.0,0.0,0.0,1.0,0.0,0.0,0.0,1.0,0.0,0.0,0.0,0.0,0.0,0.0
239.0,"Goofy Movie, A (1995)",Animation|Children's|Comedy|Romance,232.0,"['Animation', ""Children's"", 'Comedy', 'Romance']",0.0,0.0,0.0,0.0,1.0,0.0,0.0,0.0,0.0,0.0,0.0,0.0,0.0,0.0,0.0,0.0,0.0,0.0
240.0,Hideaway (1995),Thriller,233.0,['Thriller'],0.0,0.0,1.0,1.0,0.0,0.0,0.0,0.0,0.0,0.0,0.0,0.0,0.0,0.0,0.0,0.0,0.0,0.0
241.0,Fluke (1995),Children's|Drama,234.0,"[""Children's"", 'Drama']",0.0,0.0,0.0,0.0,0.0,1.0,0.0,1.0,0.0,0.0,0.0,0.0,0.0,0.0,0.0,0.0,0.0,0.0
242.0,Farinelli: il castrato (1994),Drama|Musical,235.0,"['Drama', 'Musical']",0.0,0.0,0.0,0.0,0.0,0.0,1.0,0.0,0.0,0.0,0.0,0.0,0.0,0.0,0.0,0.0,0.0,0.0
243.0,Gordy (1995),Comedy,236.0,['Comedy'],0.0,0.0,0.0,0.0,0.0,0.0,0.0,1.0,1.0,0.0,0.0,0.0,0.0,1.0,0.0,1.0,0.0,0.0
244.0,Gumby: The Movie (1995),Animation|Children's,237.0,"['Animation', ""Children's""]",0.0,0.0,0.0,0.0,1.0,0.0,0.0,0.0,0.0,0.0,0.0,0.0,0.0,0.0,0.0,0.0,0.0,0.0
245.0,"Glass Shield, The (1994)",Crime|Drama,238.0,"['Crime', 'Drama']",0.0,0.0,0.0,0.0,0.0,0.0,0.0,1.0,0.0,0.0,0.0,0.0,0.0,1.0,0.0,0.0,0.0,0.0
246.0,Hoop Dreams (1994),Documentary,239.0,['Documentary'],0.0,0.0,0.0,1.0,1.0,0.0,0.0,0.0,0.0,0.0,0.0,0.0,0.0,0.0,0.0,0.0,0.0,0.0
247.0,Heavenly Creatures (1994),Drama|Fantasy|Romance|Thriller,240.0,"['Drama', 'Fantasy', 'Romance', 'Thriller']",1.0,0.0,0.0,0.0,0.0,0.0,0.0,0.0,0.0,0.0,0.0,0.0,0.0,0.0,0.0,0.0,0.0,0.0
248.0,Houseguest (1994),Comedy,241.0,['Comedy'],0.0,0.0,0.0,0.0,1.0,0.0,0.0,0.0,0.0,0.0,0.0,0.0,0.0,1.0,0.0,0.0,0.0,0.0
249.0,Immortal Beloved (1994),Drama|Romance,242.0,"['Drama', 'Romance']",0.0,0.0,0.0,0.0,0.0,0.0,0.0,1.0,0.0,0.0,1.0,0.0,0.0,0.0,0.0,0.0,0.0,0.0
250.0,Heavyweights (1994),Children's|Comedy,243.0,"[""Children's"", 'Comedy']",0.0,0.0,0.0,0.0,0.0,0.0,0.0,1.0,0.0,0.0,0.0,0.0,0.0,0.0,0.0,0.0,0.0,0.0
251.0,"Hunted, The (1995)",Action,244.0,['Action'],0.0,0.0,0.0,0.0,1.0,0.0,0.0,0.0,0.0,0.0,0.0,0.0,0.0,0.0,0.0,0.0,0.0,0.0
252.0,I.Q. (1994),Comedy|Romance,245.0,"['Comedy', 'Romance']",0.0,0.0,0.0,0.0,1.0,0.0,0.0,0.0,0.0,0.0,0.0,0.0,0.0,0.0,1.0,0.0,0.0,0.0
253.0,Interview with the Vampire (1994),Drama|Horror,246.0,"['Drama', 'Horror']",0.0,0.0,0.0,0.0,0.0,0.0,0.0,0.0,0.0,0.0,0.0,0.0,1.0,0.0,0.0,1.0,0.0,0.0
254.0,Jefferson in Paris (1995),Drama,247.0,['Drama'],0.0,1.0,0.0,1.0,1.0,0.0,0.0,0.0,1.0,0.0,0.0,0.0,0.0,1.0,0.0,0.0,0.0,0.0
255.0,"Jerky Boys, The (1994)",Comedy,248.0,['Comedy'],0.0,0.0,0.0,0.0,0.0,1.0,0.0,1.0,0.0,0.0,0.0,0.0,0.0,0.0,0.0,1.0,0.0,0.0
256.0,Junior (1994),Comedy|Sci-Fi,249.0,"['Comedy', 'Sci-Fi']",1.0,1.0,0.0,0.0,0.0,0.0,0.0,0.0,1.0,0.0,0.0,0.0,0.0,0.0,1.0,0.0,0.0,0.0
257.0,Just Cause (1995),Mystery|Thriller,250.0,"['Mystery', 'Thriller']",0.0,0.0,0.0,0.0,0.0,0.0,0.0,1.0,0.0,0.0,0.0,0.0,0.0,0.0,0.0,0.0,0.0,0.0
258.0,"Kid in King Arthur's Court, A (1995)",Adventure|Children's|Comedy|Fantasy|Romance,251.0,"['Adventure', ""Children's"", 'Comedy', 'Fantasy', 'Romance']",0.0,0.0,0.0,1.0,0.0,0.0,0.0,1.0,0.0,0.0,0.0,0.0,0.0,0.0,0.0,0.0,0.0,0.0
259.0,Kiss of Death (1995),Crime|Drama|Thriller,252.0,"['Crime', 'Drama', 'Thriller']",0.0,0.0,0.0,0.0,0.0,0.0,0.0,1.0,0.0,0.0,0.0,0.0,0.0,0.0,0.0,0.0,0.0,0.0
260.0,Star Wars: Episode IV - A New Hope (1977),Action|Adventure|Fantasy|Sci-Fi,253.0,"['Action', 'Adventure', 'Fantasy', 'Sci-Fi']",0.0,0.0,0.0,0.0,0.0,0.0,0.0,1.0,0.0,0.0,0.0,0.0,0.0,0.0,0.0,0.0,0.0,0.0
261.0,Little Women (1994),Drama,254.0,['Drama'],0.0,0.0,0.0,0.0,0.0,0.0,0.0,1.0,0.0,0.0,0.0,0.0,0.0,1.0,0.0,0.0,0.0,0.0
262.0,"Little Princess, A (1995)",Children's|Drama,255.0,"[""Children's"", 'Drama']",0.0,0.0,0.0,0.0,0.0,0.0,0.0,1.0,0.0,0.0,0.0,0.0,0.0,1.0,0.0,0.0,1.0,1.0
263.0,Ladybird Ladybird (1994),Drama,256.0,['Drama'],0.0,0.0,0.0,0.0,1.0,0.0,0.0,0.0,0.0,0.0,0.0,0.0,0.0,0.0,0.0,0.0,0.0,0.0
264.0,"Enfer, L' (1994)",Drama,257.0,['Drama'],0.0,0.0,0.0,0.0,0.0,0.0,0.0,1.0,0.0,0.0,0.0,0.0,0.0,0.0,0.0,0.0,0.0,0.0
265.0,Like Water for Chocolate (Como agua para chocolate) (1992),Drama|Romance,258.0,"['Drama', 'Romance']",0.0,0.0,0.0,0.0,0.0,0.0,0.0,1.0,0.0,0.0,0.0,0.0,0.0,0.0,0.0,0.0,0.0,0.0
266.0,Legends of the Fall (1994),Drama|Romance|War|Western,259.0,"['Drama', 'Romance', 'War', 'Western']",0.0,0.0,0.0,0.0,0.0,0.0,0.0,1.0,0.0,0.0,0.0,0.0,0.0,1.0,0.0,0.0,0.0,0.0
267.0,Major Payne (1994),Comedy,260.0,['Comedy'],0.0,0.0,0.0,0.0,0.0,0.0,0.0,1.0,0.0,0.0,0.0,0.0,0.0,0.0,0.0,0.0,0.0,0.0
268.0,Little Odessa (1994),Drama,261.0,['Drama'],0.0,0.0,0.0,0.0,0.0,0.0,0.0,1.0,0.0,0.0,0.0,0.0,0.0,0.0,0.0,0.0,0.0,0.0
269.0,My Crazy Life (Mi vida loca) (1993),Drama,262.0,['Drama'],0.0,0.0,0.0,0.0,0.0,0.0,0.0,1.0,0.0,0.0,1.0,0.0,0.0,0.0,0.0,0.0,0.0,0.0
270.0,Love Affair (1994),Drama|Romance,263.0,"['Drama', 'Romance']",0.0,0.0,0.0,0.0,1.0,0.0,0.0,0.0,0.0,0.0,0.0,0.0,0.0,0.0,0.0,0.0,0.0,0.0
271.0,Losing Isaiah (1995),Drama,264.0,['Drama'],0.0,0.0,0.0,0.0,1.0,0.0,0.0,0.0,0.0,0.0,0.0,0.0,0.0,0.0,0.0,0.0,0.0,0.0
272.0,"Madness of King George, The (1994)",Drama,265.0,['Drama'],0.0,0.0,0.0,0.0,1.0,0.0,0.0,0.0,0.0,0.0,0.0,0.0,0.0,1.0,0.0,0.0,0.0,0.0
273.0,Mary Shelley's Frankenstein (1994),Drama|Horror,266.0,"['Drama', 'Horror']",0.0,0.0,0.0,0.0,0.0,0.0,0.0,1.0,0.0,0.0,0.0,0.0,0.0,0.0,0.0,0.0,0.0,0.0
274.0,Man of the House (1995),Comedy,267.0,['Comedy'],0.0,0.0,0.0,0.0,1.0,0.0,0.0,0.0,0.0,0.0,0.0,0.0,0.0,0.0,0.0,0.0,0.0,0.0
275.0,Mixed Nuts (1994),Comedy,268.0,['Comedy'],0.0,0.0,0.0,0.0,0.0,0.0,0.0,1.0,0.0,0.0,0.0,0.0,0.0,0.0,0.0,0.0,0.0,0.0
276.0,Milk Money (1994),Comedy|Romance,269.0,"['Comedy', 'Romance']",0.0,0.0,0.0,0.0,0.0,0.0,0.0,1.0,0.0,0.0,0.0,0.0,0.0,0.0,0.0,1.0,0.0,0.0
277.0,Miracle on 34th Street (1994),Drama,270.0,['Drama'],0.0,0.0,0.0,0.0,0.0,0.0,0.0,1.0,0.0,0.0,0.0,0.0,0.0,0.0,0.0,0.0,0.0,0.0
278.0,Miami Rhapsody (1995),Comedy,271.0,['Comedy'],0.0,0.0,0.0,0.0,0.0,0.0,0.0,1.0,0.0,0.0,0.0,0.0,0.0,0.0,0.0,0.0,0.0,0.0
279.0,My Family (1995),Drama,272.0,['Drama'],0.0,0.0,0.0,0.0,0.0,1.0,0.0,1.0,0.0,0.0,0.0,0.0,0.0,0.0,0.0,0.0,0.0,0.0
280.0,Murder in the First (1995),Drama|Thriller,273.0,"['Drama', 'Thriller']",1.0,0.0,0.0,0.0,0.0,0.0,0.0,0.0,0.0,0.0,0.0,0.0,0.0,0.0,1.0,1.0,0.0,0.0
281.0,Nobody's Fool (1994),Drama,274.0,['Drama'],0.0,0.0,0.0,0.0,1.0,0.0,0.0,0.0,0.0,0.0,0.0,0.0,0.0,1.0,0.0,0.0,0.0,0.0
282.0,Nell (1994),Drama,275.0,['Drama'],1.0,0.0,0.0,0.0,0.0,0.0,0.0,0.0,0.0,0.0,0.0,0.0,0.0,0.0,0.0,1.0,0.0,0.0
283.0,New Jersey Drive (1995),Crime|Drama,276.0,"['Crime', 'Drama']",0.0,0.0,0.0,0.0,1.0,0.0,0.0,0.0,0.0,0.0,0.0,0.0,0.0,1.0,0.0,0.0,0.0,0.0
286.0,Nemesis 2: Nebula (1995),Action|Sci-Fi|Thriller,277.0,"['Action', 'Sci-Fi', 'Thriller']",1.0,0.0,0.0,0.0,0.0,0.0,0.0,1.0,0.0,0.0,0.0,0.0,0.0,0.0,0.0,1.0,0.0,0.0
287.0,Nina Takes a Lover (1994),Comedy|Romance,278.0,"['Comedy', 'Romance']",0.0,0.0,0.0,0.0,0.0,1.0,0.0,1.0,0.0,0.0,0.0,0.0,0.0,1.0,0.0,1.0,0.0,0.0
288.0,Natural Born Killers (1994),Action|Thriller,279.0,"['Action', 'Thriller']",0.0,0.0,0.0,0.0,1.0,0.0,0.0,0.0,0.0,0.0,0.0,0.0,0.0,1.0,0.0,0.0,0.0,0.0
289.0,Only You (1994),Comedy|Romance,280.0,"['Comedy', 'Romance']",0.0,0.0,0.0,0.0,1.0,0.0,0.0,0.0,0.0,0.0,0.0,0.0,0.0,1.0,0.0,0.0,0.0,0.0
290.0,Once Were Warriors (1994),Crime|Drama,281.0,"['Crime', 'Drama']",0.0,0.0,0.0,0.0,0.0,1.0,0.0,1.0,0.0,0.0,0.0,0.0,0.0,0.0,0.0,0.0,0.0,0.0
291.0,Poison Ivy II (1995),Thriller,282.0,['Thriller'],0.0,0.0,0.0,0.0,0.0,0.0,0.0,1.0,0.0,0.0,0.0,0.0,0.0,0.0,0.0,0.0,0.0,0.0
292.0,Outbreak (1995),Action|Drama|Thriller,283.0,"['Action', 'Drama', 'Thriller']",0.0,0.0,0.0,0.0,1.0,0.0,0.0,0.0,0.0,0.0,0.0,0.0,0.0,0.0,0.0,0.0,0.0,0.0
293.0,"Professional, The (a.k.a. Leon: The Professional) (1994)",Crime|Drama|Romance|Thriller,284.0,"['Crime', 'Drama', 'Romance', 'Thriller']",0.0,0.0,0.0,0.0,0.0,0.0,0.0,1.0,0.0,0.0,0.0,0.0,0.0,0.0,0.0,0.0,0.0,0.0
294.0,"Perez Family, The (1995)",Comedy|Romance,285.0,"['Comedy', 'Romance']",0.0,0.0,0.0,0.0,0.0,0.0,0.0,1.0,0.0,0.0,0.0,0.0,0.0,0.0,0.0,0.0,0.0,0.0
295.0,"Pyromaniac's Love Story, A (1995)",Comedy|Romance,286.0,"['Comedy', 'Romance']",0.0,0.0,0.0,0.0,0.0,0.0,0.0,1.0,0.0,0.0,0.0,0.0,0.0,1.0,0.0,0.0,0.0,0.0
296.0,Pulp Fiction (1994),Crime|Drama,287.0,"['Crime', 'Drama']",0.0,0.0,0.0,0.0,0.0,0.0,0.0,1.0,0.0,0.0,0.0,0.0,0.0,1.0,0.0,0.0,0.0,0.0
297.0,Panther (1995),Drama,288.0,['Drama'],1.0,1.0,0.0,0.0,0.0,0.0,0.0,0.0,0.0,0.0,0.0,0.0,0.0,0.0,0.0,0.0,0.0,1.0
298.0,Pushing Hands (1992),Comedy,289.0,['Comedy'],0.0,0.0,0.0,0.0,1.0,0.0,0.0,1.0,0.0,0.0,0.0,0.0,0.0,0.0,0.0,0.0,0.0,0.0
299.0,Priest (1994),Drama,290.0,['Drama'],0.0,0.0,0.0,0.0,1.0,0.0,0.0,0.0,0.0,0.0,0.0,0.0,0.0,0.0,0.0,0.0,0.0,0.0
300.0,Quiz Show (1994),Drama,291.0,['Drama'],0.0,0.0,0.0,0.0,0.0,0.0,0.0,1.0,0.0,0.0,0.0,0.0,0.0,0.0,0.0,0.0,0.0,0.0
301.0,Picture Bride (1995),Drama|Romance,292.0,"['Drama', 'Romance']",0.0,0.0,0.0,0.0,0.0,0.0,0.0,1.0,0.0,0.0,0.0,0.0,0.0,0.0,0.0,0.0,0.0,0.0
302.0,Queen Margot (La Reine Margot) (1994),Drama|Romance,293.0,"['Drama', 'Romance']",0.0,0.0,0.0,0.0,0.0,0.0,0.0,1.0,0.0,0.0,0.0,0.0,0.0,0.0,0.0,0.0,0.0,0.0
303.0,"Quick and the Dead, The (1995)",Action|Adventure|Western,294.0,"['Action', 'Adventure', 'Western']",0.0,0.0,0.0,0.0,0.0,0.0,0.0,1.0,0.0,0.0,0.0,0.0,0.0,0.0,0.0,0.0,0.0,0.0
304.0,Roommates (1995),Comedy|Drama,295.0,"['Comedy', 'Drama']",0.0,0.0,0.0,0.0,1.0,0.0,0.0,0.0,0.0,0.0,0.0,0.0,0.0,0.0,0.0,0.0,0.0,0.0
305.0,Ready to Wear (Pret-A-Porter) (1994),Comedy,296.0,['Comedy'],0.0,0.0,0.0,0.0,0.0,0.0,0.0,0.0,0.0,0.0,1.0,0.0,0.0,0.0,0.0,1.0,0.0,0.0
306.0,Three Colors: Red (1994),Drama,297.0,['Drama'],0.0,0.0,0.0,0.0,1.0,0.0,0.0,0.0,0.0,0.0,0.0,0.0,0.0,0.0,0.0,0.0,0.0,0.0
307.0,Three Colors: Blue (1993),Drama,298.0,['Drama'],0.0,0.0,1.0,1.0,0.0,0.0,0.0,0.0,0.0,0.0,0.0,0.0,0.0,0.0,0.0,0.0,0.0,0.0
308.0,Three Colors: White (1994),Drama,299.0,['Drama'],0.0,0.0,0.0,0.0,0.0,0.0,0.0,1.0,0.0,0.0,0.0,0.0,0.0,0.0,0.0,0.0,0.0,0.0
309.0,"Red Firecracker, Green Firecracker (1994)",Drama,300.0,['Drama'],1.0,0.0,0.0,0.0,0.0,0.0,0.0,0.0,0.0,0.0,0.0,0.0,0.0,0.0,0.0,0.0,0.0,0.0
310.0,Rent-a-Kid (1995),Comedy,301.0,['Comedy'],1.0,1.0,0.0,0.0,0.0,0.0,0.0,0.0,0.0,0.0,0.0,0.0,0.0,0.0,1.0,0.0,0.0,0.0
311.0,Relative Fear (1994),Horror|Thriller,302.0,"['Horror', 'Thriller']",0.0,0.0,0.0,1.0,1.0,0.0,0.0,0.0,1.0,0.0,0.0,0.0,0.0,0.0,0.0,0.0,0.0,0.0
312.0,Stuart Saves His Family (1995),Comedy,303.0,['Comedy'],0.0,0.0,0.0,0.0,0.0,0.0,0.0,1.0,0.0,0.0,0.0,0.0,0.0,0.0,0.0,0.0,0.0,0.0
313.0,"Swan Princess, The (1994)",Animation|Children's,304.0,"['Animation', ""Children's""]",0.0,0.0,0.0,0.0,0.0,0.0,0.0,0.0,0.0,0.0,0.0,0.0,0.0,0.0,0.0,1.0,0.0,0.0
314.0,"Secret of Roan Inish, The (1994)",Drama,305.0,['Drama'],0.0,0.0,0.0,0.0,0.0,0.0,0.0,0.0,0.0,1.0,0.0,0.0,0.0,0.0,0.0,1.0,0.0,0.0
315.0,"Specialist, The (1994)",Action,306.0,['Action'],0.0,0.0,0.0,0.0,0.0,0.0,0.0,1.0,0.0,0.0,0.0,0.0,0.0,0.0,0.0,0.0,0.0,0.0
316.0,Stargate (1994),Action|Adventure|Sci-Fi,307.0,"['Action', 'Adventure', 'Sci-Fi']",0.0,0.0,0.0,0.0,1.0,0.0,0.0,1.0,0.0,0.0,0.0,0.0,0.0,0.0,0.0,0.0,0.0,0.0
317.0,"Santa Clause, The (1994)",Children's|Comedy|Fantasy,308.0,"[""Children's"", 'Comedy', 'Fantasy']",0.0,0.0,0.0,0.0,1.0,0.0,0.0,0.0,0.0,0.0,0.0,0.0,0.0,0.0,0.0,0.0,0.0,0.0
318.0,"Shawshank Redemption, The (1994)",Drama,309.0,['Drama'],0.0,0.0,0.0,0.0,1.0,0.0,0.0,0.0,0.0,0.0,0.0,0.0,0.0,0.0,0.0,0.0,0.0,0.0
319.0,Shallow Grave (1994),Thriller,310.0,['Thriller'],0.0,0.0,0.0,0.0,0.0,0.0,0.0,1.0,0.0,0.0,0.0,0.0,0.0,0.0,0.0,0.0,0.0,0.0
320.0,Suture (1993),Film-Noir|Thriller,311.0,"['Film-Noir', 'Thriller']",1.0,0.0,0.0,0.0,1.0,0.0,0.0,0.0,0.0,0.0,0.0,1.0,0.0,0.0,1.0,0.0,0.0,0.0
321.0,Strawberry and Chocolate (Fresa y chocolate) (1993),Drama,312.0,['Drama'],0.0,0.0,0.0,0.0,0.0,0.0,0.0,0.0,0.0,0.0,1.0,0.0,0.0,0.0,0.0,0.0,0.0,0.0
322.0,Swimming with Sharks (1995),Comedy|Drama,313.0,"['Comedy', 'Drama']",1.0,1.0,0.0,0.0,0.0,0.0,0.0,0.0,0.0,0.0,0.0,0.0,0.0,0.0,1.0,0.0,0.0,0.0
324.0,"Sum of Us, The (1994)",Comedy,314.0,['Comedy'],0.0,0.0,0.0,0.0,1.0,0.0,0.0,0.0,0.0,0.0,1.0,0.0,0.0,0.0,0.0,0.0,0.0,0.0
325.0,National Lampoon's Senior Trip (1995),Comedy,315.0,['Comedy'],0.0,0.0,0.0,0.0,0.0,0.0,0.0,1.0,0.0,0.0,0.0,0.0,0.0,0.0,0.0,0.0,0.0,0.0
326.0,To Live (Huozhe) (1994),Drama,316.0,['Drama'],0.0,0.0,0.0,0.0,0.0,0.0,0.0,0.0,0.0,0.0,1.0,0.0,0.0,0.0,1.0,0.0,0.0,0.0
327.0,Tank Girl (1995),Action|Comedy|Musical|Sci-Fi,317.0,"['Action', 'Comedy', 'Musical', 'Sci-Fi']",0.0,0.0,0.0,0.0,1.0,0.0,0.0,0.0,0.0,0.0,0.0,0.0,0.0,0.0,0.0,0.0,0.0,0.0
328.0,Tales From the Crypt Presents: Demon Knight (1995),Horror,318.0,['Horror'],0.0,0.0,0.0,0.0,0.0,0.0,0.0,1.0,0.0,0.0,0.0,0.0,0.0,0.0,0.0,0.0,0.0,0.0
329.0,Star Trek: Generations (1994),Action|Adventure|Sci-Fi,319.0,"['Action', 'Adventure', 'Sci-Fi']",0.0,0.0,0.0,0.0,0.0,0.0,0.0,0.0,0.0,0.0,0.0,0.0,1.0,0.0,0.0,1.0,0.0,0.0
330.0,Tales from the Hood (1995),Comedy|Horror,320.0,"['Comedy', 'Horror']",0.0,0.0,0.0,0.0,0.0,0.0,0.0,1.0,0.0,0.0,0.0,0.0,0.0,0.0,0.0,0.0,1.0,0.0
331.0,Tom & Viv (1994),Drama,321.0,['Drama'],0.0,0.0,0.0,0.0,0.0,0.0,0.0,1.0,0.0,0.0,0.0,0.0,0.0,0.0,0.0,0.0,0.0,0.0
332.0,Village of the Damned (1995),Horror|Sci-Fi,322.0,"['Horror', 'Sci-Fi']",0.0,0.0,0.0,0.0,0.0,0.0,0.0,0.0,0.0,0.0,0.0,0.0,0.0,0.0,1.0,1.0,0.0,0.0
333.0,Tommy Boy (1995),Comedy,323.0,['Comedy'],0.0,0.0,0.0,0.0,1.0,0.0,0.0,0.0,0.0,0.0,0.0,0.0,0.0,1.0,0.0,0.0,0.0,0.0
334.0,Vanya on 42nd Street (1994),Drama,324.0,['Drama'],0.0,1.0,0.0,0.0,0.0,0.0,0.0,1.0,0.0,0.0,0.0,0.0,0.0,0.0,0.0,0.0,0.0,0.0
335.0,"Underneath, The (1995)",Mystery|Thriller,325.0,"['Mystery', 'Thriller']",0.0,0.0,0.0,0.0,0.0,0.0,0.0,1.0,0.0,0.0,0.0,0.0,0.0,0.0,0.0,0.0,0.0,0.0
336.0,"Walking Dead, The (1995)",Drama|War,326.0,"['Drama', 'War']",0.0,0.0,0.0,0.0,1.0,0.0,0.0,0.0,0.0,0.0,0.0,0.0,0.0,1.0,0.0,0.0,0.0,0.0
337.0,What's Eating Gilbert Grape (1993),Drama,327.0,['Drama'],0.0,0.0,0.0,1.0,0.0,0.0,0.0,0.0,0.0,0.0,0.0,0.0,0.0,0.0,0.0,0.0,0.0,0.0
338.0,Virtuosity (1995),Sci-Fi|Thriller,328.0,"['Sci-Fi', 'Thriller']",0.0,0.0,0.0,0.0,1.0,0.0,0.0,0.0,0.0,0.0,0.0,0.0,0.0,0.0,0.0,0.0,0.0,0.0
339.0,While You Were Sleeping (1995),Comedy|Romance,329.0,"['Comedy', 'Romance']",0.0,0.0,0.0,0.0,1.0,0.0,0.0,1.0,0.0,0.0,0.0,0.0,0.0,0.0,0.0,0.0,0.0,0.0
340.0,"War, The (1994)",Adventure|Drama,330.0,"['Adventure', 'Drama']",0.0,0.0,0.0,0.0,0.0,0.0,0.0,1.0,0.0,0.0,0.0,1.0,0.0,0.0,0.0,0.0,0.0,0.0
341.0,Double Happiness (1994),Drama,331.0,['Drama'],0.0,0.0,0.0,0.0,0.0,0.0,0.0,1.0,0.0,0.0,0.0,0.0,0.0,0.0,0.0,0.0,0.0,0.0
342.0,Muriel's Wedding (1994),Comedy|Romance,332.0,"['Comedy', 'Romance']",0.0,0.0,0.0,0.0,1.0,0.0,0.0,0.0,0.0,0.0,0.0,0.0,0.0,0.0,0.0,0.0,0.0,0.0
343.0,"Baby-Sitters Club, The (1995)",Children's,333.0,"[""Children's""]",1.0,1.0,0.0,0.0,0.0,0.0,0.0,0.0,0.0,0.0,0.0,0.0,0.0,0.0,0.0,1.0,0.0,0.0
344.0,Ace Ventura: Pet Detective (1994),Comedy,334.0,['Comedy'],0.0,0.0,0.0,0.0,0.0,0.0,0.0,1.0,0.0,0.0,0.0,0.0,1.0,0.0,0.0,1.0,0.0,0.0
345.0,"Adventures of Priscilla, Queen of the Desert, The (1994)",Comedy|Drama,335.0,"['Comedy', 'Drama']",0.0,0.0,0.0,0.0,1.0,0.0,0.0,1.0,0.0,0.0,0.0,0.0,0.0,1.0,0.0,0.0,0.0,0.0
346.0,Backbeat (1993),Drama|Musical,336.0,"['Drama', 'Musical']",0.0,0.0,0.0,0.0,1.0,0.0,0.0,0.0,0.0,0.0,0.0,0.0,0.0,0.0,0.0,0.0,0.0,0.0
347.0,Bitter Moon (1992),Drama,337.0,['Drama'],1.0,0.0,0.0,0.0,0.0,0.0,0.0,0.0,0.0,0.0,0.0,0.0,0.0,1.0,0.0,1.0,0.0,0.0
348.0,Bullets Over Broadway (1994),Comedy,338.0,['Comedy'],0.0,0.0,0.0,0.0,0.0,0.0,0.0,1.0,0.0,0.0,0.0,0.0,0.0,0.0,0.0,0.0,0.0,0.0
349.0,Clear and Present Danger (1994),Action|Adventure|Thriller,339.0,"['Action', 'Adventure', 'Thriller']",0.0,0.0,0.0,1.0,1.0,0.0,0.0,0.0,0.0,0.0,0.0,0.0,0.0,0.0,0.0,0.0,0.0,0.0
350.0,"Client, The (1994)",Drama|Mystery|Thriller,340.0,"['Drama', 'Mystery', 'Thriller']",0.0,0.0,0.0,0.0,1.0,0.0,0.0,0.0,0.0,0.0,0.0,0.0,0.0,1.0,0.0,0.0,1.0,0.0
351.0,"Corrina, Corrina (1994)",Comedy|Drama|Romance,341.0,"['Comedy', 'Drama', 'Romance']",0.0,0.0,0.0,0.0,1.0,0.0,0.0,0.0,0.0,0.0,0.0,0.0,0.0,1.0,0.0,0.0,0.0,0.0
352.0,Crooklyn (1994),Comedy,342.0,['Comedy'],0.0,0.0,0.0,0.0,0.0,0.0,0.0,1.0,0.0,0.0,0.0,0.0,0.0,0.0,0.0,0.0,0.0,0.0
353.0,"Crow, The (1994)",Action|Romance|Thriller,343.0,"['Action', 'Romance', 'Thriller']",0.0,0.0,0.0,0.0,1.0,0.0,0.0,1.0,0.0,0.0,0.0,0.0,0.0,1.0,0.0,0.0,0.0,0.0
354.0,Cobb (1994),Drama,344.0,['Drama'],1.0,0.0,0.0,0.0,1.0,0.0,0.0,0.0,0.0,0.0,0.0,0.0,0.0,0.0,0.0,0.0,0.0,0.0
355.0,"Flintstones, The (1994)",Children's|Comedy,345.0,"[""Children's"", 'Comedy']",0.0,0.0,0.0,0.0,0.0,0.0,0.0,1.0,0.0,0.0,0.0,0.0,0.0,1.0,0.0,0.0,0.0,0.0
356.0,Forrest Gump (1994),Comedy|Romance|War,346.0,"['Comedy', 'Romance', 'War']",0.0,1.0,0.0,1.0,0.0,0.0,0.0,0.0,0.0,0.0,0.0,0.0,0.0,1.0,0.0,0.0,0.0,0.0
357.0,Four Weddings and a Funeral (1994),Comedy|Romance,347.0,"['Comedy', 'Romance']",0.0,0.0,0.0,0.0,0.0,0.0,1.0,0.0,0.0,0.0,0.0,0.0,0.0,0.0,0.0,0.0,0.0,0.0
358.0,Higher Learning (1995),Drama,348.0,['Drama'],0.0,0.0,1.0,1.0,0.0,0.0,0.0,0.0,0.0,0.0,0.0,1.0,0.0,0.0,0.0,0.0,0.0,0.0
359.0,I Like It Like That (1994),Comedy|Drama|Romance,349.0,"['Comedy', 'Drama', 'Romance']",0.0,0.0,0.0,0.0,0.0,0.0,0.0,1.0,0.0,0.0,0.0,0.0,0.0,0.0,0.0,0.0,0.0,0.0
360.0,I Love Trouble (1994),Action|Comedy,350.0,"['Action', 'Comedy']",0.0,0.0,0.0,0.0,0.0,0.0,0.0,0.0,0.0,0.0,1.0,0.0,0.0,0.0,0.0,0.0,0.0,0.0
361.0,It Could Happen to You (1994),Drama|Romance,351.0,"['Drama', 'Romance']",0.0,0.0,0.0,0.0,1.0,1.0,0.0,0.0,1.0,0.0,0.0,0.0,0.0,0.0,0.0,0.0,0.0,0.0
362.0,"Jungle Book, The (1994)",Adventure|Children's|Romance,352.0,"['Adventure', ""Children's"", 'Romance']",1.0,0.0,0.0,0.0,1.0,0.0,0.0,0.0,0.0,0.0,0.0,0.0,0.0,0.0,0.0,0.0,0.0,1.0
363.0,"Wonderful, Horrible Life of Leni Riefenstahl, The (Die Macht der Bilder) (1993)",Documentary,353.0,['Documentary'],0.0,0.0,0.0,0.0,0.0,0.0,0.0,1.0,0.0,0.0,0.0,0.0,0.0,0.0,0.0,0.0,0.0,0.0
364.0,"Lion King, The (1994)",Animation|Children's|Musical,354.0,"['Animation', ""Children's"", 'Musical']",0.0,0.0,0.0,0.0,1.0,0.0,0.0,0.0,0.0,0.0,0.0,0.0,0.0,0.0,0.0,0.0,0.0,0.0
365.0,Little Buddha (1993),Drama,355.0,['Drama'],0.0,0.0,0.0,0.0,1.0,0.0,0.0,1.0,0.0,0.0,0.0,0.0,0.0,0.0,0.0,0.0,0.0,0.0
366.0,Wes Craven's New Nightmare (1994),Horror,356.0,['Horror'],0.0,0.0,0.0,0.0,1.0,0.0,0.0,1.0,0.0,0.0,0.0,0.0,0.0,0.0,0.0,0.0,0.0,0.0
367.0,"Mask, The (1994)",Comedy|Crime|Fantasy,357.0,"['Comedy', 'Crime', 'Fantasy']",0.0,0.0,0.0,0.0,0.0,0.0,0.0,0.0,0.0,0.0,0.0,0.0,0.0,0.0,0.0,1.0,0.0,0.0
368.0,Maverick (1994),Action|Comedy|Western,358.0,"['Action', 'Comedy', 'Western']",0.0,0.0,0.0,1.0,1.0,0.0,0.0,0.0,0.0,0.0,0.0,0.0,0.0,0.0,0.0,0.0,0.0,0.0
369.0,Mrs. Parker and the Vicious Circle (1994),Drama,359.0,['Drama'],0.0,0.0,0.0,0.0,0.0,0.0,0.0,1.0,0.0,0.0,0.0,0.0,0.0,0.0,0.0,0.0,0.0,0.0
370.0,Naked Gun 33 1/3: The Final Insult (1994),Comedy,360.0,['Comedy'],1.0,0.0,0.0,0.0,0.0,0.0,0.0,0.0,0.0,0.0,0.0,0.0,0.0,0.0,0.0,1.0,0.0,0.0
371.0,"Paper, The (1994)",Comedy|Drama,361.0,"['Comedy', 'Drama']",1.0,0.0,0.0,0.0,0.0,0.0,0.0,0.0,0.0,0.0,0.0,0.0,0.0,1.0,0.0,1.0,0.0,0.0
372.0,Reality Bites (1994),Comedy|Drama,362.0,"['Comedy', 'Drama']",0.0,0.0,0.0,0.0,1.0,0.0,0.0,0.0,0.0,0.0,0.0,0.0,0.0,1.0,0.0,0.0,0.0,0.0
373.0,Red Rock West (1992),Thriller,363.0,['Thriller'],1.0,0.0,0.0,0.0,0.0,0.0,0.0,0.0,0.0,0.0,0.0,0.0,0.0,0.0,1.0,0.0,0.0,0.0
374.0,Richie Rich (1994),Children's|Comedy,364.0,"[""Children's"", 'Comedy']",1.0,1.0,0.0,0.0,1.0,0.0,0.0,0.0,0.0,0.0,0.0,0.0,0.0,1.0,0.0,0.0,0.0,0.0
375.0,Safe Passage (1994),Drama,365.0,['Drama'],0.0,0.0,0.0,0.0,0.0,0.0,0.0,1.0,0.0,0.0,0.0,0.0,0.0,0.0,0.0,0.0,0.0,0.0
376.0,"River Wild, The (1994)",Action|Thriller,366.0,"['Action', 'Thriller']",0.0,0.0,0.0,0.0,0.0,0.0,0.0,1.0,0.0,0.0,1.0,0.0,0.0,0.0,0.0,0.0,0.0,0.0
377.0,Speed (1994),Action|Romance|Thriller,367.0,"['Action', 'Romance', 'Thriller']",0.0,0.0,0.0,0.0,0.0,0.0,0.0,0.0,0.0,0.0,0.0,0.0,0.0,0.0,0.0,0.0,0.0,1.0
378.0,Speechless (1994),Comedy|Romance,368.0,"['Comedy', 'Romance']",1.0,0.0,0.0,0.0,0.0,0.0,0.0,0.0,0.0,0.0,0.0,0.0,0.0,0.0,0.0,0.0,0.0,0.0
379.0,Timecop (1994),Action|Sci-Fi,369.0,"['Action', 'Sci-Fi']",0.0,0.0,0.0,0.0,0.0,0.0,0.0,1.0,0.0,0.0,0.0,0.0,0.0,0.0,0.0,0.0,0.0,0.0
380.0,True Lies (1994),Action|Adventure|Comedy|Romance,370.0,"['Action', 'Adventure', 'Comedy', 'Romance']",0.0,0.0,0.0,0.0,0.0,0.0,0.0,1.0,0.0,0.0,0.0,0.0,0.0,0.0,0.0,0.0,0.0,0.0
381.0,When a Man Loves a Woman (1994),Drama,371.0,['Drama'],1.0,0.0,0.0,0.0,1.0,0.0,0.0,0.0,0.0,0.0,0.0,0.0,0.0,0.0,0.0,0.0,0.0,0.0
382.0,Wolf (1994),Drama|Horror,372.0,"['Drama', 'Horror']",0.0,0.0,0.0,0.0,0.0,0.0,0.0,1.0,0.0,0.0,0.0,0.0,0.0,0.0,0.0,0.0,0.0,0.0
383.0,Wyatt Earp (1994),Western,373.0,['Western'],0.0,0.0,0.0,0.0,0.0,0.0,0.0,1.0,0.0,0.0,0.0,0.0,0.0,1.0,0.0,0.0,1.0,0.0
384.0,Bad Company (1995),Action,374.0,['Action'],1.0,0.0,0.0,0.0,1.0,0.0,0.0,1.0,0.0,0.0,0.0,0.0,0.0,0.0,0.0,0.0,0.0,0.0
385.0,"Man of No Importance, A (1994)",Drama,375.0,['Drama'],0.0,0.0,0.0,0.0,0.0,1.0,0.0,1.0,0.0,0.0,0.0,0.0,0.0,0.0,0.0,0.0,0.0,0.0
386.0,S.F.W. (1994),Drama,376.0,['Drama'],0.0,1.0,0.0,1.0,0.0,0.0,0.0,0.0,0.0,0.0,0.0,0.0,0.0,0.0,0.0,0.0,0.0,0.0
387.0,"Low Down Dirty Shame, A (1994)",Action|Comedy,377.0,"['Action', 'Comedy']",1.0,0.0,0.0,0.0,0.0,0.0,0.0,0.0,0.0,0.0,0.0,0.0,0.0,0.0,0.0,0.0,0.0,0.0
388.0,Boys Life (1995),Drama,378.0,['Drama'],1.0,0.0,0.0,0.0,0.0,0.0,0.0,0.0,0.0,0.0,0.0,0.0,0.0,0.0,0.0,0.0,0.0,0.0
389.0,"Colonel Chabert, Le (1994)",Drama|Romance|War,379.0,"['Drama', 'Romance', 'War']",0.0,0.0,0.0,0.0,0.0,0.0,0.0,1.0,0.0,0.0,0.0,0.0,0.0,0.0,0.0,0.0,0.0,0.0
390.0,Faster Pussycat! Kill! Kill! (1965),Action|Comedy|Drama,380.0,"['Action', 'Comedy', 'Drama']",0.0,0.0,0.0,0.0,0.0,0.0,0.0,0.0,0.0,0.0,1.0,0.0,0.0,0.0,0.0,0.0,0.0,0.0
391.0,Jason's Lyric (1994),Crime|Drama,381.0,"['Crime', 'Drama']",0.0,0.0,0.0,0.0,0.0,0.0,1.0,0.0,0.0,0.0,0.0,0.0,0.0,0.0,0.0,0.0,0.0,0.0
392.0,"Secret Adventures of Tom Thumb, The (1993)",Adventure|Children's,382.0,"['Adventure', ""Children's""]",1.0,0.0,0.0,0.0,0.0,0.0,0.0,0.0,0.0,0.0,0.0,0.0,0.0,0.0,0.0,1.0,0.0,0.0
393.0,Street Fighter (1994),Action,383.0,['Action'],0.0,0.0,0.0,0.0,1.0,0.0,0.0,0.0,0.0,0.0,0.0,0.0,0.0,0.0,0.0,0.0,0.0,0.0
394.0,Coldblooded (1995),Action,384.0,['Action'],0.0,0.0,0.0,0.0,0.0,0.0,1.0,0.0,0.0,0.0,0.0,0.0,0.0,0.0,0.0,0.0,0.0,0.0
396.0,Fall Time (1995),Drama,385.0,['Drama'],0.0,0.0,0.0,0.0,0.0,0.0,0.0,1.0,0.0,0.0,0.0,0.0,0.0,0.0,0.0,0.0,0.0,0.0
397.0,"Fear, The (1995)",Horror,386.0,['Horror'],0.0,0.0,0.0,0.0,0.0,0.0,0.0,0.0,0.0,0.0,1.0,0.0,0.0,0.0,0.0,1.0,0.0,0.0
398.0,Frank and Ollie (1995),Documentary,387.0,['Documentary'],0.0,0.0,0.0,0.0,0.0,0.0,0.0,1.0,0.0,0.0,0.0,0.0,0.0,0.0,0.0,0.0,0.0,0.0
401.0,Mirage (1995),Action|Thriller,388.0,"['Action', 'Thriller']",0.0,0.0,0.0,0.0,1.0,0.0,0.0,0.0,0.0,0.0,0.0,0.0,0.0,0.0,0.0,0.0,0.0,0.0
402.0,Open Season (1996),Comedy,389.0,['Comedy'],0.0,0.0,0.0,0.0,0.0,0.0,0.0,1.0,0.0,0.0,0.0,0.0,0.0,0.0,0.0,0.0,0.0,0.0
404.0,Brother Minister: The Assassination of Malcolm X (1994),Documentary,390.0,['Documentary'],0.0,0.0,0.0,0.0,1.0,0.0,0.0,0.0,0.0,0.0,0.0,0.0,0.0,0.0,0.0,0.0,0.0,0.0
405.0,Highlander III: The Sorcerer (1994),Action|Sci-Fi,391.0,"['Action', 'Sci-Fi']",0.0,0.0,0.0,0.0,1.0,0.0,0.0,0.0,0.0,0.0,0.0,0.0,0.0,0.0,0.0,1.0,0.0,0.0
406.0,Federal Hill (1994),Drama,392.0,['Drama'],0.0,0.0,0.0,0.0,0.0,0.0,0.0,0.0,0.0,0.0,0.0,0.0,0.0,0.0,0.0,0.0,0.0,1.0
407.0,In the Mouth of Madness (1995),Horror|Thriller,393.0,"['Horror', 'Thriller']",0.0,0.0,0.0,0.0,1.0,0.0,0.0,0.0,0.0,0.0,0.0,0.0,0.0,1.0,0.0,0.0,0.0,0.0
408.0,8 Seconds (1994),Drama,394.0,['Drama'],0.0,0.0,0.0,0.0,0.0,0.0,0.0,1.0,0.0,0.0,0.0,0.0,0.0,0.0,0.0,0.0,0.0,0.0
409.0,Above the Rim (1994),Drama,395.0,['Drama'],0.0,0.0,0.0,0.0,1.0,0.0,0.0,0.0,0.0,0.0,0.0,0.0,0.0,0.0,0.0,0.0,0.0,0.0
410.0,Addams Family Values (1993),Comedy,396.0,['Comedy'],1.0,0.0,0.0,0.0,1.0,0.0,0.0,0.0,0.0,0.0,0.0,0.0,0.0,0.0,0.0,0.0,0.0,0.0
411.0,You So Crazy (1994),Comedy,397.0,['Comedy'],0.0,1.0,0.0,1.0,0.0,0.0,0.0,0.0,0.0,0.0,0.0,0.0,0.0,0.0,0.0,0.0,0.0,0.0
412.0,"Age of Innocence, The (1993)",Drama,398.0,['Drama'],0.0,0.0,0.0,0.0,0.0,0.0,0.0,0.0,0.0,0.0,0.0,0.0,0.0,0.0,0.0,1.0,0.0,0.0
413.0,Airheads (1994),Comedy,399.0,['Comedy'],1.0,0.0,0.0,0.0,0.0,0.0,0.0,0.0,0.0,0.0,0.0,0.0,0.0,0.0,0.0,1.0,0.0,0.0
414.0,"Air Up There, The (1994)",Comedy,400.0,['Comedy'],0.0,0.0,0.0,0.0,0.0,0.0,0.0,1.0,0.0,0.0,0.0,0.0,0.0,0.0,0.0,0.0,0.0,0.0
415.0,Another Stakeout (1993),Comedy|Thriller,401.0,"['Comedy', 'Thriller']",0.0,0.0,0.0,0.0,0.0,0.0,0.0,1.0,0.0,0.0,0.0,0.0,0.0,1.0,0.0,0.0,0.0,0.0
416.0,Bad Girls (1994),Western,402.0,['Western'],0.0,0.0,0.0,0.0,0.0,0.0,0.0,0.0,0.0,0.0,1.0,0.0,0.0,0.0,1.0,1.0,0.0,0.0
417.0,Barcelona (1994),Comedy|Romance,403.0,"['Comedy', 'Romance']",0.0,0.0,0.0,0.0,0.0,0.0,0.0,0.0,0.0,0.0,0.0,0.0,1.0,1.0,0.0,1.0,0.0,0.0
418.0,Being Human (1993),Drama,404.0,['Drama'],0.0,0.0,0.0,0.0,0.0,0.0,0.0,1.0,0.0,0.0,0.0,0.0,0.0,0.0,0.0,0.0,0.0,0.0
419.0,"Beverly Hillbillies, The (1993)",Comedy,405.0,['Comedy'],0.0,0.0,0.0,0.0,1.0,0.0,0.0,0.0,0.0,0.0,0.0,0.0,0.0,0.0,0.0,0.0,0.0,0.0
420.0,Beverly Hills Cop III (1994),Action|Comedy,406.0,"['Action', 'Comedy']",0.0,0.0,0.0,0.0,0.0,0.0,0.0,1.0,0.0,0.0,0.0,0.0,0.0,0.0,0.0,0.0,0.0,0.0
421.0,Black Beauty (1994),Adventure|Children's,407.0,"['Adventure', ""Children's""]",0.0,0.0,0.0,0.0,0.0,1.0,0.0,1.0,0.0,0.0,0.0,0.0,0.0,0.0,0.0,0.0,0.0,0.0
422.0,Blink (1994),Thriller,408.0,['Thriller'],0.0,0.0,0.0,0.0,1.0,0.0,0.0,0.0,0.0,0.0,0.0,0.0,0.0,0.0,0.0,0.0,0.0,1.0
423.0,Blown Away (1994),Action|Thriller,409.0,"['Action', 'Thriller']",0.0,0.0,0.0,0.0,1.0,0.0,0.0,0.0,0.0,0.0,0.0,0.0,0.0,0.0,0.0,0.0,0.0,0.0
424.0,Blue Chips (1994),Drama,410.0,['Drama'],1.0,1.0,0.0,0.0,0.0,1.0,0.0,0.0,0.0,0.0,0.0,0.0,0.0,0.0,0.0,0.0,0.0,0.0
425.0,Blue Sky (1994),Drama|Romance,411.0,"['Drama', 'Romance']",0.0,0.0,0.0,0.0,1.0,0.0,0.0,0.0,0.0,0.0,0.0,0.0,0.0,0.0,1.0,0.0,0.0,0.0
426.0,Body Snatchers (1993),Horror|Sci-Fi|Thriller,412.0,"['Horror', 'Sci-Fi', 'Thriller']",0.0,0.0,0.0,0.0,0.0,0.0,0.0,1.0,0.0,0.0,0.0,0.0,0.0,0.0,0.0,1.0,0.0,0.0
427.0,Boxing Helena (1993),Mystery|Romance|Thriller,413.0,"['Mystery', 'Romance', 'Thriller']",0.0,0.0,0.0,0.0,1.0,0.0,0.0,0.0,0.0,0.0,0.0,0.0,0.0,0.0,0.0,0.0,0.0,0.0
428.0,"Bronx Tale, A (1993)",Drama,414.0,['Drama'],1.0,0.0,0.0,0.0,1.0,0.0,0.0,0.0,0.0,0.0,0.0,0.0,0.0,0.0,0.0,0.0,0.0,0.0
429.0,Cabin Boy (1994),Comedy,415.0,['Comedy'],0.0,0.0,0.0,0.0,0.0,0.0,0.0,1.0,0.0,0.0,0.0,0.0,0.0,0.0,0.0,0.0,0.0,0.0
430.0,Calendar Girl (1993),Drama,416.0,['Drama'],0.0,0.0,0.0,0.0,1.0,0.0,0.0,0.0,0.0,0.0,0.0,0.0,0.0,1.0,0.0,0.0,0.0,0.0
431.0,Carlito's Way (1993),Crime|Drama,417.0,"['Crime', 'Drama']",0.0,0.0,0.0,0.0,1.0,0.0,0.0,0.0,0.0,0.0,0.0,0.0,0.0,0.0,0.0,0.0,0.0,0.0
432.0,City Slickers II: The Legend of Curly's Gold (1994),Comedy|Western,418.0,"['Comedy', 'Western']",1.0,0.0,0.0,0.0,0.0,0.0,0.0,0.0,0.0,0.0,0.0,0.0,0.0,0.0,1.0,0.0,0.0,0.0
433.0,Clean Slate (1994),Comedy,419.0,['Comedy'],0.0,0.0,0.0,0.0,0.0,0.0,1.0,0.0,0.0,0.0,0.0,0.0,0.0,0.0,0.0,0.0,0.0,0.0
434.0,Cliffhanger (1993),Action|Adventure|Crime,420.0,"['Action', 'Adventure', 'Crime']",0.0,0.0,0.0,0.0,1.0,0.0,0.0,0.0,0.0,0.0,0.0,0.0,0.0,1.0,0.0,0.0,0.0,0.0
435.0,Coneheads (1993),Comedy|Sci-Fi,421.0,"['Comedy', 'Sci-Fi']",0.0,0.0,0.0,0.0,1.0,0.0,0.0,0.0,0.0,0.0,0.0,0.0,0.0,0.0,0.0,0.0,0.0,0.0
436.0,Color of Night (1994),Drama|Thriller,422.0,"['Drama', 'Thriller']",0.0,0.0,0.0,0.0,0.0,0.0,0.0,1.0,0.0,0.0,0.0,0.0,0.0,1.0,0.0,0.0,0.0,0.0
437.0,Cops and Robbersons (1994),Comedy,423.0,['Comedy'],0.0,0.0,0.0,0.0,1.0,0.0,0.0,0.0,0.0,0.0,0.0,0.0,0.0,1.0,0.0,0.0,0.0,0.0
438.0,"Cowboy Way, The (1994)",Action|Comedy,424.0,"['Action', 'Comedy']",0.0,0.0,0.0,0.0,0.0,0.0,0.0,1.0,0.0,0.0,0.0,0.0,0.0,0.0,0.0,0.0,0.0,0.0
439.0,Dangerous Game (1993),Drama,425.0,['Drama'],0.0,0.0,0.0,0.0,1.0,0.0,0.0,0.0,0.0,0.0,0.0,0.0,0.0,0.0,0.0,0.0,0.0,0.0
440.0,Dave (1993),Comedy|Romance,426.0,"['Comedy', 'Romance']",0.0,0.0,0.0,0.0,1.0,0.0,0.0,1.0,0.0,0.0,0.0,0.0,0.0,0.0,0.0,0.0,0.0,0.0
441.0,Dazed and Confused (1993),Comedy,427.0,['Comedy'],0.0,0.0,0.0,0.0,0.0,0.0,0.0,1.0,0.0,0.0,0.0,0.0,1.0,1.0,0.0,0.0,0.0,0.0
442.0,Demolition Man (1993),Action|Sci-Fi,428.0,"['Action', 'Sci-Fi']",0.0,0.0,0.0,0.0,0.0,0.0,0.0,1.0,0.0,0.0,0.0,0.0,0.0,0.0,0.0,0.0,0.0,0.0
443.0,"Endless Summer 2, The (1994)",Documentary,429.0,['Documentary'],0.0,0.0,0.0,0.0,1.0,0.0,0.0,0.0,0.0,0.0,0.0,0.0,0.0,0.0,0.0,0.0,0.0,0.0
444.0,Even Cowgirls Get the Blues (1993),Comedy|Romance,430.0,"['Comedy', 'Romance']",0.0,0.0,0.0,0.0,0.0,0.0,0.0,1.0,0.0,0.0,0.0,0.0,0.0,0.0,0.0,1.0,0.0,0.0
445.0,Fatal Instinct (1993),Comedy,431.0,['Comedy'],0.0,1.0,0.0,1.0,0.0,0.0,0.0,1.0,0.0,0.0,0.0,0.0,0.0,0.0,0.0,0.0,0.0,0.0
446.0,Farewell My Concubine (1993),Drama|Romance,432.0,"['Drama', 'Romance']",0.0,0.0,0.0,0.0,0.0,0.0,0.0,1.0,0.0,0.0,0.0,0.0,0.0,0.0,0.0,0.0,0.0,0.0
447.0,"Favor, The (1994)",Comedy|Romance,433.0,"['Comedy', 'Romance']",1.0,0.0,0.0,0.0,0.0,0.0,0.0,0.0,0.0,0.0,0.0,0.0,0.0,0.0,0.0,1.0,0.0,0.0
448.0,Fearless (1993),Drama,434.0,['Drama'],0.0,0.0,0.0,0.0,0.0,0.0,0.0,1.0,0.0,0.0,0.0,0.0,0.0,0.0,0.0,0.0,0.0,1.0
449.0,Fear of a Black Hat (1993),Comedy,435.0,['Comedy'],1.0,0.0,0.0,0.0,0.0,0.0,0.0,0.0,0.0,0.0,0.0,0.0,0.0,0.0,0.0,0.0,0.0,0.0
450.0,With Honors (1994),Comedy|Drama,436.0,"['Comedy', 'Drama']",0.0,0.0,0.0,0.0,1.0,0.0,0.0,0.0,0.0,0.0,0.0,0.0,0.0,0.0,0.0,0.0,0.0,0.0
451.0,Flesh and Bone (1993),Drama|Mystery|Romance,437.0,"['Drama', 'Mystery', 'Romance']",0.0,0.0,0.0,0.0,0.0,0.0,0.0,1.0,0.0,0.0,0.0,0.0,0.0,1.0,0.0,0.0,0.0,0.0
452.0,Widows' Peak (1994),Drama,438.0,['Drama'],1.0,1.0,0.0,0.0,0.0,0.0,0.0,0.0,0.0,0.0,0.0,0.0,0.0,0.0,0.0,0.0,0.0,0.0
453.0,For Love or Money (1993),Comedy,439.0,['Comedy'],0.0,0.0,0.0,0.0,0.0,1.0,0.0,1.0,0.0,0.0,0.0,0.0,0.0,0.0,0.0,1.0,0.0,0.0
454.0,"Firm, The (1993)",Drama|Thriller,440.0,"['Drama', 'Thriller']",1.0,1.0,0.0,0.0,0.0,1.0,0.0,0.0,0.0,0.0,0.0,0.0,0.0,0.0,0.0,1.0,0.0,0.0
455.0,Free Willy (1993),Adventure|Children's|Drama,441.0,"['Adventure', ""Children's"", 'Drama']",1.0,0.0,0.0,0.0,0.0,0.0,0.0,1.0,0.0,0.0,0.0,0.0,0.0,0.0,0.0,0.0,1.0,0.0
456.0,Fresh (1994),Drama,442.0,['Drama'],1.0,0.0,0.0,0.0,1.0,0.0,0.0,0.0,0.0,0.0,0.0,0.0,0.0,0.0,0.0,0.0,1.0,0.0
457.0,"Fugitive, The (1993)",Action|Thriller,443.0,"['Action', 'Thriller']",0.0,0.0,0.0,0.0,1.0,0.0,0.0,0.0,0.0,0.0,0.0,0.0,0.0,0.0,0.0,0.0,0.0,0.0
458.0,Geronimo: An American Legend (1993),Drama|Western,444.0,"['Drama', 'Western']",0.0,0.0,0.0,0.0,1.0,0.0,0.0,0.0,0.0,0.0,0.0,0.0,0.0,1.0,0.0,0.0,0.0,0.0
459.0,"Getaway, The (1994)",Action,445.0,['Action'],0.0,0.0,0.0,0.0,0.0,0.0,0.0,1.0,0.0,0.0,0.0,0.0,0.0,1.0,0.0,0.0,0.0,0.0
460.0,Getting Even with Dad (1994),Comedy,446.0,['Comedy'],0.0,0.0,0.0,0.0,1.0,0.0,0.0,0.0,0.0,0.0,0.0,0.0,0.0,0.0,0.0,0.0,0.0,0.0
461.0,Go Fish (1994),Drama|Romance,447.0,"['Drama', 'Romance']",0.0,0.0,0.0,0.0,1.0,0.0,0.0,0.0,0.0,0.0,0.0,0.0,0.0,1.0,0.0,0.0,0.0,0.0
462.0,"Good Man in Africa, A (1994)",Action|Adventure,448.0,"['Action', 'Adventure']",0.0,0.0,0.0,0.0,1.0,0.0,0.0,1.0,0.0,0.0,0.0,0.0,0.0,0.0,0.0,0.0,0.0,0.0
463.0,Guilty as Sin (1993),Crime|Drama|Thriller,449.0,"['Crime', 'Drama', 'Thriller']",0.0,0.0,0.0,0.0,1.0,0.0,0.0,0.0,0.0,0.0,0.0,0.0,0.0,0.0,0.0,0.0,1.0,0.0
464.0,Hard Target (1993),Action|Adventure|Crime|Thriller,450.0,"['Action', 'Adventure', 'Crime', 'Thriller']",1.0,0.0,0.0,0.0,0.0,0.0,0.0,0.0,0.0,0.0,0.0,0.0,0.0,0.0,0.0,1.0,0.0,0.0
465.0,Heaven & Earth (1993),Action|Drama|War,451.0,"['Action', 'Drama', 'War']",0.0,0.0,0.0,0.0,0.0,0.0,0.0,1.0,0.0,0.0,0.0,0.0,0.0,0.0,0.0,0.0,0.0,0.0
466.0,Hot Shots! Part Deux (1993),Action|Comedy|War,452.0,"['Action', 'Comedy', 'War']",0.0,0.0,0.0,0.0,1.0,0.0,0.0,1.0,0.0,0.0,0.0,0.0,0.0,0.0,0.0,0.0,0.0,0.0
467.0,Live Nude Girls (1995),Comedy,453.0,['Comedy'],0.0,0.0,0.0,0.0,0.0,0.0,0.0,1.0,0.0,0.0,0.0,0.0,0.0,0.0,0.0,0.0,0.0,0.0
468.0,"Englishman Who Went Up a Hill, But Came Down a Mountain, The (1995)",Comedy|Romance,454.0,"['Comedy', 'Romance']",0.0,0.0,0.0,0.0,1.0,0.0,0.0,0.0,0.0,0.0,0.0,0.0,0.0,0.0,0.0,0.0,0.0,0.0
469.0,"House of the Spirits, The (1993)",Drama|Romance,455.0,"['Drama', 'Romance']",1.0,0.0,0.0,0.0,0.0,0.0,0.0,0.0,0.0,0.0,0.0,0.0,0.0,0.0,0.0,0.0,0.0,0.0
470.0,House Party 3 (1994),Comedy,456.0,['Comedy'],1.0,1.0,0.0,0.0,0.0,0.0,0.0,0.0,0.0,0.0,0.0,0.0,0.0,0.0,1.0,0.0,0.0,0.0
471.0,"Hudsucker Proxy, The (1994)",Comedy|Romance,457.0,"['Comedy', 'Romance']",0.0,0.0,0.0,0.0,0.0,0.0,0.0,1.0,0.0,0.0,0.0,0.0,0.0,0.0,0.0,1.0,0.0,0.0
472.0,I'll Do Anything (1994),Comedy|Drama,458.0,"['Comedy', 'Drama']",0.0,0.0,0.0,0.0,0.0,0.0,0.0,0.0,0.0,0.0,0.0,0.0,0.0,0.0,0.0,1.0,0.0,0.0
473.0,In the Army Now (1994),Comedy|War,459.0,"['Comedy', 'War']",0.0,0.0,0.0,0.0,0.0,0.0,0.0,1.0,0.0,0.0,0.0,0.0,0.0,0.0,0.0,0.0,0.0,0.0
474.0,In the Line of Fire (1993),Action|Thriller,460.0,"['Action', 'Thriller']",0.0,1.0,0.0,1.0,0.0,0.0,0.0,0.0,0.0,0.0,0.0,0.0,0.0,0.0,0.0,0.0,0.0,0.0
475.0,In the Name of the Father (1993),Drama,461.0,['Drama'],1.0,0.0,0.0,0.0,1.0,0.0,0.0,0.0,0.0,0.0,0.0,0.0,0.0,0.0,0.0,0.0,0.0,0.0
476.0,"Inkwell, The (1994)",Comedy|Drama,462.0,"['Comedy', 'Drama']",0.0,0.0,0.0,0.0,1.0,0.0,0.0,0.0,0.0,0.0,0.0,0.0,0.0,0.0,0.0,0.0,0.0,0.0
477.0,What's Love Got to Do with It? (1993),Drama,463.0,['Drama'],0.0,0.0,0.0,0.0,1.0,0.0,0.0,0.0,0.0,0.0,0.0,0.0,0.0,0.0,0.0,0.0,0.0,1.0
478.0,Jimmy Hollywood (1994),Comedy,464.0,['Comedy'],0.0,0.0,0.0,0.0,0.0,0.0,0.0,1.0,0.0,0.0,0.0,0.0,0.0,0.0,0.0,0.0,0.0,0.0
479.0,Judgment Night (1993),Action,465.0,['Action'],0.0,0.0,0.0,0.0,1.0,0.0,0.0,0.0,0.0,0.0,0.0,0.0,0.0,0.0,0.0,0.0,0.0,0.0
480.0,Jurassic Park (1993),Action|Adventure|Sci-Fi,466.0,"['Action', 'Adventure', 'Sci-Fi']",0.0,0.0,0.0,0.0,0.0,0.0,0.0,0.0,0.0,0.0,0.0,0.0,0.0,0.0,0.0,1.0,0.0,0.0
481.0,Kalifornia (1993),Drama|Thriller,467.0,"['Drama', 'Thriller']",0.0,0.0,0.0,0.0,0.0,0.0,0.0,1.0,0.0,0.0,0.0,0.0,0.0,0.0,0.0,0.0,0.0,0.0
482.0,Killing Zoe (1994),Thriller,468.0,['Thriller'],0.0,0.0,0.0,0.0,1.0,0.0,0.0,0.0,0.0,0.0,0.0,0.0,1.0,0.0,0.0,0.0,0.0,0.0
483.0,King of the Hill (1993),Drama,469.0,['Drama'],1.0,0.0,0.0,0.0,0.0,1.0,0.0,1.0,0.0,0.0,0.0,0.0,0.0,0.0,0.0,0.0,0.0,0.0
484.0,Lassie (1994),Adventure|Children's,470.0,"['Adventure', ""Children's""]",1.0,0.0,0.0,0.0,0.0,0.0,0.0,0.0,0.0,0.0,0.0,0.0,0.0,0.0,0.0,1.0,0.0,0.0
485.0,Last Action Hero (1993),Action|Comedy,471.0,"['Action', 'Comedy']",0.0,0.0,0.0,0.0,0.0,0.0,0.0,1.0,0.0,0.0,0.0,0.0,0.0,0.0,0.0,0.0,0.0,0.0
486.0,Life with Mikey (1993),Comedy,472.0,['Comedy'],0.0,0.0,0.0,0.0,1.0,0.0,0.0,1.0,0.0,0.0,0.0,0.0,0.0,1.0,0.0,0.0,0.0,0.0
487.0,Lightning Jack (1994),Comedy|Western,473.0,"['Comedy', 'Western']",0.0,0.0,0.0,0.0,1.0,0.0,0.0,0.0,0.0,0.0,0.0,0.0,0.0,1.0,0.0,0.0,0.0,0.0
488.0,M. Butterfly (1993),Drama,474.0,['Drama'],0.0,0.0,0.0,0.0,0.0,0.0,0.0,1.0,0.0,0.0,0.0,0.0,0.0,1.0,0.0,0.0,0.0,0.0
489.0,Made in America (1993),Comedy,475.0,['Comedy'],0.0,0.0,0.0,0.0,1.0,0.0,0.0,0.0,0.0,0.0,0.0,0.0,0.0,1.0,0.0,0.0,0.0,0.0
490.0,Malice (1993),Thriller,476.0,['Thriller'],0.0,0.0,0.0,0.0,1.0,0.0,0.0,0.0,0.0,0.0,0.0,0.0,0.0,0.0,0.0,0.0,0.0,0.0
491.0,"Man Without a Face, The (1993)",Drama,477.0,['Drama'],0.0,0.0,0.0,0.0,0.0,0.0,0.0,1.0,0.0,0.0,0.0,0.0,0.0,0.0,0.0,0.0,0.0,0.0
492.0,Manhattan Murder Mystery (1993),Comedy|Mystery,478.0,"['Comedy', 'Mystery']",1.0,0.0,0.0,1.0,0.0,0.0,0.0,0.0,0.0,0.0,0.0,0.0,0.0,0.0,0.0,0.0,0.0,0.0
493.0,Menace II Society (1993),Action|Crime|Drama,479.0,"['Action', 'Crime', 'Drama']",0.0,0.0,0.0,0.0,0.0,0.0,0.0,1.0,0.0,0.0,0.0,0.0,0.0,0.0,0.0,0.0,0.0,0.0
494.0,Executive Decision (1996),Action|Thriller,480.0,"['Action', 'Thriller']",1.0,0.0,0.0,0.0,0.0,0.0,0.0,0.0,0.0,0.0,0.0,0.0,0.0,0.0,1.0,0.0,0.0,0.0
495.0,In the Realm of the Senses (Ai no corrida) (1976),Drama,481.0,['Drama'],0.0,0.0,0.0,0.0,1.0,0.0,0.0,0.0,0.0,0.0,0.0,0.0,0.0,0.0,0.0,0.0,0.0,0.0
496.0,What Happened Was... (1994),Comedy|Drama|Romance,482.0,"['Comedy', 'Drama', 'Romance']",0.0,0.0,0.0,0.0,0.0,0.0,0.0,1.0,0.0,0.0,0.0,0.0,0.0,0.0,0.0,0.0,0.0,0.0
497.0,Much Ado About Nothing (1993),Comedy|Romance,483.0,"['Comedy', 'Romance']",1.0,0.0,0.0,0.0,0.0,0.0,0.0,1.0,0.0,0.0,0.0,0.0,0.0,0.0,0.0,0.0,0.0,0.0
498.0,Mr. Jones (1993),Drama|Romance,484.0,"['Drama', 'Romance']",0.0,0.0,0.0,0.0,0.0,0.0,0.0,1.0,0.0,0.0,0.0,0.0,0.0,0.0,0.0,0.0,0.0,0.0
499.0,Mr. Wonderful (1993),Comedy|Romance,485.0,"['Comedy', 'Romance']",0.0,0.0,0.0,0.0,0.0,0.0,0.0,1.0,0.0,0.0,0.0,0.0,0.0,1.0,0.0,0.0,0.0,0.0
500.0,Mrs. Doubtfire (1993),Comedy,486.0,['Comedy'],0.0,0.0,0.0,0.0,0.0,0.0,0.0,1.0,0.0,0.0,0.0,0.0,0.0,0.0,0.0,0.0,0.0,0.0
501.0,Naked (1993),Drama,487.0,['Drama'],1.0,0.0,0.0,0.0,0.0,0.0,0.0,1.0,0.0,0.0,0.0,0.0,0.0,0.0,0.0,0.0,0.0,0.0
502.0,"Next Karate Kid, The (1994)",Action|Children's,488.0,"['Action', ""Children's""]",0.0,0.0,0.0,0.0,0.0,0.0,0.0,0.0,0.0,0.0,1.0,0.0,0.0,0.0,1.0,0.0,0.0,0.0
503.0,"New Age, The (1994)",Drama,489.0,['Drama'],0.0,0.0,0.0,0.0,1.0,0.0,0.0,0.0,0.0,0.0,0.0,0.0,1.0,1.0,0.0,0.0,0.0,0.0
504.0,No Escape (1994),Action|Sci-Fi,490.0,"['Action', 'Sci-Fi']",0.0,0.0,0.0,0.0,1.0,0.0,0.0,0.0,0.0,0.0,0.0,0.0,0.0,0.0,0.0,0.0,0.0,0.0
505.0,North (1994),Comedy,491.0,['Comedy'],0.0,0.0,0.0,0.0,0.0,0.0,0.0,1.0,0.0,0.0,0.0,0.0,0.0,0.0,0.0,0.0,0.0,0.0
506.0,Orlando (1993),Drama,492.0,['Drama'],0.0,0.0,0.0,0.0,1.0,0.0,0.0,1.0,0.0,0.0,0.0,0.0,0.0,0.0,0.0,0.0,1.0,0.0
507.0,"Perfect World, A (1993)",Action|Drama,493.0,"['Action', 'Drama']",1.0,0.0,0.0,0.0,0.0,0.0,0.0,1.0,0.0,0.0,0.0,0.0,1.0,0.0,0.0,0.0,0.0,0.0
508.0,Philadelphia (1993),Drama,494.0,['Drama'],0.0,0.0,0.0,0.0,1.0,0.0,0.0,0.0,0.0,0.0,0.0,0.0,0.0,0.0,0.0,0.0,0.0,0.0
509.0,"Piano, The (1993)",Drama|Romance,495.0,"['Drama', 'Romance']",0.0,0.0,0.0,0.0,0.0,0.0,0.0,0.0,0.0,0.0,0.0,0.0,0.0,0.0,1.0,1.0,0.0,0.0
510.0,Poetic Justice (1993),Drama,496.0,['Drama'],0.0,0.0,0.0,0.0,1.0,0.0,0.0,0.0,0.0,0.0,0.0,0.0,0.0,0.0,0.0,0.0,0.0,0.0
511.0,"Program, The (1993)",Action|Drama,497.0,"['Action', 'Drama']",0.0,0.0,0.0,0.0,0.0,1.0,0.0,0.0,0.0,0.0,0.0,0.0,0.0,0.0,0.0,1.0,0.0,0.0
512.0,Robert A. Heinlein's The Puppet Masters (1994),Horror|Sci-Fi,498.0,"['Horror', 'Sci-Fi']",1.0,0.0,0.0,0.0,0.0,0.0,0.0,1.0,0.0,0.0,0.0,0.0,0.0,0.0,0.0,0.0,0.0,0.0
513.0,Radioland Murders (1994),Comedy|Mystery|Romance,499.0,"['Comedy', 'Mystery', 'Romance']",0.0,0.0,0.0,0.0,0.0,0.0,0.0,1.0,0.0,0.0,0.0,0.0,0.0,0.0,0.0,0.0,0.0,0.0
514.0,"Ref, The (1994)",Comedy,500.0,['Comedy'],0.0,0.0,0.0,0.0,0.0,0.0,0.0,1.0,0.0,0.0,0.0,0.0,0.0,0.0,0.0,0.0,0.0,0.0
515.0,"Remains of the Day, The (1993)",Drama,501.0,['Drama'],0.0,0.0,0.0,0.0,0.0,0.0,0.0,1.0,0.0,0.0,0.0,0.0,0.0,0.0,0.0,0.0,0.0,0.0
516.0,Renaissance Man (1994),Comedy|Drama|War,502.0,"['Comedy', 'Drama', 'War']",0.0,0.0,0.0,0.0,0.0,0.0,0.0,1.0,0.0,0.0,0.0,0.0,0.0,0.0,0.0,0.0,0.0,0.0
517.0,Rising Sun (1993),Action|Drama|Mystery,503.0,"['Action', 'Drama', 'Mystery']",0.0,0.0,0.0,0.0,0.0,0.0,0.0,1.0,0.0,0.0,0.0,0.0,0.0,0.0,0.0,0.0,1.0,0.0
518.0,"Road to Wellville, The (1994)",Comedy,504.0,['Comedy'],0.0,0.0,0.0,0.0,0.0,0.0,0.0,1.0,0.0,0.0,0.0,0.0,0.0,0.0,0.0,0.0,0.0,0.0
519.0,Robocop 3 (1993),Sci-Fi|Thriller,505.0,"['Sci-Fi', 'Thriller']",0.0,0.0,0.0,0.0,0.0,0.0,0.0,1.0,0.0,0.0,0.0,0.0,0.0,0.0,0.0,0.0,0.0,0.0
520.0,Robin Hood: Men in Tights (1993),Comedy,506.0,['Comedy'],0.0,0.0,0.0,0.0,0.0,0.0,0.0,1.0,0.0,0.0,0.0,0.0,0.0,0.0,0.0,0.0,0.0,0.0
521.0,Romeo Is Bleeding (1993),Crime|Thriller,507.0,"['Crime', 'Thriller']",0.0,0.0,0.0,1.0,0.0,0.0,0.0,1.0,0.0,0.0,0.0,0.0,0.0,0.0,0.0,0.0,0.0,0.0
522.0,Romper Stomper (1992),Action|Drama,508.0,"['Action', 'Drama']",0.0,0.0,0.0,0.0,1.0,1.0,0.0,0.0,0.0,0.0,1.0,0.0,0.0,0.0,0.0,0.0,0.0,0.0
523.0,Ruby in Paradise (1993),Drama,509.0,['Drama'],1.0,0.0,0.0,0.0,0.0,0.0,0.0,0.0,0.0,0.0,0.0,0.0,0.0,0.0,0.0,0.0,0.0,0.0
524.0,Rudy (1993),Drama,510.0,['Drama'],0.0,0.0,0.0,0.0,0.0,0.0,0.0,1.0,0.0,0.0,0.0,0.0,0.0,1.0,0.0,0.0,0.0,0.0
525.0,"Saint of Fort Washington, The (1993)",Drama,511.0,['Drama'],0.0,0.0,0.0,0.0,0.0,0.0,0.0,1.0,0.0,0.0,0.0,0.0,0.0,0.0,0.0,0.0,0.0,0.0
526.0,"Savage Nights (Nuits fauves, Les) (1992)",Drama,512.0,['Drama'],0.0,0.0,0.0,0.0,0.0,0.0,0.0,1.0,0.0,0.0,0.0,0.0,0.0,0.0,0.0,0.0,0.0,0.0
527.0,Schindler's List (1993),Drama|War,513.0,"['Drama', 'War']",0.0,0.0,0.0,0.0,1.0,0.0,0.0,1.0,0.0,0.0,0.0,0.0,0.0,0.0,0.0,0.0,0.0,0.0
528.0,"Scout, The (1994)",Drama,514.0,['Drama'],0.0,0.0,0.0,0.0,0.0,0.0,0.0,1.0,0.0,0.0,0.0,0.0,0.0,0.0,0.0,0.0,0.0,0.0
529.0,Searching for Bobby Fischer (1993),Drama,515.0,['Drama'],0.0,0.0,0.0,0.0,1.0,0.0,0.0,0.0,0.0,0.0,0.0,0.0,0.0,1.0,0.0,0.0,0.0,0.0
530.0,Second Best (1994),Drama,516.0,['Drama'],0.0,0.0,0.0,0.0,0.0,0.0,0.0,0.0,0.0,0.0,0.0,0.0,0.0,0.0,0.0,1.0,0.0,0.0
531.0,"Secret Garden, The (1993)",Children's|Drama,517.0,"[""Children's"", 'Drama']",0.0,0.0,0.0,0.0,0.0,0.0,0.0,0.0,0.0,1.0,0.0,0.0,0.0,0.0,1.0,0.0,0.0,0.0
532.0,Serial Mom (1994),Comedy|Crime|Horror,518.0,"['Comedy', 'Crime', 'Horror']",0.0,0.0,0.0,0.0,1.0,0.0,0.0,0.0,0.0,0.0,0.0,0.0,0.0,0.0,0.0,0.0,0.0,0.0
533.0,"Shadow, The (1994)",Action,519.0,['Action'],0.0,0.0,0.0,0.0,1.0,0.0,0.0,0.0,0.0,0.0,0.0,0.0,0.0,1.0,0.0,1.0,0.0,0.0
534.0,Shadowlands (1993),Drama|Romance,520.0,"['Drama', 'Romance']",1.0,0.0,0.0,0.0,0.0,0.0,0.0,0.0,0.0,0.0,0.0,0.0,0.0,0.0,0.0,0.0,0.0,0.0
535.0,Short Cuts (1993),Drama,521.0,['Drama'],0.0,0.0,0.0,0.0,0.0,0.0,0.0,1.0,0.0,0.0,0.0,0.0,0.0,0.0,0.0,0.0,0.0,0.0
536.0,"Simple Twist of Fate, A (1994)",Drama,522.0,['Drama'],1.0,1.0,0.0,1.0,0.0,0.0,0.0,0.0,0.0,0.0,0.0,0.0,0.0,0.0,1.0,0.0,0.0,0.0
537.0,Sirens (1994),Comedy|Drama,523.0,"['Comedy', 'Drama']",1.0,1.0,0.0,0.0,0.0,0.0,0.0,0.0,0.0,0.0,0.0,0.0,0.0,0.0,0.0,1.0,0.0,0.0
538.0,Six Degrees of Separation (1993),Drama,524.0,['Drama'],1.0,0.0,0.0,0.0,0.0,0.0,0.0,0.0,0.0,0.0,0.0,0.0,0.0,0.0,0.0,0.0,0.0,0.0
539.0,Sleepless in Seattle (1993),Comedy|Romance,525.0,"['Comedy', 'Romance']",0.0,0.0,0.0,0.0,0.0,0.0,1.0,0.0,0.0,0.0,0.0,0.0,0.0,0.0,0.0,0.0,0.0,0.0
540.0,Sliver (1993),Thriller,526.0,['Thriller'],0.0,0.0,0.0,0.0,1.0,0.0,0.0,0.0,0.0,0.0,0.0,0.0,0.0,1.0,0.0,0.0,0.0,0.0
541.0,Blade Runner (1982),Film-Noir|Sci-Fi,527.0,"['Film-Noir', 'Sci-Fi']",0.0,0.0,0.0,1.0,1.0,0.0,0.0,0.0,0.0,0.0,0.0,1.0,0.0,0.0,0.0,0.0,0.0,0.0
542.0,Son in Law (1993),Comedy,528.0,['Comedy'],1.0,1.0,0.0,0.0,1.0,0.0,0.0,0.0,0.0,0.0,0.0,0.0,0.0,0.0,0.0,0.0,0.0,0.0
543.0,So I Married an Axe Murderer (1993),Comedy|Romance|Thriller,529.0,"['Comedy', 'Romance', 'Thriller']",0.0,0.0,0.0,0.0,0.0,0.0,0.0,0.0,0.0,0.0,0.0,0.0,0.0,0.0,0.0,0.0,0.0,1.0
544.0,Striking Distance (1993),Action,530.0,['Action'],0.0,0.0,0.0,0.0,0.0,0.0,0.0,0.0,0.0,0.0,0.0,0.0,0.0,0.0,0.0,1.0,0.0,0.0
545.0,Harlem (1993),Drama,531.0,['Drama'],1.0,0.0,0.0,0.0,0.0,1.0,0.0,0.0,0.0,0.0,0.0,0.0,0.0,1.0,0.0,0.0,0.0,0.0
546.0,Super Mario Bros. (1993),Action|Adventure|Children's|Sci-Fi,532.0,"['Action', 'Adventure', ""Children's"", 'Sci-Fi']",0.0,0.0,0.0,0.0,0.0,0.0,1.0,0.0,0.0,0.0,0.0,0.0,0.0,0.0,0.0,0.0,0.0,0.0
547.0,Surviving the Game (1994),Action|Adventure|Thriller,533.0,"['Action', 'Adventure', 'Thriller']",0.0,0.0,0.0,0.0,0.0,0.0,0.0,1.0,0.0,0.0,0.0,0.0,0.0,0.0,0.0,0.0,0.0,0.0
548.0,Terminal Velocity (1994),Action,534.0,['Action'],1.0,1.0,1.0,1.0,0.0,0.0,0.0,0.0,1.0,0.0,0.0,0.0,0.0,0.0,0.0,0.0,0.0,0.0
549.0,Thirty-Two Short Films About Glenn Gould (1993),Documentary,535.0,['Documentary'],0.0,0.0,0.0,0.0,1.0,0.0,0.0,0.0,0.0,0.0,0.0,0.0,0.0,0.0,0.0,0.0,0.0,0.0
550.0,Threesome (1994),Comedy|Romance,536.0,"['Comedy', 'Romance']",0.0,0.0,0.0,0.0,0.0,0.0,0.0,1.0,0.0,0.0,0.0,0.0,0.0,0.0,0.0,0.0,0.0,0.0
551.0,"Nightmare Before Christmas, The (1993)",Children's|Comedy|Musical,537.0,"[""Children's"", 'Comedy', 'Musical']",0.0,0.0,0.0,0.0,0.0,0.0,0.0,0.0,0.0,0.0,0.0,0.0,0.0,0.0,0.0,1.0,0.0,0.0
552.0,"Three Musketeers, The (1993)",Action|Adventure|Comedy,538.0,"['Action', 'Adventure', 'Comedy']",0.0,0.0,0.0,0.0,1.0,0.0,0.0,1.0,0.0,0.0,0.0,0.0,0.0,0.0,0.0,0.0,0.0,0.0
553.0,Tombstone (1993),Western,539.0,['Western'],0.0,0.0,0.0,0.0,0.0,0.0,0.0,1.0,0.0,0.0,0.0,0.0,0.0,0.0,0.0,0.0,0.0,0.0
554.0,Trial by Jury (1994),Thriller,540.0,['Thriller'],0.0,0.0,0.0,0.0,1.0,0.0,0.0,0.0,0.0,0.0,0.0,0.0,0.0,0.0,0.0,0.0,0.0,0.0
555.0,True Romance (1993),Action|Crime|Romance,541.0,"['Action', 'Crime', 'Romance']",0.0,0.0,0.0,0.0,0.0,0.0,0.0,0.0,0.0,0.0,1.0,0.0,0.0,0.0,0.0,0.0,0.0,0.0
556.0,"War Room, The (1993)",Documentary,542.0,['Documentary'],0.0,0.0,0.0,0.0,1.0,0.0,0.0,0.0,0.0,0.0,0.0,0.0,0.0,1.0,0.0,0.0,0.0,0.0
557.0,Mamma Roma (1962),Drama,543.0,['Drama'],0.0,0.0,0.0,0.0,0.0,0.0,0.0,1.0,0.0,0.0,0.0,0.0,0.0,0.0,0.0,0.0,0.0,0.0
558.0,"Pagemaster, The (1994)",Action|Adventure|Animation|Children's|Fantasy,544.0,"['Action', 'Adventure', 'Animation', ""Children's"", 'Fantasy']",0.0,0.0,0.0,0.0,1.0,0.0,0.0,1.0,0.0,0.0,0.0,0.0,0.0,0.0,0.0,0.0,0.0,0.0
559.0,"Paris, France (1993)",Comedy,545.0,['Comedy'],0.0,0.0,0.0,1.0,1.0,0.0,0.0,0.0,0.0,0.0,0.0,0.0,0.0,0.0,0.0,0.0,0.0,0.0
560.0,"Beans of Egypt, Maine, The (1994)",Drama,546.0,['Drama'],0.0,0.0,0.0,0.0,1.0,0.0,0.0,1.0,0.0,0.0,0.0,0.0,0.0,0.0,0.0,0.0,0.0,0.0
561.0,Killer (Bulletproof Heart) (1994),Thriller,547.0,['Thriller'],0.0,0.0,0.0,0.0,0.0,0.0,0.0,1.0,0.0,0.0,0.0,0.0,0.0,0.0,0.0,0.0,0.0,0.0
562.0,Welcome to the Dollhouse (1995),Comedy|Drama,548.0,"['Comedy', 'Drama']",0.0,0.0,0.0,0.0,0.0,0.0,0.0,1.0,0.0,0.0,0.0,0.0,0.0,0.0,0.0,0.0,0.0,0.0
563.0,Germinal (1993),Drama,549.0,['Drama'],0.0,0.0,0.0,0.0,0.0,0.0,0.0,1.0,0.0,0.0,0.0,0.0,0.0,0.0,0.0,0.0,0.0,0.0
564.0,Chasers (1994),Comedy,550.0,['Comedy'],0.0,0.0,0.0,0.0,1.0,0.0,0.0,1.0,0.0,0.0,0.0,0.0,0.0,0.0,0.0,0.0,0.0,0.0
565.0,Cronos (1992),Horror,551.0,['Horror'],0.0,0.0,0.0,1.0,1.0,0.0,0.0,0.0,0.0,0.0,0.0,0.0,0.0,0.0,0.0,0.0,0.0,0.0
566.0,Naked in New York (1994),Comedy|Romance,552.0,"['Comedy', 'Romance']",0.0,0.0,0.0,0.0,1.0,0.0,0.0,0.0,0.0,0.0,0.0,0.0,0.0,0.0,0.0,0.0,0.0,0.0
567.0,Kika (1993),Drama,553.0,['Drama'],0.0,1.0,0.0,1.0,0.0,0.0,0.0,0.0,0.0,0.0,0.0,0.0,0.0,0.0,0.0,0.0,0.0,0.0
568.0,Bhaji on the Beach (1993),Comedy|Drama,554.0,"['Comedy', 'Drama']",0.0,0.0,0.0,0.0,0.0,0.0,0.0,1.0,0.0,0.0,0.0,0.0,1.0,0.0,0.0,0.0,0.0,0.0
569.0,Little Big League (1994),Children's|Comedy,555.0,"[""Children's"", 'Comedy']",0.0,0.0,0.0,0.0,0.0,0.0,0.0,0.0,0.0,0.0,0.0,0.0,0.0,0.0,0.0,1.0,0.0,0.0
570.0,"Slingshot, The (Kådisbellan ) (1993)",Comedy|Drama,556.0,"['Comedy', 'Drama']",0.0,0.0,0.0,0.0,0.0,0.0,0.0,1.0,0.0,0.0,0.0,0.0,0.0,0.0,0.0,0.0,0.0,0.0
571.0,"Wedding Gift, The (1994)",Drama,557.0,['Drama'],0.0,0.0,0.0,0.0,0.0,0.0,1.0,0.0,0.0,0.0,0.0,0.0,0.0,0.0,0.0,0.0,0.0,0.0
572.0,Foreign Student (1994),Drama,558.0,['Drama'],0.0,0.0,0.0,0.0,1.0,0.0,0.0,0.0,0.0,0.0,0.0,0.0,0.0,0.0,0.0,0.0,0.0,0.0
573.0,"Ciao, Professore! (Io speriamo che me la cavo ) (1993)",Drama,559.0,['Drama'],0.0,0.0,0.0,0.0,1.0,0.0,0.0,1.0,0.0,0.0,0.0,0.0,0.0,0.0,0.0,0.0,0.0,0.0
574.0,Spanking the Monkey (1994),Comedy|Drama,560.0,"['Comedy', 'Drama']",0.0,0.0,0.0,0.0,0.0,0.0,0.0,1.0,0.0,0.0,0.0,0.0,0.0,0.0,0.0,0.0,0.0,0.0
575.0,"Little Rascals, The (1994)",Children's|Comedy,561.0,"[""Children's"", 'Comedy']",0.0,0.0,0.0,0.0,1.0,0.0,0.0,0.0,0.0,0.0,0.0,0.0,0.0,0.0,0.0,0.0,0.0,0.0
576.0,Fausto (1993),Comedy,562.0,['Comedy'],0.0,0.0,0.0,1.0,1.0,0.0,0.0,0.0,0.0,0.0,0.0,0.0,0.0,0.0,0.0,0.0,0.0,0.0
577.0,Andre (1994),Adventure|Children's,563.0,"['Adventure', ""Children's""]",0.0,0.0,0.0,0.0,1.0,0.0,0.0,0.0,0.0,0.0,0.0,0.0,0.0,1.0,0.0,1.0,0.0,0.0
578.0,"Hour of the Pig, The (1993)",Drama|Mystery,564.0,"['Drama', 'Mystery']",0.0,0.0,1.0,1.0,1.0,0.0,0.0,0.0,0.0,0.0,0.0,1.0,0.0,0.0,0.0,0.0,0.0,0.0
579.0,"Scorta, La (1993)",Thriller,565.0,['Thriller'],1.0,0.0,0.0,0.0,0.0,0.0,0.0,0.0,0.0,0.0,0.0,0.0,0.0,0.0,1.0,1.0,0.0,0.0
580.0,Princess Caraboo (1994),Drama,566.0,['Drama'],0.0,1.0,0.0,0.0,0.0,0.0,0.0,1.0,0.0,0.0,0.0,0.0,0.0,0.0,0.0,0.0,0.0,1.0
581.0,"Celluloid Closet, The (1995)",Documentary,567.0,['Documentary'],1.0,0.0,0.0,0.0,0.0,0.0,0.0,1.0,0.0,0.0,0.0,0.0,0.0,0.0,0.0,1.0,0.0,0.0
582.0,Metisse (Café au Lait) (1993),Comedy,568.0,['Comedy'],1.0,1.0,0.0,0.0,0.0,1.0,0.0,1.0,0.0,0.0,0.0,0.0,0.0,0.0,0.0,0.0,0.0,0.0
583.0,Dear Diary (Caro Diario) (1994),Comedy|Drama,569.0,"['Comedy', 'Drama']",0.0,0.0,0.0,0.0,0.0,0.0,0.0,1.0,0.0,0.0,0.0,0.0,0.0,0.0,0.0,1.0,0.0,0.0
584.0,I Don't Want to Talk About It (De eso no se habla) (1993),Drama,570.0,['Drama'],0.0,0.0,1.0,1.0,0.0,0.0,0.0,0.0,0.0,0.0,0.0,1.0,0.0,0.0,0.0,0.0,0.0,0.0
585.0,"Brady Bunch Movie, The (1995)",Comedy,571.0,['Comedy'],0.0,0.0,1.0,1.0,0.0,0.0,0.0,0.0,0.0,0.0,0.0,1.0,0.0,0.0,0.0,0.0,0.0,0.0
586.0,Home Alone (1990),Children's|Comedy,572.0,"[""Children's"", 'Comedy']",0.0,0.0,1.0,1.0,0.0,0.0,0.0,0.0,0.0,0.0,0.0,0.0,0.0,0.0,0.0,0.0,0.0,0.0
587.0,Ghost (1990),Comedy|Romance|Thriller,573.0,"['Comedy', 'Romance', 'Thriller']",0.0,0.0,0.0,0.0,1.0,0.0,0.0,0.0,0.0,0.0,0.0,0.0,0.0,1.0,0.0,0.0,0.0,0.0
588.0,Aladdin (1992),Animation|Children's|Comedy|Musical,574.0,"['Animation', ""Children's"", 'Comedy', 'Musical']",0.0,0.0,0.0,0.0,1.0,0.0,0.0,0.0,0.0,0.0,0.0,0.0,0.0,0.0,0.0,0.0,0.0,0.0
589.0,Terminator 2: Judgment Day (1991),Action|Sci-Fi|Thriller,575.0,"['Action', 'Sci-Fi', 'Thriller']",0.0,0.0,0.0,0.0,0.0,0.0,0.0,0.0,0.0,0.0,0.0,0.0,0.0,0.0,0.0,0.0,0.0,1.0
590.0,Dances with Wolves (1990),Adventure|Drama|Western,576.0,"['Adventure', 'Drama', 'Western']",0.0,0.0,0.0,0.0,0.0,0.0,0.0,0.0,0.0,0.0,0.0,0.0,0.0,0.0,0.0,1.0,0.0,0.0
591.0,Tough and Deadly (1995),Action|Drama|Thriller,577.0,"['Action', 'Drama', 'Thriller']",0.0,0.0,0.0,0.0,0.0,0.0,0.0,1.0,0.0,0.0,0.0,0.0,0.0,0.0,0.0,0.0,0.0,0.0
592.0,Batman (1989),Action|Adventure|Crime|Drama,578.0,"['Action', 'Adventure', 'Crime', 'Drama']",0.0,0.0,0.0,0.0,0.0,0.0,1.0,0.0,0.0,0.0,0.0,0.0,0.0,0.0,0.0,0.0,0.0,0.0
593.0,"Silence of the Lambs, The (1991)",Drama|Thriller,579.0,"['Drama', 'Thriller']",0.0,0.0,0.0,0.0,1.0,0.0,0.0,0.0,0.0,0.0,0.0,0.0,0.0,0.0,0.0,0.0,0.0,0.0
594.0,Snow White and the Seven Dwarfs (1937),Animation|Children's|Musical,580.0,"['Animation', ""Children's"", 'Musical']",0.0,0.0,0.0,0.0,0.0,0.0,0.0,1.0,0.0,0.0,0.0,0.0,0.0,1.0,0.0,0.0,0.0,0.0
595.0,Beauty and the Beast (1991),Animation|Children's|Musical,581.0,"['Animation', ""Children's"", 'Musical']",0.0,0.0,0.0,0.0,0.0,0.0,0.0,0.0,0.0,0.0,1.0,0.0,0.0,0.0,0.0,0.0,0.0,0.0
596.0,Pinocchio (1940),Animation|Children's,582.0,"['Animation', ""Children's""]",0.0,0.0,0.0,0.0,0.0,0.0,0.0,1.0,0.0,0.0,0.0,0.0,0.0,0.0,0.0,0.0,0.0,0.0
597.0,Pretty Woman (1990),Comedy|Romance,583.0,"['Comedy', 'Romance']",0.0,0.0,0.0,0.0,0.0,1.0,0.0,1.0,0.0,0.0,0.0,0.0,0.0,0.0,0.0,1.0,0.0,0.0
598.0,Window to Paris (1994),Comedy,584.0,['Comedy'],0.0,1.0,0.0,1.0,0.0,0.0,0.0,0.0,0.0,0.0,0.0,0.0,0.0,0.0,0.0,0.0,0.0,0.0
599.0,"Wild Bunch, The (1969)",Western,585.0,['Western'],1.0,1.0,1.0,0.0,0.0,0.0,0.0,0.0,0.0,0.0,1.0,0.0,0.0,0.0,1.0,0.0,0.0,0.0
600.0,Love and a .45 (1994),Thriller,586.0,['Thriller'],1.0,0.0,0.0,0.0,0.0,0.0,0.0,0.0,0.0,0.0,1.0,0.0,0.0,0.0,1.0,0.0,0.0,0.0
601.0,"Wooden Man's Bride, The (Wu Kui) (1994)",Drama,587.0,['Drama'],0.0,0.0,0.0,0.0,1.0,0.0,0.0,0.0,0.0,0.0,0.0,0.0,0.0,0.0,0.0,0.0,0.0,0.0
602.0,"Great Day in Harlem, A (1994)",Documentary,588.0,['Documentary'],0.0,0.0,0.0,0.0,0.0,0.0,0.0,1.0,0.0,0.0,0.0,0.0,0.0,1.0,0.0,0.0,0.0,0.0
603.0,"Bye Bye, Love (1995)",Comedy,589.0,['Comedy'],0.0,0.0,0.0,0.0,0.0,0.0,0.0,1.0,0.0,0.0,0.0,0.0,0.0,0.0,0.0,1.0,0.0,0.0
605.0,One Fine Day (1996),Drama|Romance,590.0,"['Drama', 'Romance']",0.0,0.0,1.0,1.0,0.0,0.0,0.0,0.0,0.0,0.0,0.0,0.0,0.0,0.0,0.0,0.0,0.0,0.0
606.0,Candyman: Farewell to the Flesh (1995),Horror,591.0,['Horror'],0.0,0.0,0.0,0.0,0.0,0.0,0.0,1.0,0.0,0.0,0.0,0.0,0.0,0.0,0.0,0.0,0.0,0.0
607.0,Century (1993),Drama,592.0,['Drama'],0.0,0.0,0.0,0.0,1.0,0.0,0.0,0.0,0.0,0.0,0.0,0.0,0.0,1.0,0.0,0.0,0.0,0.0
608.0,Fargo (1996),Crime|Drama|Thriller,593.0,"['Crime', 'Drama', 'Thriller']",0.0,0.0,0.0,0.0,1.0,0.0,0.0,0.0,0.0,0.0,0.0,0.0,0.0,0.0,0.0,0.0,0.0,0.0
609.0,Homeward Bound II: Lost in San Francisco (1996),Adventure|Children's,594.0,"['Adventure', ""Children's""]",0.0,0.0,0.0,0.0,0.0,0.0,0.0,1.0,0.0,0.0,0.0,0.0,0.0,0.0,0.0,0.0,0.0,0.0
610.0,Heavy Metal (1981),Action|Adventure|Animation|Horror|Sci-Fi,595.0,"['Action', 'Adventure', 'Animation', 'Horror', 'Sci-Fi']",0.0,0.0,0.0,0.0,0.0,0.0,0.0,0.0,0.0,0.0,0.0,0.0,0.0,1.0,0.0,0.0,0.0,0.0
611.0,Hellraiser: Bloodline (1996),Action|Horror|Sci-Fi,596.0,"['Action', 'Horror', 'Sci-Fi']",1.0,0.0,0.0,0.0,0.0,0.0,0.0,1.0,0.0,0.0,0.0,0.0,0.0,0.0,0.0,1.0,0.0,0.0
612.0,"Pallbearer, The (1996)",Comedy,597.0,['Comedy'],0.0,0.0,0.0,0.0,1.0,0.0,0.0,0.0,0.0,0.0,0.0,0.0,0.0,0.0,0.0,0.0,0.0,0.0
613.0,Jane Eyre (1996),Drama|Romance,598.0,"['Drama', 'Romance']",0.0,0.0,0.0,0.0,0.0,0.0,0.0,1.0,0.0,0.0,0.0,0.0,0.0,0.0,0.0,1.0,0.0,0.0
614.0,Loaded (1994),Drama|Thriller,599.0,"['Drama', 'Thriller']",0.0,0.0,0.0,0.0,0.0,0.0,0.0,1.0,0.0,0.0,0.0,0.0,0.0,0.0,0.0,1.0,0.0,0.0
615.0,Bread and Chocolate (Pane e cioccolata) (1973),Drama,600.0,['Drama'],0.0,0.0,0.0,0.0,0.0,0.0,0.0,1.0,0.0,0.0,0.0,0.0,0.0,1.0,0.0,0.0,0.0,0.0
616.0,"Aristocats, The (1970)",Animation|Children's,601.0,"['Animation', ""Children's""]",0.0,0.0,1.0,1.0,0.0,0.0,0.0,0.0,0.0,0.0,0.0,1.0,0.0,0.0,0.0,0.0,0.0,0.0
617.0,"Flower of My Secret, The (La Flor de Mi Secreto) (1995)",Drama,602.0,['Drama'],0.0,0.0,0.0,0.0,0.0,0.0,0.0,0.0,0.0,0.0,0.0,0.0,0.0,0.0,0.0,0.0,1.0,0.0
618.0,Two Much (1996),Comedy|Romance,603.0,"['Comedy', 'Romance']",0.0,0.0,0.0,0.0,1.0,0.0,0.0,0.0,0.0,0.0,0.0,0.0,0.0,0.0,0.0,0.0,0.0,0.0
619.0,Ed (1996),Comedy,604.0,['Comedy'],0.0,0.0,0.0,0.0,1.0,0.0,0.0,0.0,0.0,0.0,0.0,0.0,0.0,0.0,0.0,0.0,0.0,0.0
621.0,My Favorite Season (1993),Drama,605.0,['Drama'],0.0,0.0,0.0,0.0,1.0,0.0,0.0,0.0,0.0,0.0,0.0,0.0,0.0,0.0,0.0,0.0,0.0,0.0
623.0,"Modern Affair, A (1995)",Romance,606.0,['Romance'],0.0,0.0,0.0,0.0,0.0,0.0,0.0,0.0,0.0,0.0,0.0,0.0,0.0,1.0,0.0,0.0,0.0,0.0
624.0,Condition Red (1995),Action|Drama|Thriller,607.0,"['Action', 'Drama', 'Thriller']",0.0,0.0,0.0,0.0,1.0,0.0,0.0,0.0,0.0,0.0,0.0,0.0,0.0,0.0,0.0,0.0,0.0,0.0
626.0,"Thin Line Between Love and Hate, A (1996)",Comedy,608.0,['Comedy'],0.0,0.0,0.0,0.0,1.0,0.0,0.0,0.0,0.0,0.0,0.0,0.0,0.0,0.0,0.0,0.0,0.0,0.0
627.0,"Last Supper, The (1995)",Drama|Thriller,609.0,"['Drama', 'Thriller']",0.0,0.0,0.0,0.0,0.0,0.0,0.0,1.0,0.0,0.0,0.0,0.0,0.0,0.0,0.0,0.0,0.0,0.0
628.0,Primal Fear (1996),Drama|Thriller,610.0,"['Drama', 'Thriller']",0.0,0.0,0.0,0.0,1.0,0.0,0.0,0.0,0.0,0.0,0.0,0.0,0.0,0.0,0.0,0.0,0.0,0.0
630.0,Carried Away (1996),Drama|Romance,611.0,"['Drama', 'Romance']",0.0,0.0,0.0,0.0,0.0,0.0,0.0,1.0,0.0,0.0,0.0,0.0,0.0,0.0,0.0,0.0,0.0,0.0
631.0,All Dogs Go to Heaven 2 (1996),Animation|Children's|Musical,612.0,"['Animation', ""Children's"", 'Musical']",0.0,0.0,0.0,0.0,0.0,0.0,0.0,1.0,0.0,0.0,0.0,0.0,0.0,0.0,0.0,0.0,1.0,0.0
632.0,Land and Freedom (Tierra y libertad) (1995),War,613.0,['War'],1.0,1.0,0.0,0.0,0.0,0.0,0.0,0.0,0.0,0.0,0.0,0.0,1.0,0.0,0.0,0.0,0.0,0.0
633.0,Denise Calls Up (1995),Comedy,614.0,['Comedy'],0.0,0.0,0.0,0.0,1.0,0.0,0.0,1.0,0.0,0.0,0.0,0.0,0.0,0.0,0.0,0.0,0.0,0.0
634.0,Theodore Rex (1995),Comedy,615.0,['Comedy'],0.0,0.0,0.0,0.0,0.0,0.0,0.0,1.0,0.0,0.0,0.0,0.0,0.0,0.0,0.0,0.0,0.0,0.0
635.0,"Family Thing, A (1996)",Comedy|Drama,616.0,"['Comedy', 'Drama']",0.0,0.0,0.0,0.0,1.0,0.0,0.0,0.0,0.0,0.0,0.0,0.0,0.0,0.0,0.0,0.0,0.0,0.0
637.0,Sgt. Bilko (1996),Comedy,617.0,['Comedy'],1.0,1.0,0.0,0.0,0.0,0.0,0.0,0.0,1.0,0.0,0.0,0.0,0.0,0.0,0.0,0.0,0.0,0.0
638.0,Jack and Sarah (1995),Romance,618.0,['Romance'],0.0,0.0,0.0,0.0,1.0,0.0,0.0,0.0,0.0,0.0,0.0,0.0,0.0,0.0,0.0,0.0,0.0,0.0
639.0,Girl 6 (1996),Comedy,619.0,['Comedy'],0.0,0.0,0.0,0.0,1.0,0.0,0.0,0.0,0.0,0.0,0.0,0.0,0.0,0.0,0.0,0.0,0.0,0.0
640.0,Diabolique (1996),Drama|Thriller,620.0,"['Drama', 'Thriller']",0.0,0.0,0.0,0.0,1.0,0.0,0.0,1.0,0.0,0.0,0.0,0.0,0.0,0.0,0.0,0.0,0.0,0.0
641.0,"Little Indian, Big City (Un indien dans la ville) (1994)",Comedy,621.0,['Comedy'],0.0,0.0,0.0,0.0,0.0,0.0,0.0,1.0,0.0,0.0,0.0,0.0,0.0,0.0,0.0,0.0,0.0,0.0
642.0,Roula (1995),Drama,622.0,['Drama'],0.0,0.0,0.0,0.0,0.0,1.0,0.0,0.0,0.0,0.0,0.0,0.0,0.0,0.0,0.0,1.0,0.0,0.0
643.0,Peanuts - Die Bank zahlt alles (1996),Comedy,623.0,['Comedy'],0.0,0.0,0.0,0.0,0.0,0.0,0.0,1.0,0.0,0.0,0.0,0.0,0.0,0.0,0.0,0.0,0.0,0.0
644.0,Happy Weekend (1996),Comedy,624.0,['Comedy'],0.0,0.0,1.0,1.0,0.0,0.0,0.0,0.0,0.0,0.0,0.0,1.0,0.0,0.0,0.0,0.0,0.0,0.0
645.0,Nelly & Monsieur Arnaud (1995),Drama,625.0,['Drama'],0.0,0.0,0.0,0.0,0.0,0.0,0.0,0.0,0.0,0.0,0.0,0.0,0.0,0.0,0.0,1.0,0.0,0.0
647.0,Courage Under Fire (1996),Drama|War,626.0,"['Drama', 'War']",0.0,0.0,0.0,0.0,1.0,0.0,0.0,0.0,0.0,0.0,0.0,0.0,0.0,0.0,0.0,0.0,0.0,0.0
648.0,Mission: Impossible (1996),Action|Adventure|Mystery,627.0,"['Action', 'Adventure', 'Mystery']",0.0,0.0,0.0,0.0,1.0,0.0,0.0,0.0,0.0,0.0,0.0,0.0,0.0,0.0,0.0,0.0,0.0,0.0
649.0,Cold Fever (Á köldum klaka) (1994),Comedy|Drama,628.0,"['Comedy', 'Drama']",0.0,0.0,0.0,0.0,0.0,0.0,0.0,0.0,0.0,0.0,0.0,0.0,0.0,0.0,0.0,0.0,1.0,0.0
650.0,Moll Flanders (1996),Drama,629.0,['Drama'],0.0,0.0,0.0,0.0,0.0,0.0,0.0,1.0,0.0,0.0,0.0,0.0,0.0,0.0,0.0,0.0,0.0,0.0
651.0,"Superweib, Das (1996)",Comedy,630.0,['Comedy'],1.0,0.0,0.0,0.0,0.0,0.0,0.0,0.0,0.0,0.0,0.0,0.0,0.0,0.0,0.0,0.0,0.0,0.0
652.0,"301, 302 (1995)",Mystery,631.0,['Mystery'],0.0,0.0,0.0,0.0,0.0,0.0,0.0,1.0,0.0,0.0,0.0,0.0,0.0,0.0,0.0,0.0,0.0,0.0
653.0,Dragonheart (1996),Action|Adventure|Fantasy,632.0,"['Action', 'Adventure', 'Fantasy']",0.0,0.0,0.0,0.0,0.0,0.0,0.0,1.0,0.0,0.0,0.0,0.0,0.0,0.0,0.0,0.0,0.0,0.0
655.0,Mutters Courage (1995),Comedy,633.0,['Comedy'],0.0,0.0,0.0,0.0,1.0,0.0,0.0,0.0,0.0,0.0,0.0,0.0,0.0,0.0,1.0,0.0,0.0,0.0
656.0,Eddie (1996),Comedy,634.0,['Comedy'],0.0,0.0,0.0,0.0,0.0,0.0,0.0,1.0,0.0,0.0,0.0,0.0,0.0,0.0,0.0,0.0,0.0,0.0
657.0,Yankee Zulu (1994),Comedy|Drama,635.0,"['Comedy', 'Drama']",0.0,1.0,1.0,1.0,1.0,0.0,0.0,0.0,1.0,0.0,0.0,0.0,0.0,0.0,0.0,0.0,0.0,0.0
658.0,Billy's Holiday (1995),Drama,636.0,['Drama'],0.0,1.0,0.0,0.0,0.0,0.0,0.0,0.0,0.0,0.0,0.0,0.0,0.0,0.0,1.0,0.0,0.0,0.0
659.0,Purple Noon (1960),Crime|Thriller,637.0,"['Crime', 'Thriller']",0.0,0.0,0.0,0.0,0.0,0.0,0.0,1.0,0.0,0.0,0.0,0.0,0.0,0.0,0.0,1.0,0.0,0.0
660.0,August (1996),Drama,638.0,['Drama'],0.0,0.0,0.0,0.0,0.0,0.0,0.0,1.0,0.0,0.0,0.0,0.0,0.0,0.0,0.0,0.0,0.0,0.0
661.0,James and the Giant Peach (1996),Animation|Children's|Musical,639.0,"['Animation', ""Children's"", 'Musical']",0.0,0.0,0.0,0.0,0.0,0.0,0.0,0.0,0.0,0.0,0.0,0.0,0.0,0.0,1.0,0.0,0.0,0.0
662.0,Fear (1996),Thriller,640.0,['Thriller'],0.0,0.0,0.0,0.0,0.0,1.0,0.0,0.0,0.0,0.0,0.0,0.0,0.0,0.0,0.0,0.0,0.0,0.0
663.0,Kids in the Hall: Brain Candy (1996),Comedy,641.0,['Comedy'],0.0,0.0,0.0,0.0,0.0,0.0,1.0,1.0,0.0,0.0,0.0,0.0,0.0,0.0,0.0,0.0,0.0,0.0
664.0,Faithful (1996),Comedy,642.0,['Comedy'],0.0,0.0,0.0,0.0,0.0,0.0,0.0,1.0,0.0,0.0,0.0,0.0,0.0,0.0,0.0,0.0,0.0,0.0
665.0,Underground (1995),War,643.0,['War'],0.0,0.0,0.0,0.0,0.0,0.0,0.0,1.0,0.0,0.0,0.0,0.0,0.0,0.0,0.0,0.0,0.0,0.0
666.0,All Things Fair (1996),Drama,644.0,['Drama'],0.0,0.0,0.0,0.0,0.0,0.0,0.0,1.0,0.0,0.0,0.0,0.0,0.0,1.0,0.0,0.0,0.0,0.0
667.0,Bloodsport 2 (1995),Action,645.0,['Action'],1.0,1.0,0.0,0.0,1.0,0.0,0.0,0.0,0.0,0.0,0.0,0.0,0.0,0.0,0.0,0.0,1.0,0.0
668.0,Pather Panchali (1955),Drama,646.0,['Drama'],0.0,0.0,0.0,0.0,0.0,0.0,0.0,0.0,0.0,0.0,0.0,0.0,0.0,1.0,0.0,0.0,0.0,0.0
669.0,Aparajito (1956),Drama,647.0,['Drama'],0.0,0.0,0.0,0.0,1.0,0.0,0.0,0.0,0.0,0.0,0.0,0.0,0.0,1.0,0.0,0.0,0.0,0.0
670.0,"World of Apu, The (Apur Sansar) (1959)",Drama,648.0,['Drama'],1.0,0.0,0.0,0.0,0.0,0.0,0.0,0.0,0.0,0.0,0.0,0.0,0.0,0.0,1.0,1.0,0.0,0.0
671.0,Mystery Science Theater 3000: The Movie (1996),Comedy|Sci-Fi,649.0,"['Comedy', 'Sci-Fi']",1.0,0.0,0.0,0.0,0.0,0.0,0.0,0.0,0.0,0.0,0.0,0.0,0.0,0.0,0.0,0.0,0.0,0.0
672.0,Tarantella (1995),Drama,650.0,['Drama'],0.0,0.0,0.0,0.0,0.0,0.0,0.0,0.0,0.0,0.0,0.0,0.0,1.0,0.0,0.0,1.0,0.0,0.0
673.0,Space Jam (1996),Adventure|Animation|Children's|Comedy|Fantasy,651.0,"['Adventure', 'Animation', ""Children's"", 'Comedy', 'Fantasy']",0.0,0.0,0.0,0.0,0.0,0.0,0.0,0.0,0.0,0.0,0.0,0.0,0.0,0.0,0.0,1.0,0.0,0.0
674.0,Barbarella (1968),Adventure|Sci-Fi,652.0,"['Adventure', 'Sci-Fi']",0.0,0.0,0.0,0.0,0.0,0.0,0.0,1.0,0.0,0.0,0.0,0.0,0.0,1.0,0.0,0.0,0.0,0.0
678.0,Some Folks Call It a Sling Blade (1993),Drama|Thriller,653.0,"['Drama', 'Thriller']",0.0,0.0,0.0,0.0,0.0,0.0,0.0,1.0,0.0,0.0,0.0,0.0,0.0,0.0,0.0,0.0,0.0,0.0
679.0,"Run of the Country, The (1995)",Drama,654.0,['Drama'],0.0,0.0,0.0,0.0,0.0,0.0,0.0,1.0,0.0,0.0,0.0,0.0,0.0,0.0,0.0,0.0,0.0,0.0
680.0,Alphaville (1965),Sci-Fi,655.0,['Sci-Fi'],0.0,0.0,0.0,0.0,0.0,0.0,0.0,1.0,0.0,0.0,0.0,0.0,0.0,0.0,0.0,0.0,0.0,0.0
681.0,Clean Slate (Coup de Torchon) (1981),Crime,656.0,['Crime'],1.0,1.0,0.0,0.0,0.0,0.0,0.0,0.0,0.0,0.0,0.0,0.0,0.0,0.0,0.0,0.0,0.0,0.0
682.0,Tigrero: A Film That Was Never Made (1994),Documentary|Drama,657.0,"['Documentary', 'Drama']",0.0,0.0,0.0,0.0,1.0,0.0,0.0,0.0,0.0,0.0,0.0,0.0,0.0,0.0,0.0,0.0,0.0,0.0
684.0,Windows (1980),Drama,658.0,['Drama'],0.0,0.0,0.0,0.0,0.0,1.0,0.0,0.0,0.0,1.0,0.0,0.0,0.0,0.0,0.0,1.0,0.0,0.0
685.0,It's My Party (1995),Drama,659.0,['Drama'],0.0,0.0,0.0,0.0,1.0,0.0,0.0,0.0,0.0,0.0,0.0,0.0,0.0,1.0,0.0,0.0,0.0,0.0
687.0,Country Life (1994),Drama|Romance,660.0,"['Drama', 'Romance']",0.0,0.0,1.0,1.0,0.0,0.0,0.0,0.0,0.0,0.0,0.0,0.0,0.0,0.0,0.0,0.0,0.0,0.0
688.0,Operation Dumbo Drop (1995),Action|Adventure|Comedy|War,661.0,"['Action', 'Adventure', 'Comedy', 'War']",0.0,0.0,0.0,0.0,1.0,0.0,0.0,0.0,0.0,0.0,0.0,0.0,0.0,0.0,0.0,0.0,0.0,0.0
690.0,"Promise, The (Versprechen, Das) (1994)",Romance,662.0,['Romance'],0.0,1.0,0.0,1.0,0.0,0.0,0.0,0.0,0.0,0.0,0.0,0.0,0.0,0.0,0.0,0.0,0.0,0.0
691.0,Mrs. Winterbourne (1996),Comedy|Romance,663.0,"['Comedy', 'Romance']",0.0,0.0,0.0,0.0,0.0,0.0,0.0,1.0,0.0,0.0,0.0,0.0,0.0,0.0,0.0,0.0,0.0,0.0
692.0,Solo (1996),Action|Sci-Fi|Thriller,664.0,"['Action', 'Sci-Fi', 'Thriller']",0.0,0.0,0.0,0.0,0.0,0.0,0.0,0.0,0.0,0.0,0.0,0.0,0.0,0.0,0.0,0.0,0.0,1.0
694.0,"Substitute, The (1996)",Action,665.0,['Action'],0.0,0.0,0.0,0.0,0.0,1.0,0.0,0.0,0.0,0.0,0.0,0.0,0.0,0.0,0.0,0.0,0.0,0.0
695.0,True Crime (1995),Mystery|Thriller,666.0,"['Mystery', 'Thriller']",0.0,0.0,0.0,0.0,1.0,0.0,0.0,0.0,0.0,0.0,0.0,0.0,0.0,0.0,0.0,0.0,0.0,0.0
696.0,Butterfly Kiss (1995),Thriller,667.0,['Thriller'],0.0,0.0,0.0,0.0,1.0,0.0,0.0,0.0,0.0,0.0,0.0,0.0,0.0,0.0,1.0,0.0,0.0,0.0
697.0,Feeling Minnesota (1996),Drama|Romance,668.0,"['Drama', 'Romance']",0.0,0.0,0.0,0.0,1.0,0.0,0.0,0.0,0.0,0.0,0.0,0.0,0.0,0.0,0.0,0.0,0.0,0.0
698.0,Delta of Venus (1994),Drama,669.0,['Drama'],0.0,0.0,1.0,0.0,0.0,0.0,0.0,0.0,0.0,0.0,0.0,0.0,0.0,0.0,0.0,0.0,0.0,0.0
700.0,Angus (1995),Comedy,670.0,['Comedy'],0.0,0.0,0.0,0.0,0.0,0.0,0.0,1.0,0.0,0.0,1.0,0.0,0.0,0.0,0.0,0.0,0.0,0.0
701.0,Daens (1992),Drama,671.0,['Drama'],0.0,0.0,0.0,0.0,1.0,0.0,0.0,0.0,0.0,0.0,0.0,0.0,0.0,0.0,0.0,0.0,0.0,0.0
702.0,Faces (1968),Drama,672.0,['Drama'],0.0,0.0,0.0,0.0,0.0,0.0,0.0,1.0,0.0,0.0,0.0,0.0,0.0,0.0,0.0,0.0,0.0,0.0
703.0,Boys (1996),Drama,673.0,['Drama'],0.0,0.0,0.0,0.0,1.0,0.0,0.0,0.0,0.0,0.0,0.0,0.0,0.0,0.0,0.0,0.0,0.0,0.0
704.0,"Quest, The (1996)",Action|Adventure,674.0,"['Action', 'Adventure']",0.0,0.0,0.0,0.0,0.0,0.0,0.0,1.0,0.0,0.0,0.0,0.0,0.0,0.0,0.0,0.0,0.0,0.0
705.0,Cosi (1996),Comedy,675.0,['Comedy'],0.0,0.0,0.0,0.0,0.0,0.0,0.0,1.0,0.0,0.0,0.0,0.0,0.0,0.0,0.0,0.0,0.0,0.0
706.0,Sunset Park (1996),Drama,676.0,['Drama'],0.0,0.0,0.0,0.0,0.0,0.0,0.0,0.0,0.0,0.0,0.0,0.0,1.0,0.0,0.0,1.0,0.0,0.0
707.0,Mulholland Falls (1996),Crime|Film-Noir|Thriller,677.0,"['Crime', 'Film-Noir', 'Thriller']",0.0,0.0,0.0,0.0,0.0,1.0,0.0,0.0,0.0,0.0,0.0,0.0,0.0,0.0,0.0,0.0,0.0,0.0
708.0,"Truth About Cats & Dogs, The (1996)",Comedy|Romance,678.0,"['Comedy', 'Romance']",1.0,1.0,0.0,0.0,0.0,0.0,0.0,0.0,0.0,0.0,0.0,0.0,0.0,0.0,0.0,1.0,0.0,0.0
709.0,Oliver & Company (1988),Animation|Children's,679.0,"['Animation', ""Children's""]",0.0,0.0,0.0,0.0,1.0,0.0,0.0,0.0,0.0,0.0,0.0,0.0,0.0,0.0,0.0,0.0,0.0,0.0
710.0,Celtic Pride (1996),Comedy,680.0,['Comedy'],0.0,0.0,0.0,0.0,1.0,0.0,0.0,0.0,0.0,0.0,1.0,0.0,0.0,0.0,0.0,0.0,0.0,0.0
711.0,Flipper (1996),Adventure|Children's,681.0,"['Adventure', ""Children's""]",1.0,1.0,0.0,0.0,0.0,0.0,0.0,0.0,0.0,0.0,0.0,0.0,0.0,1.0,0.0,1.0,0.0,0.0
712.0,Captives (1994),Drama,682.0,['Drama'],1.0,0.0,0.0,0.0,0.0,0.0,0.0,0.0,0.0,0.0,0.0,0.0,0.0,0.0,1.0,0.0,0.0,0.0
714.0,Dead Man (1995),Western,683.0,['Western'],0.0,0.0,0.0,0.0,0.0,0.0,0.0,0.0,0.0,0.0,1.0,0.0,0.0,0.0,0.0,1.0,0.0,0.0
715.0,"Horseman on the Roof, The (Hussard sur le toit, Le) (1995)",Drama,684.0,['Drama'],0.0,0.0,0.0,0.0,1.0,0.0,0.0,0.0,0.0,0.0,0.0,0.0,0.0,0.0,0.0,0.0,0.0,0.0
716.0,Switchblade Sisters (1975),Crime,685.0,['Crime'],0.0,0.0,0.0,0.0,0.0,0.0,0.0,1.0,0.0,0.0,0.0,0.0,0.0,0.0,0.0,0.0,0.0,0.0
717.0,Mouth to Mouth (Boca a boca) (1995),Comedy,686.0,['Comedy'],0.0,0.0,1.0,0.0,1.0,0.0,0.0,0.0,0.0,0.0,0.0,0.0,0.0,0.0,0.0,1.0,0.0,0.0
718.0,"Visitors, The (Les Visiteurs) (1993)",Comedy|Sci-Fi,687.0,"['Comedy', 'Sci-Fi']",0.0,0.0,0.0,0.0,0.0,0.0,0.0,0.0,0.0,1.0,0.0,0.0,0.0,0.0,0.0,0.0,0.0,0.0
719.0,Multiplicity (1996),Comedy,688.0,['Comedy'],0.0,0.0,0.0,0.0,1.0,0.0,0.0,0.0,0.0,0.0,0.0,0.0,0.0,0.0,0.0,0.0,0.0,0.0
720.0,Wallace & Gromit: The Best of Aardman Animation (1996),Animation,689.0,['Animation'],1.0,0.0,0.0,0.0,0.0,0.0,0.0,0.0,0.0,0.0,0.0,0.0,0.0,0.0,1.0,1.0,0.0,0.0
722.0,"Haunted World of Edward D. Wood Jr., The (1995)",Documentary,690.0,['Documentary'],0.0,0.0,0.0,0.0,0.0,0.0,0.0,0.0,0.0,0.0,0.0,0.0,0.0,0.0,1.0,0.0,1.0,0.0
724.0,"Craft, The (1996)",Drama|Horror,691.0,"['Drama', 'Horror']",0.0,0.0,0.0,0.0,1.0,0.0,0.0,1.0,0.0,0.0,0.0,0.0,0.0,0.0,0.0,0.0,0.0,0.0
725.0,"Great White Hype, The (1996)",Comedy,692.0,['Comedy'],0.0,1.0,0.0,1.0,0.0,0.0,0.0,0.0,0.0,0.0,0.0,0.0,0.0,0.0,0.0,0.0,0.0,0.0
726.0,Last Dance (1996),Drama,693.0,['Drama'],0.0,0.0,0.0,1.0,0.0,0.0,0.0,1.0,0.0,0.0,0.0,0.0,0.0,0.0,0.0,0.0,0.0,0.0
728.0,Cold Comfort Farm (1995),Comedy,694.0,['Comedy'],0.0,0.0,0.0,0.0,0.0,0.0,0.0,1.0,0.0,0.0,0.0,0.0,0.0,0.0,0.0,0.0,0.0,0.0
729.0,"Institute Benjamenta, or This Dream People Call Human Life (1995)",Drama,695.0,['Drama'],0.0,0.0,0.0,0.0,0.0,0.0,0.0,1.0,0.0,0.0,0.0,0.0,0.0,0.0,0.0,0.0,0.0,0.0
730.0,"Low Life, The (1994)",Drama,696.0,['Drama'],0.0,0.0,0.0,0.0,0.0,0.0,1.0,0.0,0.0,0.0,0.0,0.0,0.0,0.0,0.0,0.0,0.0,0.0
731.0,Heaven's Prisoners (1996),Mystery|Thriller,697.0,"['Mystery', 'Thriller']",0.0,0.0,0.0,0.0,0.0,0.0,0.0,0.0,0.0,0.0,0.0,0.0,0.0,0.0,0.0,0.0,1.0,0.0
732.0,Original Gangstas (1996),Crime,698.0,['Crime'],0.0,1.0,0.0,0.0,0.0,0.0,0.0,0.0,0.0,0.0,0.0,0.0,0.0,0.0,0.0,0.0,0.0,0.0
733.0,"Rock, The (1996)",Action|Adventure|Thriller,699.0,"['Action', 'Adventure', 'Thriller']",0.0,0.0,0.0,0.0,1.0,1.0,0.0,0.0,0.0,0.0,0.0,0.0,0.0,0.0,0.0,0.0,0.0,0.0
734.0,Getting Away With Murder (1996),Comedy,700.0,['Comedy'],0.0,0.0,0.0,0.0,0.0,0.0,0.0,1.0,0.0,0.0,0.0,0.0,0.0,0.0,0.0,0.0,0.0,0.0
735.0,Cemetery Man (Dellamorte Dellamore) (1994),Comedy|Horror,701.0,"['Comedy', 'Horror']",0.0,0.0,0.0,0.0,0.0,0.0,0.0,1.0,0.0,0.0,0.0,0.0,0.0,1.0,0.0,0.0,0.0,0.0
736.0,Twister (1996),Action|Adventure|Romance|Thriller,702.0,"['Action', 'Adventure', 'Romance', 'Thriller']",0.0,0.0,0.0,0.0,1.0,0.0,0.0,1.0,0.0,0.0,0.0,0.0,0.0,0.0,0.0,0.0,0.0,0.0
737.0,Barb Wire (1996),Action|Sci-Fi,703.0,"['Action', 'Sci-Fi']",0.0,0.0,0.0,0.0,0.0,0.0,0.0,1.0,0.0,0.0,0.0,0.0,0.0,0.0,0.0,0.0,0.0,0.0
741.0,Ghost in the Shell (Kokaku kidotai) (1995),Animation|Sci-Fi,704.0,"['Animation', 'Sci-Fi']",0.0,0.0,0.0,0.0,1.0,0.0,0.0,1.0,0.0,0.0,0.0,0.0,0.0,0.0,0.0,0.0,0.0,0.0
742.0,Thinner (1996),Horror|Thriller,705.0,"['Horror', 'Thriller']",0.0,0.0,0.0,0.0,0.0,0.0,0.0,1.0,0.0,0.0,0.0,0.0,0.0,0.0,0.0,0.0,0.0,0.0
743.0,Spy Hard (1996),Comedy,706.0,['Comedy'],0.0,0.0,0.0,0.0,0.0,0.0,0.0,0.0,0.0,0.0,1.0,0.0,0.0,0.0,0.0,0.0,0.0,0.0
744.0,Brothers in Trouble (1995),Drama,707.0,['Drama'],0.0,0.0,0.0,0.0,1.0,0.0,0.0,1.0,0.0,0.0,0.0,0.0,0.0,0.0,0.0,0.0,0.0,0.0
745.0,"Close Shave, A (1995)",Animation|Comedy|Thriller,708.0,"['Animation', 'Comedy', 'Thriller']",0.0,0.0,0.0,0.0,0.0,0.0,0.0,1.0,0.0,0.0,0.0,0.0,0.0,0.0,0.0,0.0,0.0,0.0
746.0,Force of Evil (1948),Film-Noir,709.0,['Film-Noir'],0.0,0.0,0.0,0.0,0.0,0.0,0.0,1.0,0.0,0.0,0.0,0.0,0.0,1.0,0.0,0.0,0.0,0.0
747.0,"Stupids, The (1996)",Comedy,710.0,['Comedy'],1.0,0.0,0.0,0.0,0.0,0.0,0.0,0.0,0.0,0.0,0.0,0.0,0.0,0.0,1.0,0.0,1.0,0.0
748.0,"Arrival, The (1996)",Action|Sci-Fi|Thriller,711.0,"['Action', 'Sci-Fi', 'Thriller']",0.0,0.0,0.0,0.0,0.0,0.0,0.0,1.0,0.0,0.0,0.0,0.0,0.0,0.0,0.0,0.0,0.0,0.0
749.0,"Man from Down Under, The (1943)",Drama,712.0,['Drama'],0.0,0.0,0.0,0.0,0.0,0.0,0.0,0.0,0.0,0.0,0.0,0.0,0.0,0.0,0.0,1.0,0.0,0.0
750.0,Dr. Strangelove or: How I Learned to Stop Worrying and Love the Bomb (1963),Sci-Fi|War,713.0,"['Sci-Fi', 'War']",0.0,0.0,1.0,1.0,0.0,0.0,0.0,0.0,0.0,0.0,0.0,1.0,0.0,0.0,0.0,0.0,0.0,0.0
751.0,Careful (1992),Comedy,714.0,['Comedy'],0.0,0.0,0.0,0.0,1.0,0.0,0.0,0.0,0.0,0.0,0.0,0.0,0.0,0.0,0.0,0.0,0.0,0.0
753.0,"Month by the Lake, A (1995)",Comedy|Drama,715.0,"['Comedy', 'Drama']",1.0,0.0,0.0,0.0,0.0,0.0,0.0,0.0,0.0,0.0,0.0,0.0,0.0,0.0,0.0,1.0,0.0,0.0
754.0,Gold Diggers: The Secret of Bear Mountain (1995),Adventure|Children's,716.0,"['Adventure', ""Children's""]",0.0,0.0,0.0,0.0,0.0,0.0,1.0,0.0,0.0,0.0,0.0,0.0,0.0,0.0,0.0,0.0,0.0,0.0
755.0,Kim (1950),Children's|Drama,717.0,"[""Children's"", 'Drama']",0.0,0.0,0.0,0.0,1.0,0.0,0.0,0.0,1.0,0.0,0.0,0.0,0.0,1.0,1.0,0.0,0.0,0.0
756.0,Carmen Miranda: Bananas Is My Business (1994),Documentary,718.0,['Documentary'],0.0,0.0,0.0,0.0,0.0,0.0,0.0,1.0,0.0,0.0,0.0,0.0,0.0,0.0,0.0,0.0,0.0,0.0
757.0,Ashes of Time (1994),Drama,719.0,['Drama'],0.0,0.0,0.0,0.0,0.0,0.0,0.0,1.0,0.0,0.0,0.0,0.0,0.0,0.0,0.0,0.0,0.0,0.0
758.0,"Jar, The (Khomreh) (1992)",Drama,720.0,['Drama'],0.0,0.0,0.0,0.0,0.0,0.0,1.0,0.0,0.0,0.0,0.0,0.0,0.0,0.0,0.0,0.0,0.0,0.0
759.0,Maya Lin: A Strong Clear Vision (1994),Documentary,721.0,['Documentary'],0.0,0.0,0.0,0.0,0.0,0.0,0.0,0.0,1.0,0.0,0.0,0.0,0.0,0.0,0.0,0.0,0.0,0.0
760.0,Stalingrad (1993),War,722.0,['War'],0.0,0.0,0.0,0.0,0.0,0.0,0.0,1.0,0.0,0.0,0.0,0.0,0.0,0.0,0.0,0.0,0.0,0.0
761.0,"Phantom, The (1996)",Adventure,723.0,['Adventure'],0.0,0.0,0.0,0.0,0.0,0.0,0.0,1.0,0.0,0.0,0.0,0.0,0.0,0.0,0.0,0.0,0.0,0.0
762.0,Striptease (1996),Comedy|Crime,724.0,"['Comedy', 'Crime']",1.0,1.0,0.0,0.0,0.0,0.0,0.0,0.0,0.0,0.0,0.0,0.0,0.0,0.0,0.0,1.0,0.0,0.0
763.0,"Last of the High Kings, The (a.k.a. Summer Fling) (1996)",Drama,725.0,['Drama'],0.0,0.0,0.0,0.0,1.0,0.0,0.0,0.0,0.0,0.0,1.0,0.0,0.0,0.0,0.0,0.0,0.0,0.0
764.0,Heavy (1995),Drama|Romance,726.0,"['Drama', 'Romance']",0.0,0.0,0.0,0.0,0.0,0.0,0.0,1.0,0.0,0.0,0.0,0.0,1.0,0.0,0.0,0.0,0.0,0.0
765.0,Jack (1996),Comedy|Drama,727.0,"['Comedy', 'Drama']",0.0,0.0,0.0,1.0,1.0,0.0,0.0,0.0,0.0,0.0,0.0,0.0,0.0,0.0,0.0,0.0,0.0,0.0
766.0,I Shot Andy Warhol (1996),Drama,728.0,['Drama'],0.0,0.0,0.0,0.0,0.0,0.0,0.0,1.0,0.0,0.0,0.0,0.0,0.0,1.0,0.0,0.0,0.0,0.0
767.0,"Grass Harp, The (1995)",Drama,729.0,['Drama'],0.0,0.0,0.0,0.0,0.0,0.0,0.0,0.0,0.0,0.0,0.0,0.0,0.0,1.0,0.0,0.0,0.0,0.0
769.0,Marlene Dietrich: Shadow and Light (1996),Documentary,730.0,['Documentary'],0.0,0.0,0.0,0.0,0.0,0.0,0.0,1.0,0.0,0.0,0.0,0.0,0.0,0.0,0.0,0.0,0.0,0.0
771.0,"Vie est belle, La (Life is Rosey) (1987)",Comedy|Drama,731.0,"['Comedy', 'Drama']",0.0,0.0,0.0,0.0,1.0,0.0,0.0,0.0,0.0,0.0,0.0,0.0,0.0,1.0,0.0,0.0,0.0,0.0
774.0,Wend Kuuni (God's Gift) (1982),Drama,732.0,['Drama'],0.0,0.0,0.0,1.0,1.0,0.0,0.0,0.0,1.0,0.0,0.0,0.0,0.0,0.0,0.0,0.0,0.0,0.0
775.0,Spirits of the Dead (Tre Passi nel Delirio) (1968),Horror,733.0,['Horror'],0.0,0.0,0.0,0.0,1.0,0.0,0.0,0.0,0.0,0.0,0.0,0.0,0.0,0.0,0.0,0.0,0.0,0.0
776.0,Babyfever (1994),Comedy|Drama,734.0,"['Comedy', 'Drama']",0.0,0.0,0.0,0.0,1.0,0.0,0.0,0.0,0.0,0.0,0.0,0.0,0.0,0.0,0.0,0.0,0.0,0.0
778.0,Trainspotting (1996),Drama,735.0,['Drama'],1.0,0.0,0.0,0.0,0.0,0.0,0.0,0.0,0.0,0.0,0.0,0.0,1.0,0.0,0.0,1.0,0.0,0.0
779.0,'Til There Was You (1997),Drama|Romance,736.0,"['Drama', 'Romance']",0.0,0.0,0.0,0.0,1.0,0.0,0.0,0.0,0.0,0.0,0.0,0.0,0.0,0.0,0.0,0.0,0.0,0.0
780.0,Independence Day (ID4) (1996),Action|Sci-Fi|War,737.0,"['Action', 'Sci-Fi', 'War']",0.0,0.0,0.0,0.0,0.0,0.0,0.0,1.0,0.0,0.0,0.0,0.0,0.0,0.0,0.0,0.0,0.0,0.0
781.0,Stealing Beauty (1996),Drama,738.0,['Drama'],0.0,0.0,0.0,0.0,0.0,0.0,0.0,0.0,0.0,0.0,0.0,0.0,0.0,1.0,0.0,0.0,0.0,0.0
782.0,"Fan, The (1996)",Thriller,739.0,['Thriller'],0.0,0.0,0.0,0.0,0.0,0.0,0.0,1.0,0.0,0.0,0.0,0.0,0.0,0.0,0.0,0.0,0.0,0.0
783.0,"Hunchback of Notre Dame, The (1996)",Animation|Children's|Musical,740.0,"['Animation', ""Children's"", 'Musical']",0.0,0.0,0.0,0.0,0.0,0.0,0.0,1.0,0.0,0.0,0.0,0.0,0.0,0.0,0.0,0.0,0.0,0.0
784.0,"Cable Guy, The (1996)",Comedy,741.0,['Comedy'],0.0,0.0,0.0,0.0,0.0,0.0,0.0,1.0,0.0,0.0,0.0,0.0,0.0,0.0,0.0,0.0,0.0,0.0
785.0,Kingpin (1996),Comedy,742.0,['Comedy'],0.0,0.0,0.0,0.0,0.0,0.0,0.0,1.0,0.0,0.0,0.0,0.0,0.0,0.0,0.0,0.0,0.0,0.0
786.0,Eraser (1996),Action|Thriller,743.0,"['Action', 'Thriller']",0.0,1.0,0.0,1.0,0.0,0.0,0.0,0.0,0.0,0.0,0.0,0.0,0.0,0.0,0.0,0.0,0.0,0.0
787.0,"Gate of Heavenly Peace, The (1995)",Documentary,744.0,['Documentary'],0.0,0.0,0.0,0.0,1.0,0.0,0.0,0.0,0.0,0.0,0.0,1.0,0.0,0.0,0.0,0.0,0.0,0.0
788.0,"Nutty Professor, The (1996)",Comedy|Fantasy|Romance|Sci-Fi,745.0,"['Comedy', 'Fantasy', 'Romance', 'Sci-Fi']",0.0,0.0,0.0,0.0,1.0,0.0,0.0,0.0,0.0,0.0,0.0,0.0,0.0,0.0,0.0,0.0,0.0,0.0
789.0,"I, Worst of All (Yo, la peor de todas) (1990)",Drama,746.0,['Drama'],0.0,0.0,0.0,0.0,0.0,0.0,0.0,1.0,0.0,0.0,0.0,0.0,0.0,0.0,0.0,0.0,0.0,0.0
790.0,An Unforgettable Summer (1994),Drama,747.0,['Drama'],0.0,0.0,0.0,0.0,0.0,0.0,0.0,1.0,0.0,0.0,0.0,0.0,0.0,0.0,0.0,1.0,0.0,0.0
791.0,"Last Klezmer: Leopold Kozlowski, His Life and Music, The (1995)",Documentary,748.0,['Documentary'],0.0,0.0,0.0,0.0,1.0,0.0,0.0,0.0,0.0,0.0,0.0,0.0,0.0,0.0,0.0,0.0,0.0,0.0
792.0,"Hungarian Fairy Tale, A (1987)",Fantasy,749.0,['Fantasy'],0.0,0.0,0.0,0.0,1.0,0.0,0.0,0.0,0.0,0.0,0.0,0.0,0.0,0.0,0.0,0.0,0.0,0.0
793.0,My Life and Times With Antonin Artaud (En compagnie d'Antonin Artaud) (1993),Drama,750.0,['Drama'],0.0,0.0,0.0,0.0,0.0,0.0,0.0,1.0,0.0,0.0,0.0,0.0,0.0,0.0,0.0,0.0,0.0,0.0
796.0,"Very Natural Thing, A (1974)",Drama,751.0,['Drama'],0.0,0.0,0.0,0.0,1.0,0.0,0.0,1.0,0.0,0.0,0.0,0.0,0.0,1.0,0.0,0.0,0.0,0.0
798.0,Daylight (1996),Action|Adventure|Thriller,752.0,"['Action', 'Adventure', 'Thriller']",0.0,0.0,0.0,0.0,1.0,0.0,0.0,0.0,0.0,0.0,0.0,0.0,0.0,0.0,0.0,0.0,0.0,0.0
799.0,"Frighteners, The (1996)",Comedy|Horror,753.0,"['Comedy', 'Horror']",0.0,0.0,0.0,0.0,0.0,0.0,0.0,0.0,0.0,0.0,1.0,0.0,0.0,0.0,0.0,0.0,0.0,0.0
800.0,Lone Star (1996),Drama|Mystery,754.0,"['Drama', 'Mystery']",0.0,0.0,0.0,0.0,0.0,0.0,0.0,0.0,0.0,0.0,1.0,0.0,0.0,0.0,0.0,0.0,0.0,0.0
801.0,Harriet the Spy (1996),Children's|Comedy,755.0,"[""Children's"", 'Comedy']",0.0,0.0,0.0,0.0,0.0,0.0,0.0,1.0,0.0,0.0,0.0,0.0,0.0,0.0,0.0,0.0,0.0,0.0
802.0,Phenomenon (1996),Drama|Romance,756.0,"['Drama', 'Romance']",0.0,0.0,0.0,0.0,0.0,0.0,0.0,1.0,0.0,0.0,0.0,0.0,0.0,0.0,0.0,0.0,0.0,0.0
803.0,Walking and Talking (1996),Romance,757.0,['Romance'],0.0,0.0,0.0,0.0,0.0,0.0,0.0,1.0,0.0,0.0,0.0,0.0,0.0,0.0,0.0,0.0,0.0,0.0
804.0,She's the One (1996),Comedy|Romance,758.0,"['Comedy', 'Romance']",0.0,0.0,0.0,0.0,1.0,0.0,0.0,1.0,0.0,0.0,0.0,0.0,0.0,0.0,0.0,0.0,0.0,0.0
805.0,"Time to Kill, A (1996)",Drama,759.0,['Drama'],0.0,0.0,0.0,0.0,0.0,0.0,0.0,1.0,0.0,0.0,0.0,0.0,0.0,0.0,0.0,0.0,0.0,0.0
806.0,American Buffalo (1996),Drama,760.0,['Drama'],1.0,1.0,0.0,0.0,0.0,0.0,0.0,0.0,0.0,0.0,0.0,0.0,0.0,0.0,1.0,1.0,0.0,0.0
807.0,"Rendezvous in Paris (Rendez-vous de Paris, Les) (1995)",Comedy|Romance,761.0,"['Comedy', 'Romance']",0.0,0.0,0.0,0.0,0.0,1.0,0.0,1.0,0.0,0.0,0.0,0.0,0.0,0.0,0.0,0.0,0.0,0.0
808.0,Alaska (1996),Adventure|Children's,762.0,"['Adventure', ""Children's""]",0.0,0.0,0.0,0.0,0.0,0.0,0.0,1.0,0.0,0.0,0.0,0.0,0.0,0.0,0.0,0.0,0.0,0.0
809.0,Fled (1996),Action|Adventure,763.0,"['Action', 'Adventure']",0.0,0.0,0.0,0.0,1.0,0.0,0.0,0.0,0.0,0.0,0.0,0.0,0.0,1.0,0.0,0.0,0.0,0.0
810.0,Kazaam (1996),Children's|Comedy|Fantasy,764.0,"[""Children's"", 'Comedy', 'Fantasy']",0.0,0.0,0.0,0.0,0.0,0.0,0.0,1.0,0.0,0.0,0.0,0.0,0.0,0.0,0.0,0.0,0.0,0.0
811.0,"Bewegte Mann, Der (1994)",Comedy,765.0,['Comedy'],0.0,0.0,0.0,0.0,0.0,0.0,0.0,1.0,0.0,0.0,0.0,0.0,0.0,0.0,0.0,0.0,0.0,0.0
813.0,Larger Than Life (1996),Comedy,766.0,['Comedy'],0.0,0.0,0.0,0.0,0.0,0.0,1.0,0.0,0.0,0.0,0.0,0.0,0.0,0.0,0.0,0.0,0.0,0.0
814.0,"Boy Called Hate, A (1995)",Drama,767.0,['Drama'],0.0,0.0,0.0,0.0,1.0,0.0,0.0,0.0,0.0,0.0,0.0,0.0,0.0,0.0,0.0,0.0,0.0,0.0
815.0,Power 98 (1995),Action|Mystery|Thriller,768.0,"['Action', 'Mystery', 'Thriller']",1.0,0.0,0.0,0.0,0.0,0.0,0.0,0.0,0.0,0.0,0.0,0.0,0.0,0.0,0.0,1.0,0.0,0.0
818.0,"Very Brady Sequel, A (1996)",Comedy,769.0,['Comedy'],0.0,0.0,0.0,0.0,1.0,0.0,0.0,0.0,0.0,0.0,0.0,0.0,0.0,0.0,0.0,0.0,0.0,0.0
820.0,"Death in the Garden (Mort en ce jardin, La) (1956)",Drama,770.0,['Drama'],0.0,0.0,0.0,0.0,0.0,0.0,0.0,1.0,0.0,0.0,0.0,0.0,0.0,0.0,0.0,0.0,0.0,0.0
821.0,"Crude Oasis, The (1995)",Romance,771.0,['Romance'],0.0,0.0,0.0,0.0,0.0,1.0,0.0,1.0,0.0,0.0,0.0,0.0,0.0,1.0,0.0,1.0,0.0,0.0
823.0,"Collectionneuse, La (1967)",Drama,772.0,['Drama'],0.0,0.0,0.0,0.0,1.0,0.0,0.0,0.0,0.0,0.0,0.0,0.0,0.0,0.0,0.0,0.0,0.0,0.0
824.0,Kaspar Hauser (1993),Drama,773.0,['Drama'],0.0,0.0,0.0,0.0,0.0,1.0,0.0,0.0,0.0,0.0,0.0,0.0,0.0,0.0,0.0,0.0,0.0,0.0
826.0,Diebinnen (1995),Drama,774.0,['Drama'],0.0,0.0,0.0,0.0,0.0,0.0,0.0,1.0,0.0,0.0,0.0,0.0,0.0,0.0,0.0,0.0,0.0,0.0
827.0,"Convent, The (Convento, O) (1995)",Drama,775.0,['Drama'],0.0,0.0,0.0,0.0,0.0,1.0,0.0,1.0,0.0,0.0,0.0,0.0,0.0,0.0,0.0,0.0,0.0,0.0
828.0,"Adventures of Pinocchio, The (1996)",Adventure|Children's,776.0,"['Adventure', ""Children's""]",0.0,0.0,0.0,0.0,0.0,0.0,0.0,1.0,0.0,0.0,0.0,0.0,0.0,0.0,0.0,0.0,0.0,0.0
829.0,Joe's Apartment (1996),Comedy|Musical,777.0,"['Comedy', 'Musical']",1.0,0.0,0.0,0.0,0.0,0.0,0.0,0.0,0.0,0.0,0.0,0.0,0.0,0.0,0.0,0.0,0.0,0.0
830.0,"First Wives Club, The (1996)",Comedy,778.0,['Comedy'],0.0,0.0,0.0,0.0,0.0,0.0,0.0,1.0,0.0,0.0,0.0,0.0,0.0,0.0,0.0,0.0,0.0,0.0
831.0,Stonewall (1995),Drama,779.0,['Drama'],0.0,0.0,0.0,0.0,0.0,0.0,0.0,1.0,0.0,0.0,0.0,0.0,0.0,0.0,0.0,0.0,0.0,0.0
832.0,Ransom (1996),Drama|Thriller,780.0,"['Drama', 'Thriller']",0.0,0.0,0.0,0.0,0.0,0.0,0.0,0.0,0.0,0.0,1.0,0.0,0.0,0.0,0.0,0.0,0.0,0.0
833.0,High School High (1996),Comedy,781.0,['Comedy'],0.0,0.0,0.0,0.0,0.0,0.0,0.0,0.0,0.0,0.0,0.0,0.0,0.0,0.0,1.0,1.0,0.0,0.0
834.0,Phat Beach (1996),Comedy,782.0,['Comedy'],0.0,0.0,0.0,1.0,1.0,0.0,0.0,0.0,0.0,0.0,0.0,0.0,0.0,0.0,0.0,0.0,0.0,0.0
835.0,Foxfire (1996),Drama,783.0,['Drama'],0.0,0.0,0.0,0.0,0.0,0.0,0.0,1.0,0.0,0.0,0.0,0.0,0.0,0.0,0.0,1.0,0.0,0.0
836.0,Chain Reaction (1996),Action|Adventure|Thriller,784.0,"['Action', 'Adventure', 'Thriller']",0.0,0.0,0.0,0.0,0.0,0.0,0.0,1.0,0.0,0.0,0.0,0.0,0.0,0.0,0.0,0.0,0.0,0.0
837.0,Matilda (1996),Children's|Comedy,785.0,"[""Children's"", 'Comedy']",0.0,0.0,0.0,1.0,0.0,0.0,0.0,1.0,1.0,0.0,0.0,0.0,0.0,0.0,0.0,0.0,0.0,0.0
838.0,Emma (1996),Comedy|Drama|Romance,786.0,"['Comedy', 'Drama', 'Romance']",1.0,0.0,0.0,0.0,0.0,0.0,0.0,0.0,0.0,0.0,0.0,0.0,0.0,0.0,0.0,0.0,0.0,0.0
839.0,"Crow: City of Angels, The (1996)",Action|Thriller,787.0,"['Action', 'Thriller']",0.0,0.0,0.0,0.0,0.0,0.0,0.0,1.0,0.0,0.0,0.0,0.0,0.0,0.0,0.0,0.0,0.0,0.0
840.0,House Arrest (1996),Comedy,788.0,['Comedy'],0.0,0.0,1.0,1.0,0.0,0.0,0.0,0.0,0.0,0.0,0.0,0.0,0.0,0.0,0.0,0.0,0.0,0.0
841.0,Eyes Without a Face (1959),Horror,789.0,['Horror'],0.0,0.0,0.0,0.0,0.0,0.0,0.0,0.0,0.0,0.0,0.0,0.0,0.0,1.0,0.0,0.0,0.0,0.0
842.0,Tales from the Crypt Presents: Bordello of Blood (1996),Horror,790.0,['Horror'],0.0,0.0,0.0,0.0,0.0,0.0,0.0,0.0,0.0,0.0,1.0,0.0,0.0,0.0,0.0,1.0,0.0,0.0
843.0,Lotto Land (1995),Drama,791.0,['Drama'],0.0,0.0,0.0,0.0,1.0,0.0,0.0,1.0,0.0,0.0,0.0,0.0,0.0,1.0,0.0,0.0,0.0,0.0
844.0,"Story of Xinghua, The (1993)",Drama,792.0,['Drama'],0.0,0.0,0.0,0.0,0.0,0.0,0.0,1.0,0.0,0.0,0.0,0.0,0.0,0.0,0.0,0.0,0.0,0.0
846.0,Flirt (1995),Drama,793.0,['Drama'],0.0,0.0,0.0,0.0,0.0,0.0,0.0,1.0,0.0,0.0,0.0,0.0,0.0,0.0,0.0,0.0,0.0,0.0
847.0,"Big Squeeze, The (1996)",Comedy|Drama,794.0,"['Comedy', 'Drama']",0.0,1.0,0.0,0.0,0.0,0.0,0.0,0.0,0.0,0.0,0.0,0.0,0.0,0.0,0.0,0.0,1.0,0.0
848.0,"Spitfire Grill, The (1996)",Drama,795.0,['Drama'],0.0,0.0,0.0,0.0,1.0,0.0,0.0,0.0,0.0,0.0,0.0,0.0,0.0,1.0,0.0,0.0,0.0,0.0
849.0,Escape from L.A. (1996),Action|Adventure|Sci-Fi|Thriller,796.0,"['Action', 'Adventure', 'Sci-Fi', 'Thriller']",0.0,0.0,0.0,0.0,0.0,0.0,0.0,0.0,0.0,0.0,0.0,1.0,0.0,1.0,0.0,0.0,0.0,0.0
850.0,Cyclo (1995),Crime|Drama,797.0,"['Crime', 'Drama']",0.0,0.0,0.0,0.0,0.0,0.0,0.0,0.0,0.0,0.0,0.0,1.0,0.0,1.0,0.0,0.0,0.0,0.0
851.0,Basquiat (1996),Drama,798.0,['Drama'],0.0,0.0,0.0,0.0,1.0,0.0,0.0,0.0,0.0,0.0,0.0,1.0,0.0,0.0,0.0,0.0,0.0,0.0
852.0,Tin Cup (1996),Comedy|Romance,799.0,"['Comedy', 'Romance']",0.0,0.0,0.0,0.0,0.0,0.0,0.0,1.0,0.0,0.0,0.0,0.0,0.0,1.0,0.0,0.0,0.0,0.0
853.0,Dingo (1992),Drama,800.0,['Drama'],0.0,0.0,0.0,0.0,0.0,0.0,0.0,0.0,0.0,0.0,0.0,0.0,1.0,0.0,0.0,1.0,0.0,0.0
854.0,"Ballad of Narayama, The (Narayama Bushiko) (1958)",Drama,801.0,['Drama'],0.0,0.0,0.0,0.0,0.0,0.0,0.0,0.0,0.0,0.0,0.0,0.0,1.0,0.0,0.0,1.0,0.0,0.0
858.0,"Godfather, The (1972)",Action|Crime|Drama,802.0,"['Action', 'Crime', 'Drama']",0.0,0.0,0.0,0.0,0.0,0.0,0.0,1.0,0.0,0.0,0.0,0.0,0.0,0.0,0.0,1.0,0.0,0.0
859.0,"Hippie Revolution, The (1996)",Documentary,803.0,['Documentary'],0.0,0.0,0.0,0.0,1.0,0.0,0.0,1.0,0.0,0.0,0.0,0.0,0.0,0.0,0.0,0.0,0.0,0.0
860.0,"Maybe, Maybe Not (Bewegte Mann, Der) (1994)",Comedy,804.0,['Comedy'],0.0,0.0,0.0,0.0,1.0,1.0,0.0,0.0,0.0,0.0,0.0,0.0,0.0,0.0,0.0,0.0,0.0,0.0
861.0,Supercop (1992),Action|Thriller,805.0,"['Action', 'Thriller']",0.0,0.0,0.0,0.0,1.0,0.0,0.0,0.0,0.0,0.0,0.0,0.0,1.0,1.0,0.0,1.0,0.0,0.0
862.0,Manny & Lo (1996),Drama,806.0,['Drama'],0.0,0.0,0.0,0.0,0.0,0.0,0.0,1.0,0.0,0.0,0.0,0.0,0.0,1.0,0.0,0.0,1.0,0.0
863.0,Celestial Clockwork (1994),Comedy,807.0,['Comedy'],0.0,0.0,0.0,0.0,0.0,0.0,0.0,0.0,0.0,1.0,0.0,0.0,1.0,0.0,0.0,0.0,0.0,0.0
864.0,"Wife, The (1995)",Comedy|Drama,808.0,"['Comedy', 'Drama']",0.0,0.0,0.0,0.0,0.0,0.0,0.0,0.0,0.0,0.0,0.0,1.0,0.0,1.0,0.0,0.0,0.0,0.0
865.0,Small Faces (1995),Drama,809.0,['Drama'],0.0,0.0,0.0,0.0,1.0,0.0,0.0,0.0,0.0,0.0,0.0,0.0,0.0,1.0,0.0,0.0,0.0,0.0
866.0,Bound (1996),Crime|Drama|Romance|Thriller,810.0,"['Crime', 'Drama', 'Romance', 'Thriller']",0.0,0.0,0.0,0.0,1.0,0.0,0.0,0.0,0.0,0.0,0.0,0.0,0.0,1.0,0.0,0.0,0.0,0.0
867.0,Carpool (1996),Comedy|Crime,811.0,"['Comedy', 'Crime']",0.0,0.0,0.0,1.0,0.0,0.0,0.0,1.0,0.0,0.0,0.0,0.0,0.0,0.0,0.0,0.0,0.0,0.0
868.0,Death in Brunswick (1991),Comedy,812.0,['Comedy'],0.0,0.0,0.0,0.0,0.0,0.0,0.0,0.0,0.0,0.0,0.0,1.0,0.0,0.0,0.0,0.0,0.0,0.0
869.0,Kansas City (1996),Crime,813.0,['Crime'],0.0,1.0,0.0,1.0,0.0,0.0,0.0,1.0,0.0,0.0,0.0,1.0,0.0,0.0,0.0,0.0,0.0,0.0
870.0,Gone Fishin' (1997),Comedy,814.0,['Comedy'],0.0,0.0,0.0,0.0,0.0,0.0,0.0,1.0,0.0,0.0,0.0,0.0,0.0,1.0,0.0,0.0,1.0,0.0
872.0,Aiqing wansui (1994),Drama,815.0,['Drama'],0.0,0.0,0.0,0.0,0.0,0.0,0.0,0.0,0.0,1.0,0.0,0.0,0.0,0.0,0.0,0.0,0.0,0.0
874.0,Killer: A Journal of Murder (1995),Crime|Drama,816.0,"['Crime', 'Drama']",0.0,0.0,0.0,0.0,0.0,0.0,0.0,1.0,0.0,0.0,0.0,0.0,1.0,0.0,1.0,1.0,0.0,0.0
875.0,Nothing to Lose (1994),Drama,817.0,['Drama'],0.0,1.0,0.0,0.0,0.0,0.0,0.0,0.0,0.0,0.0,0.0,0.0,0.0,1.0,0.0,0.0,0.0,0.0
876.0,Police Story 4: Project S (Chao ji ji hua) (1993),Action,818.0,['Action'],0.0,0.0,0.0,0.0,0.0,0.0,0.0,1.0,0.0,0.0,0.0,0.0,0.0,0.0,0.0,0.0,0.0,0.0
877.0,Girls Town (1996),Drama,819.0,['Drama'],0.0,0.0,0.0,0.0,1.0,0.0,0.0,0.0,0.0,0.0,0.0,0.0,0.0,0.0,0.0,0.0,0.0,0.0
878.0,Bye-Bye (1995),Drama,820.0,['Drama'],0.0,0.0,0.0,0.0,0.0,0.0,0.0,0.0,0.0,0.0,0.0,0.0,0.0,1.0,0.0,1.0,0.0,0.0
879.0,"Relic, The (1997)",Horror,821.0,['Horror'],0.0,0.0,0.0,0.0,0.0,0.0,0.0,0.0,0.0,0.0,0.0,0.0,0.0,0.0,0.0,1.0,0.0,0.0
880.0,"Island of Dr. Moreau, The (1996)",Sci-Fi|Thriller,822.0,"['Sci-Fi', 'Thriller']",0.0,0.0,0.0,0.0,0.0,0.0,0.0,0.0,0.0,1.0,0.0,0.0,0.0,1.0,0.0,1.0,0.0,0.0
881.0,First Kid (1996),Children's|Comedy,823.0,"[""Children's"", 'Comedy']",0.0,0.0,0.0,0.0,0.0,0.0,0.0,0.0,0.0,0.0,0.0,0.0,1.0,1.0,0.0,1.0,0.0,0.0
882.0,"Trigger Effect, The (1996)",Drama|Thriller,824.0,"['Drama', 'Thriller']",0.0,0.0,0.0,0.0,0.0,0.0,0.0,0.0,0.0,0.0,0.0,0.0,0.0,1.0,0.0,0.0,0.0,0.0
884.0,Sweet Nothing (1995),Drama,825.0,['Drama'],0.0,0.0,0.0,0.0,1.0,0.0,0.0,0.0,0.0,0.0,0.0,0.0,0.0,1.0,0.0,1.0,0.0,0.0
885.0,Bogus (1996),Children's|Drama|Fantasy,826.0,"[""Children's"", 'Drama', 'Fantasy']",0.0,0.0,0.0,0.0,1.0,0.0,0.0,0.0,0.0,0.0,0.0,0.0,0.0,0.0,0.0,0.0,0.0,0.0
886.0,Bulletproof (1996),Action,827.0,['Action'],0.0,0.0,0.0,0.0,1.0,0.0,0.0,0.0,0.0,0.0,0.0,1.0,0.0,0.0,0.0,0.0,0.0,0.0
887.0,Talk of Angels (1998),Drama,828.0,['Drama'],0.0,0.0,0.0,0.0,1.0,0.0,0.0,0.0,0.0,0.0,0.0,0.0,0.0,1.0,0.0,0.0,0.0,0.0
888.0,Land Before Time III: The Time of the Great Giving (1995),Animation|Children's,829.0,"['Animation', ""Children's""]",0.0,0.0,0.0,0.0,1.0,0.0,0.0,0.0,0.0,0.0,0.0,0.0,0.0,1.0,0.0,0.0,0.0,0.0
889.0,1-900 (1994),Romance,830.0,['Romance'],0.0,0.0,0.0,0.0,0.0,0.0,0.0,0.0,0.0,0.0,0.0,1.0,0.0,0.0,0.0,0.0,0.0,0.0
891.0,Halloween: The Curse of Michael Myers (1995),Horror|Thriller,831.0,"['Horror', 'Thriller']",1.0,1.0,0.0,0.0,0.0,0.0,0.0,0.0,0.0,0.0,0.0,0.0,0.0,0.0,0.0,0.0,0.0,0.0
892.0,Twelfth Night (1996),Comedy|Drama|Romance,832.0,"['Comedy', 'Drama', 'Romance']",0.0,1.0,0.0,0.0,0.0,0.0,0.0,0.0,0.0,0.0,0.0,0.0,0.0,0.0,0.0,0.0,0.0,0.0
893.0,Mother Night (1996),Drama,833.0,['Drama'],0.0,0.0,0.0,0.0,0.0,1.0,0.0,0.0,0.0,1.0,0.0,0.0,1.0,0.0,0.0,0.0,0.0,0.0
895.0,Venice/Venice (1992),Drama,834.0,['Drama'],0.0,0.0,0.0,0.0,0.0,0.0,0.0,1.0,0.0,0.0,0.0,0.0,0.0,0.0,0.0,0.0,0.0,0.0
896.0,Wild Reeds (1994),Drama,835.0,['Drama'],0.0,0.0,0.0,0.0,1.0,0.0,0.0,0.0,0.0,0.0,0.0,1.0,0.0,1.0,0.0,0.0,0.0,0.0
897.0,For Whom the Bell Tolls (1943),Adventure|War,836.0,"['Adventure', 'War']",0.0,0.0,0.0,0.0,1.0,0.0,0.0,1.0,0.0,0.0,0.0,0.0,0.0,0.0,0.0,0.0,1.0,0.0
898.0,"Philadelphia Story, The (1940)",Comedy|Romance,837.0,"['Comedy', 'Romance']",0.0,0.0,0.0,0.0,1.0,0.0,0.0,0.0,0.0,0.0,0.0,0.0,0.0,0.0,0.0,0.0,0.0,0.0
899.0,Singin' in the Rain (1952),Musical|Romance,838.0,"['Musical', 'Romance']",0.0,0.0,0.0,0.0,0.0,0.0,0.0,1.0,0.0,0.0,0.0,0.0,0.0,0.0,0.0,0.0,0.0,0.0
900.0,"American in Paris, An (1951)",Musical|Romance,839.0,"['Musical', 'Romance']",0.0,0.0,0.0,0.0,0.0,0.0,0.0,1.0,0.0,0.0,0.0,0.0,0.0,0.0,0.0,0.0,0.0,0.0
901.0,Funny Face (1957),Comedy|Musical,840.0,"['Comedy', 'Musical']",0.0,0.0,0.0,0.0,0.0,0.0,0.0,0.0,0.0,0.0,0.0,0.0,1.0,0.0,0.0,0.0,0.0,0.0
902.0,Breakfast at Tiffany's (1961),Drama|Romance,841.0,"['Drama', 'Romance']",0.0,0.0,0.0,0.0,1.0,0.0,0.0,0.0,0.0,0.0,0.0,0.0,0.0,0.0,0.0,0.0,0.0,0.0
903.0,Vertigo (1958),Mystery|Thriller,842.0,"['Mystery', 'Thriller']",0.0,1.0,0.0,0.0,1.0,0.0,0.0,0.0,0.0,0.0,0.0,0.0,0.0,0.0,0.0,0.0,0.0,0.0
904.0,Rear Window (1954),Mystery|Thriller,843.0,"['Mystery', 'Thriller']",0.0,0.0,0.0,0.0,0.0,0.0,0.0,1.0,0.0,0.0,0.0,0.0,0.0,0.0,0.0,0.0,0.0,0.0
905.0,It Happened One Night (1934),Comedy,844.0,['Comedy'],0.0,0.0,0.0,0.0,0.0,0.0,0.0,1.0,0.0,0.0,0.0,0.0,0.0,0.0,0.0,0.0,0.0,0.0
906.0,Gaslight (1944),Mystery|Thriller,845.0,"['Mystery', 'Thriller']",0.0,0.0,0.0,0.0,1.0,0.0,0.0,0.0,0.0,0.0,0.0,0.0,0.0,0.0,0.0,0.0,0.0,0.0
907.0,"Gay Divorcee, The (1934)",Comedy|Musical|Romance,846.0,"['Comedy', 'Musical', 'Romance']",0.0,0.0,0.0,0.0,0.0,0.0,0.0,1.0,0.0,0.0,0.0,0.0,0.0,1.0,0.0,0.0,0.0,0.0
908.0,North by Northwest (1959),Drama|Thriller,847.0,"['Drama', 'Thriller']",0.0,0.0,0.0,0.0,0.0,0.0,0.0,1.0,0.0,0.0,0.0,0.0,0.0,0.0,0.0,0.0,0.0,0.0
909.0,"Apartment, The (1960)",Comedy|Drama,848.0,"['Comedy', 'Drama']",0.0,0.0,0.0,0.0,1.0,0.0,0.0,0.0,0.0,0.0,0.0,0.0,1.0,0.0,0.0,0.0,0.0,0.0
910.0,Some Like It Hot (1959),Comedy|Crime,849.0,"['Comedy', 'Crime']",0.0,0.0,0.0,0.0,0.0,0.0,0.0,1.0,0.0,0.0,0.0,0.0,0.0,0.0,0.0,0.0,0.0,0.0
911.0,Charade (1963),Comedy|Mystery|Romance|Thriller,850.0,"['Comedy', 'Mystery', 'Romance', 'Thriller']",0.0,0.0,0.0,0.0,0.0,1.0,0.0,1.0,0.0,0.0,0.0,0.0,0.0,0.0,0.0,0.0,0.0,0.0
912.0,Casablanca (1942),Drama|Romance|War,851.0,"['Drama', 'Romance', 'War']",0.0,0.0,0.0,0.0,0.0,0.0,0.0,1.0,0.0,0.0,0.0,0.0,0.0,0.0,0.0,0.0,0.0,0.0
913.0,"Maltese Falcon, The (1941)",Film-Noir|Mystery,852.0,"['Film-Noir', 'Mystery']",0.0,0.0,0.0,0.0,0.0,1.0,0.0,1.0,0.0,0.0,0.0,0.0,0.0,0.0,0.0,0.0,0.0,0.0
914.0,My Fair Lady (1964),Musical|Romance,853.0,"['Musical', 'Romance']",0.0,0.0,0.0,0.0,0.0,0.0,0.0,0.0,0.0,0.0,0.0,1.0,0.0,0.0,0.0,0.0,0.0,0.0
915.0,Sabrina (1954),Comedy|Romance,854.0,"['Comedy', 'Romance']",0.0,0.0,0.0,0.0,0.0,0.0,0.0,0.0,0.0,0.0,0.0,0.0,0.0,0.0,0.0,0.0,0.0,1.0
916.0,Roman Holiday (1953),Comedy|Romance,855.0,"['Comedy', 'Romance']",0.0,0.0,0.0,0.0,0.0,0.0,0.0,0.0,0.0,0.0,0.0,0.0,0.0,0.0,0.0,1.0,0.0,0.0
917.0,"Little Princess, The (1939)",Children's|Drama,856.0,"[""Children's"", 'Drama']",0.0,0.0,0.0,0.0,0.0,0.0,0.0,1.0,0.0,0.0,0.0,0.0,0.0,0.0,0.0,0.0,0.0,0.0
918.0,Meet Me in St. Louis (1944),Musical,857.0,['Musical'],0.0,0.0,0.0,0.0,0.0,0.0,0.0,0.0,0.0,0.0,0.0,0.0,0.0,0.0,0.0,0.0,0.0,1.0
919.0,"Wizard of Oz, The (1939)",Adventure|Children's|Drama|Musical,858.0,"['Adventure', ""Children's"", 'Drama', 'Musical']",0.0,0.0,0.0,0.0,0.0,0.0,0.0,0.0,0.0,0.0,1.0,0.0,0.0,0.0,1.0,0.0,0.0,0.0
920.0,Gone with the Wind (1939),Drama|Romance|War,859.0,"['Drama', 'Romance', 'War']",1.0,1.0,0.0,0.0,0.0,0.0,0.0,0.0,0.0,0.0,0.0,0.0,0.0,1.0,0.0,0.0,1.0,0.0
921.0,My Favorite Year (1982),Comedy,860.0,['Comedy'],0.0,0.0,0.0,0.0,1.0,0.0,0.0,1.0,0.0,0.0,0.0,0.0,0.0,0.0,0.0,0.0,0.0,0.0
922.0,Sunset Blvd. (a.k.a. Sunset Boulevard) (1950),Film-Noir,861.0,['Film-Noir'],0.0,0.0,0.0,0.0,0.0,0.0,0.0,1.0,0.0,0.0,0.0,0.0,0.0,0.0,0.0,0.0,0.0,0.0
923.0,Citizen Kane (1941),Drama,862.0,['Drama'],0.0,0.0,0.0,0.0,0.0,0.0,0.0,1.0,0.0,0.0,0.0,0.0,0.0,0.0,0.0,0.0,0.0,0.0
924.0,2001: A Space Odyssey (1968),Drama|Mystery|Sci-Fi|Thriller,863.0,"['Drama', 'Mystery', 'Sci-Fi', 'Thriller']",0.0,0.0,0.0,0.0,0.0,0.0,0.0,1.0,0.0,0.0,0.0,0.0,0.0,0.0,0.0,0.0,0.0,0.0
925.0,Golden Earrings (1947),Adventure|Romance,864.0,"['Adventure', 'Romance']",0.0,0.0,0.0,0.0,0.0,0.0,0.0,1.0,0.0,0.0,0.0,0.0,0.0,1.0,0.0,0.0,0.0,0.0
926.0,All About Eve (1950),Drama,865.0,['Drama'],0.0,0.0,0.0,0.0,1.0,0.0,0.0,0.0,0.0,0.0,0.0,1.0,0.0,0.0,0.0,0.0,0.0,0.0
927.0,"Women, The (1939)",Comedy,866.0,['Comedy'],0.0,0.0,0.0,0.0,0.0,0.0,0.0,0.0,0.0,0.0,0.0,0.0,0.0,1.0,0.0,0.0,1.0,0.0
928.0,Rebecca (1940),Romance|Thriller,867.0,"['Romance', 'Thriller']",0.0,0.0,0.0,0.0,0.0,0.0,0.0,0.0,0.0,0.0,0.0,0.0,1.0,0.0,0.0,0.0,0.0,0.0
929.0,Foreign Correspondent (1940),Thriller,868.0,['Thriller'],0.0,0.0,0.0,0.0,0.0,0.0,0.0,1.0,0.0,0.0,0.0,0.0,0.0,0.0,0.0,0.0,0.0,0.0
930.0,Notorious (1946),Film-Noir|Romance|Thriller,869.0,"['Film-Noir', 'Romance', 'Thriller']",1.0,0.0,0.0,0.0,0.0,0.0,0.0,0.0,0.0,0.0,0.0,0.0,0.0,0.0,0.0,0.0,0.0,0.0
931.0,Spellbound (1945),Mystery|Romance|Thriller,870.0,"['Mystery', 'Romance', 'Thriller']",0.0,0.0,0.0,0.0,0.0,0.0,0.0,1.0,0.0,0.0,0.0,0.0,0.0,0.0,0.0,0.0,0.0,0.0
932.0,"Affair to Remember, An (1957)",Romance,871.0,['Romance'],0.0,0.0,0.0,0.0,0.0,0.0,0.0,1.0,0.0,0.0,0.0,0.0,0.0,0.0,0.0,0.0,0.0,0.0
933.0,To Catch a Thief (1955),Comedy|Romance|Thriller,872.0,"['Comedy', 'Romance', 'Thriller']",0.0,0.0,0.0,0.0,1.0,0.0,0.0,1.0,0.0,0.0,0.0,0.0,0.0,0.0,0.0,0.0,0.0,0.0
934.0,Father of the Bride (1950),Comedy,873.0,['Comedy'],0.0,0.0,0.0,0.0,0.0,0.0,1.0,0.0,0.0,0.0,0.0,0.0,0.0,0.0,0.0,0.0,0.0,0.0
935.0,"Band Wagon, The (1953)",Comedy|Musical,874.0,"['Comedy', 'Musical']",0.0,1.0,0.0,1.0,0.0,0.0,0.0,0.0,0.0,0.0,0.0,0.0,0.0,0.0,0.0,0.0,0.0,0.0
936.0,Ninotchka (1939),Comedy|Romance,875.0,"['Comedy', 'Romance']",0.0,0.0,0.0,0.0,0.0,0.0,0.0,1.0,0.0,0.0,0.0,0.0,0.0,1.0,0.0,0.0,0.0,0.0
937.0,Love in the Afternoon (1957),Comedy|Romance,876.0,"['Comedy', 'Romance']",0.0,0.0,0.0,0.0,1.0,0.0,0.0,1.0,0.0,0.0,0.0,0.0,0.0,0.0,0.0,0.0,0.0,0.0
938.0,Gigi (1958),Musical,877.0,['Musical'],0.0,0.0,0.0,0.0,0.0,0.0,0.0,1.0,0.0,0.0,0.0,0.0,0.0,0.0,0.0,0.0,0.0,0.0
939.0,"Reluctant Debutante, The (1958)",Comedy|Drama,878.0,"['Comedy', 'Drama']",1.0,1.0,0.0,0.0,0.0,0.0,0.0,0.0,0.0,0.0,0.0,0.0,0.0,0.0,0.0,1.0,0.0,0.0
940.0,"Adventures of Robin Hood, The (1938)",Action|Adventure,879.0,"['Action', 'Adventure']",0.0,0.0,0.0,0.0,0.0,0.0,0.0,1.0,0.0,0.0,0.0,0.0,0.0,0.0,0.0,0.0,1.0,0.0
941.0,"Mark of Zorro, The (1940)",Adventure,880.0,['Adventure'],0.0,0.0,0.0,0.0,0.0,0.0,0.0,0.0,0.0,0.0,0.0,0.0,0.0,0.0,0.0,1.0,0.0,0.0
942.0,Laura (1944),Crime|Film-Noir|Mystery,881.0,"['Crime', 'Film-Noir', 'Mystery']",0.0,0.0,0.0,0.0,0.0,0.0,0.0,1.0,0.0,0.0,0.0,0.0,0.0,0.0,0.0,0.0,0.0,0.0
943.0,"Ghost and Mrs. Muir, The (1947)",Drama|Romance,882.0,"['Drama', 'Romance']",0.0,0.0,0.0,0.0,0.0,0.0,0.0,1.0,0.0,0.0,0.0,0.0,0.0,0.0,0.0,0.0,0.0,0.0
944.0,Lost Horizon (1937),Drama,883.0,['Drama'],1.0,0.0,0.0,0.0,0.0,0.0,0.0,1.0,0.0,0.0,0.0,0.0,0.0,0.0,0.0,0.0,0.0,1.0
945.0,Top Hat (1935),Comedy|Musical|Romance,884.0,"['Comedy', 'Musical', 'Romance']",0.0,0.0,0.0,0.0,0.0,0.0,0.0,1.0,0.0,0.0,0.0,0.0,0.0,0.0,0.0,1.0,0.0,0.0
946.0,To Be or Not to Be (1942),Comedy|Drama|War,885.0,"['Comedy', 'Drama', 'War']",1.0,0.0,0.0,0.0,0.0,1.0,0.0,0.0,0.0,0.0,0.0,0.0,0.0,0.0,0.0,0.0,0.0,0.0
947.0,My Man Godfrey (1936),Comedy,886.0,['Comedy'],0.0,0.0,0.0,0.0,0.0,1.0,0.0,0.0,0.0,0.0,0.0,0.0,0.0,0.0,0.0,0.0,0.0,0.0
948.0,Giant (1956),Drama,887.0,['Drama'],0.0,0.0,0.0,0.0,0.0,1.0,0.0,0.0,0.0,0.0,0.0,0.0,0.0,0.0,0.0,0.0,0.0,0.0
949.0,East of Eden (1955),Drama,888.0,['Drama'],0.0,0.0,0.0,0.0,1.0,0.0,0.0,0.0,0.0,0.0,0.0,0.0,0.0,0.0,0.0,0.0,0.0,0.0
950.0,"Thin Man, The (1934)",Mystery,889.0,['Mystery'],0.0,0.0,0.0,0.0,0.0,0.0,0.0,1.0,0.0,0.0,0.0,0.0,0.0,0.0,0.0,1.0,0.0,0.0
951.0,His Girl Friday (1940),Comedy,890.0,['Comedy'],1.0,0.0,0.0,0.0,0.0,0.0,0.0,0.0,0.0,0.0,0.0,0.0,0.0,0.0,0.0,1.0,0.0,0.0
952.0,Around the World in 80 Days (1956),Adventure|Comedy,891.0,"['Adventure', 'Comedy']",0.0,0.0,0.0,1.0,1.0,0.0,0.0,0.0,0.0,0.0,0.0,0.0,0.0,0.0,0.0,0.0,0.0,0.0
953.0,It's a Wonderful Life (1946),Drama,892.0,['Drama'],0.0,0.0,0.0,0.0,0.0,0.0,0.0,1.0,0.0,0.0,0.0,0.0,0.0,0.0,0.0,0.0,0.0,0.0
954.0,Mr. Smith Goes to Washington (1939),Drama,893.0,['Drama'],0.0,0.0,0.0,1.0,1.0,0.0,0.0,0.0,0.0,0.0,0.0,0.0,0.0,0.0,0.0,0.0,0.0,1.0
955.0,Bringing Up Baby (1938),Comedy,894.0,['Comedy'],0.0,0.0,0.0,0.0,0.0,0.0,0.0,0.0,0.0,0.0,0.0,0.0,0.0,0.0,0.0,0.0,0.0,1.0
956.0,Penny Serenade (1941),Drama|Romance,895.0,"['Drama', 'Romance']",0.0,1.0,0.0,1.0,0.0,0.0,0.0,0.0,1.0,0.0,0.0,0.0,0.0,0.0,0.0,0.0,0.0,0.0
957.0,"Scarlet Letter, The (1926)",Drama,896.0,['Drama'],0.0,0.0,0.0,1.0,1.0,0.0,0.0,0.0,0.0,0.0,0.0,0.0,0.0,0.0,0.0,0.0,0.0,0.0
958.0,Lady of Burlesque (1943),Comedy|Mystery,897.0,"['Comedy', 'Mystery']",0.0,1.0,0.0,1.0,1.0,0.0,0.0,0.0,0.0,0.0,0.0,0.0,0.0,0.0,0.0,0.0,0.0,0.0
959.0,Of Human Bondage (1934),Drama,898.0,['Drama'],0.0,0.0,0.0,1.0,0.0,0.0,0.0,1.0,0.0,0.0,0.0,0.0,0.0,0.0,0.0,0.0,0.0,0.0
960.0,Angel on My Shoulder (1946),Crime|Drama,899.0,"['Crime', 'Drama']",0.0,0.0,0.0,1.0,0.0,0.0,0.0,1.0,0.0,0.0,0.0,0.0,0.0,0.0,0.0,0.0,0.0,0.0
961.0,Little Lord Fauntleroy (1936),Drama,900.0,['Drama'],0.0,0.0,0.0,1.0,1.0,0.0,0.0,1.0,0.0,0.0,0.0,0.0,0.0,0.0,0.0,0.0,0.0,0.0
962.0,They Made Me a Criminal (1939),Crime|Drama,901.0,"['Crime', 'Drama']",0.0,1.0,0.0,1.0,0.0,0.0,0.0,0.0,0.0,0.0,0.0,0.0,0.0,0.0,0.0,0.0,0.0,0.0
963.0,"Inspector General, The (1949)",Musical,902.0,['Musical'],0.0,0.0,0.0,1.0,1.0,0.0,0.0,0.0,0.0,0.0,0.0,0.0,0.0,0.0,0.0,0.0,0.0,0.0
964.0,Angel and the Badman (1947),Western,903.0,['Western'],0.0,1.0,0.0,1.0,0.0,0.0,0.0,0.0,0.0,0.0,0.0,0.0,0.0,0.0,0.0,0.0,0.0,0.0
965.0,"39 Steps, The (1935)",Thriller,904.0,['Thriller'],0.0,0.0,0.0,1.0,1.0,0.0,0.0,0.0,0.0,0.0,0.0,0.0,1.0,0.0,0.0,0.0,0.0,0.0
966.0,"Walk in the Sun, A (1945)",Drama,905.0,['Drama'],0.0,1.0,0.0,1.0,0.0,0.0,0.0,0.0,1.0,0.0,0.0,0.0,0.0,0.0,1.0,0.0,0.0,0.0
967.0,"Outlaw, The (1943)",Western,906.0,['Western'],0.0,0.0,0.0,0.0,1.0,0.0,0.0,0.0,0.0,0.0,0.0,0.0,0.0,0.0,0.0,0.0,0.0,0.0
968.0,Night of the Living Dead (1968),Horror|Sci-Fi,907.0,"['Horror', 'Sci-Fi']",0.0,0.0,0.0,1.0,1.0,0.0,0.0,0.0,0.0,0.0,0.0,0.0,0.0,0.0,0.0,0.0,0.0,0.0
969.0,"African Queen, The (1951)",Action|Adventure|Romance|War,908.0,"['Action', 'Adventure', 'Romance', 'War']",0.0,0.0,1.0,1.0,0.0,0.0,0.0,0.0,0.0,0.0,0.0,1.0,0.0,0.0,0.0,0.0,0.0,0.0
970.0,Beat the Devil (1954),Comedy|Drama,909.0,"['Comedy', 'Drama']",0.0,0.0,1.0,1.0,0.0,0.0,0.0,0.0,0.0,0.0,0.0,0.0,0.0,0.0,0.0,0.0,0.0,0.0
971.0,Cat on a Hot Tin Roof (1958),Drama,910.0,['Drama'],0.0,0.0,1.0,1.0,0.0,0.0,0.0,0.0,0.0,0.0,0.0,1.0,0.0,0.0,0.0,0.0,0.0,0.0
972.0,"Last Time I Saw Paris, The (1954)",Drama,911.0,['Drama'],0.0,0.0,1.0,1.0,0.0,0.0,0.0,0.0,0.0,0.0,0.0,0.0,0.0,0.0,0.0,0.0,0.0,0.0
973.0,Meet John Doe (1941),Drama,912.0,['Drama'],0.0,0.0,0.0,1.0,0.0,0.0,0.0,1.0,0.0,0.0,0.0,0.0,0.0,0.0,0.0,0.0,0.0,0.0
974.0,Algiers (1938),Drama|Romance,913.0,"['Drama', 'Romance']",0.0,0.0,0.0,0.0,0.0,0.0,0.0,1.0,0.0,0.0,0.0,0.0,0.0,0.0,0.0,0.0,0.0,0.0
975.0,Something to Sing About (1937),Comedy|Musical,914.0,"['Comedy', 'Musical']",0.0,0.0,0.0,1.0,1.0,0.0,0.0,0.0,0.0,0.0,0.0,1.0,0.0,0.0,0.0,0.0,0.0,0.0
976.0,"Farewell to Arms, A (1932)",Romance|War,915.0,"['Romance', 'War']",0.0,0.0,1.0,1.0,0.0,0.0,0.0,0.0,0.0,0.0,0.0,1.0,0.0,0.0,0.0,0.0,0.0,0.0
977.0,Moonlight Murder (1936),Mystery,916.0,['Mystery'],0.0,1.0,1.0,1.0,0.0,0.0,0.0,0.0,0.0,0.0,0.0,1.0,0.0,0.0,0.0,0.0,0.0,0.0
978.0,"Blue Angel, The (Blaue Engel, Der) (1930)",Drama,917.0,['Drama'],0.0,1.0,0.0,1.0,0.0,0.0,0.0,0.0,0.0,0.0,0.0,1.0,0.0,0.0,0.0,0.0,0.0,0.0
980.0,In the Line of Duty 2 (1987),Action,918.0,['Action'],0.0,0.0,1.0,1.0,0.0,0.0,0.0,0.0,0.0,0.0,0.0,0.0,0.0,0.0,0.0,0.0,0.0,0.0
981.0,Dangerous Ground (1997),Drama,919.0,['Drama'],0.0,0.0,0.0,0.0,0.0,1.0,0.0,0.0,0.0,0.0,0.0,0.0,0.0,0.0,0.0,0.0,0.0,0.0
982.0,Picnic (1955),Drama,920.0,['Drama'],0.0,0.0,0.0,0.0,0.0,0.0,0.0,0.0,0.0,0.0,0.0,1.0,0.0,0.0,0.0,0.0,0.0,0.0
984.0,"Pompatus of Love, The (1996)",Comedy|Drama,921.0,"['Comedy', 'Drama']",1.0,0.0,0.0,0.0,0.0,0.0,0.0,0.0,0.0,0.0,0.0,0.0,0.0,0.0,1.0,1.0,0.0,0.0
985.0,Small Wonders (1996),Documentary,922.0,['Documentary'],0.0,0.0,0.0,0.0,0.0,0.0,0.0,1.0,0.0,0.0,0.0,0.0,0.0,0.0,0.0,0.0,0.0,0.0
986.0,Fly Away Home (1996),Adventure|Children's,923.0,"['Adventure', ""Children's""]",0.0,0.0,0.0,0.0,0.0,0.0,1.0,0.0,0.0,0.0,0.0,0.0,0.0,0.0,0.0,0.0,0.0,0.0
987.0,Bliss (1997),Drama|Romance,924.0,"['Drama', 'Romance']",0.0,0.0,0.0,0.0,0.0,0.0,0.0,1.0,0.0,0.0,0.0,0.0,0.0,0.0,0.0,0.0,0.0,0.0
988.0,Grace of My Heart (1996),Comedy|Drama,925.0,"['Comedy', 'Drama']",0.0,0.0,0.0,0.0,0.0,0.0,0.0,1.0,0.0,0.0,0.0,0.0,0.0,0.0,0.0,0.0,0.0,0.0
989.0,Schlafes Bruder (Brother of Sleep) (1995),Drama,926.0,['Drama'],0.0,0.0,0.0,0.0,1.0,0.0,0.0,0.0,0.0,0.0,0.0,0.0,0.0,0.0,0.0,0.0,0.0,0.0
990.0,Maximum Risk (1996),Action|Adventure|Thriller,927.0,"['Action', 'Adventure', 'Thriller']",0.0,0.0,0.0,0.0,0.0,0.0,0.0,1.0,0.0,0.0,0.0,0.0,0.0,1.0,0.0,0.0,0.0,0.0
991.0,Michael Collins (1996),Drama|War,928.0,"['Drama', 'War']",0.0,0.0,0.0,0.0,0.0,0.0,0.0,1.0,0.0,0.0,0.0,0.0,0.0,0.0,0.0,0.0,0.0,0.0
992.0,"Rich Man's Wife, The (1996)",Thriller,929.0,['Thriller'],0.0,0.0,0.0,0.0,0.0,0.0,0.0,1.0,0.0,0.0,0.0,0.0,0.0,1.0,0.0,0.0,0.0,0.0
993.0,Infinity (1996),Drama,930.0,['Drama'],1.0,0.0,0.0,0.0,0.0,0.0,0.0,0.0,0.0,0.0,0.0,0.0,0.0,0.0,0.0,1.0,0.0,0.0
994.0,Big Night (1996),Drama,931.0,['Drama'],1.0,1.0,0.0,0.0,0.0,0.0,0.0,0.0,0.0,0.0,0.0,0.0,0.0,0.0,0.0,0.0,0.0,0.0
996.0,Last Man Standing (1996),Action|Drama|Western,932.0,"['Action', 'Drama', 'Western']",0.0,0.0,0.0,0.0,0.0,0.0,1.0,1.0,0.0,0.0,0.0,0.0,0.0,0.0,0.0,0.0,0.0,0.0
997.0,Caught (1996),Drama|Thriller,933.0,"['Drama', 'Thriller']",0.0,0.0,0.0,0.0,0.0,0.0,0.0,1.0,0.0,0.0,0.0,0.0,0.0,0.0,0.0,0.0,0.0,0.0
998.0,Set It Off (1996),Action|Crime,934.0,"['Action', 'Crime']",0.0,0.0,0.0,0.0,0.0,1.0,0.0,1.0,0.0,0.0,0.0,0.0,0.0,0.0,0.0,0.0,0.0,0.0
999.0,2 Days in the Valley (1996),Crime,935.0,['Crime'],0.0,0.0,0.0,0.0,0.0,0.0,0.0,1.0,0.0,0.0,0.0,0.0,0.0,0.0,0.0,0.0,0.0,0.0
1000.0,Curdled (1996),Crime,936.0,['Crime'],0.0,0.0,0.0,0.0,0.0,0.0,0.0,0.0,0.0,0.0,0.0,0.0,0.0,0.0,0.0,1.0,0.0,0.0
1002.0,Ed's Next Move (1996),Comedy,937.0,['Comedy'],0.0,0.0,0.0,0.0,1.0,0.0,0.0,0.0,0.0,0.0,0.0,1.0,0.0,1.0,0.0,0.0,0.0,0.0
1003.0,Extreme Measures (1996),Drama|Thriller,938.0,"['Drama', 'Thriller']",0.0,0.0,0.0,0.0,0.0,0.0,0.0,1.0,0.0,0.0,0.0,0.0,0.0,0.0,0.0,0.0,0.0,0.0
1004.0,"Glimmer Man, The (1996)",Action|Thriller,939.0,"['Action', 'Thriller']",0.0,0.0,0.0,0.0,0.0,0.0,0.0,1.0,0.0,0.0,0.0,0.0,0.0,1.0,0.0,0.0,0.0,0.0
1005.0,D3: The Mighty Ducks (1996),Children's|Comedy,940.0,"[""Children's"", 'Comedy']",0.0,0.0,0.0,0.0,1.0,0.0,0.0,1.0,0.0,0.0,0.0,0.0,0.0,0.0,0.0,0.0,0.0,0.0
1006.0,"Chamber, The (1996)",Drama,941.0,['Drama'],0.0,0.0,0.0,0.0,0.0,1.0,0.0,1.0,0.0,0.0,0.0,0.0,0.0,0.0,0.0,0.0,0.0,0.0
1007.0,"Apple Dumpling Gang, The (1975)",Children's|Comedy|Western,942.0,"[""Children's"", 'Comedy', 'Western']",0.0,0.0,0.0,0.0,0.0,0.0,0.0,1.0,0.0,0.0,0.0,0.0,0.0,0.0,0.0,0.0,0.0,0.0
1008.0,"Davy Crockett, King of the Wild Frontier (1955)",Western,943.0,['Western'],0.0,0.0,0.0,0.0,0.0,0.0,0.0,1.0,0.0,0.0,0.0,0.0,0.0,0.0,0.0,0.0,0.0,0.0
1009.0,Escape to Witch Mountain (1975),Adventure|Children's|Fantasy,944.0,"['Adventure', ""Children's"", 'Fantasy']",0.0,0.0,1.0,1.0,1.0,0.0,0.0,0.0,0.0,0.0,0.0,0.0,0.0,0.0,0.0,0.0,0.0,0.0
1010.0,"Love Bug, The (1969)",Children's|Comedy,945.0,"[""Children's"", 'Comedy']",0.0,0.0,0.0,0.0,1.0,0.0,0.0,0.0,0.0,0.0,0.0,1.0,0.0,1.0,0.0,0.0,0.0,0.0
1011.0,Herbie Rides Again (1974),Adventure|Children's|Comedy,946.0,"['Adventure', ""Children's"", 'Comedy']",0.0,0.0,0.0,0.0,1.0,0.0,0.0,0.0,0.0,0.0,0.0,1.0,0.0,1.0,0.0,0.0,0.0,0.0
1012.0,Old Yeller (1957),Children's|Drama,947.0,"[""Children's"", 'Drama']",0.0,0.0,0.0,0.0,0.0,1.0,0.0,0.0,0.0,1.0,0.0,0.0,0.0,0.0,0.0,0.0,0.0,0.0
1013.0,"Parent Trap, The (1961)",Children's|Drama,948.0,"[""Children's"", 'Drama']",0.0,0.0,0.0,0.0,0.0,0.0,0.0,0.0,0.0,1.0,0.0,0.0,0.0,0.0,0.0,1.0,0.0,0.0
1014.0,Pollyanna (1960),Children's|Comedy|Drama,949.0,"[""Children's"", 'Comedy', 'Drama']",0.0,1.0,0.0,0.0,0.0,0.0,0.0,0.0,0.0,0.0,0.0,0.0,0.0,0.0,0.0,0.0,0.0,0.0
1015.0,Homeward Bound: The Incredible Journey (1993),Adventure|Children's,950.0,"['Adventure', ""Children's""]",0.0,0.0,0.0,0.0,0.0,0.0,0.0,0.0,0.0,0.0,0.0,0.0,0.0,1.0,0.0,0.0,1.0,0.0
1016.0,"Shaggy Dog, The (1959)",Children's|Comedy,951.0,"[""Children's"", 'Comedy']",0.0,1.0,0.0,1.0,1.0,0.0,0.0,0.0,1.0,0.0,0.0,0.0,0.0,0.0,0.0,0.0,0.0,0.0
1017.0,Swiss Family Robinson (1960),Adventure|Children's,952.0,"['Adventure', ""Children's""]",0.0,0.0,0.0,0.0,0.0,0.0,0.0,0.0,0.0,0.0,0.0,0.0,0.0,0.0,0.0,1.0,0.0,0.0
1018.0,That Darn Cat! (1965),Children's|Comedy|Mystery,953.0,"[""Children's"", 'Comedy', 'Mystery']",0.0,0.0,0.0,0.0,1.0,0.0,0.0,0.0,0.0,0.0,0.0,0.0,0.0,0.0,1.0,0.0,0.0,0.0
1019.0,"20,000 Leagues Under the Sea (1954)",Adventure|Children's|Fantasy|Sci-Fi,954.0,"['Adventure', ""Children's"", 'Fantasy', 'Sci-Fi']",0.0,0.0,0.0,0.0,1.0,0.0,0.0,0.0,0.0,0.0,0.0,0.0,0.0,0.0,0.0,0.0,1.0,0.0
1020.0,Cool Runnings (1993),Comedy,955.0,['Comedy'],0.0,0.0,0.0,0.0,1.0,0.0,0.0,0.0,0.0,0.0,0.0,0.0,0.0,0.0,0.0,0.0,0.0,0.0
1021.0,Angels in the Outfield (1994),Children's|Comedy,956.0,"[""Children's"", 'Comedy']",0.0,0.0,0.0,0.0,1.0,0.0,0.0,0.0,0.0,0.0,0.0,0.0,0.0,0.0,0.0,0.0,0.0,0.0
1022.0,Cinderella (1950),Animation|Children's|Musical,957.0,"['Animation', ""Children's"", 'Musical']",0.0,0.0,0.0,0.0,1.0,0.0,0.0,0.0,0.0,0.0,0.0,1.0,0.0,0.0,0.0,0.0,0.0,0.0
1023.0,Winnie the Pooh and the Blustery Day (1968),Animation|Children's,958.0,"['Animation', ""Children's""]",0.0,0.0,0.0,0.0,0.0,0.0,0.0,1.0,0.0,0.0,0.0,0.0,0.0,0.0,0.0,0.0,0.0,0.0
1024.0,"Three Caballeros, The (1945)",Animation|Children's|Musical,959.0,"['Animation', ""Children's"", 'Musical']",0.0,0.0,0.0,0.0,1.0,0.0,0.0,0.0,0.0,0.0,0.0,1.0,0.0,0.0,0.0,0.0,0.0,0.0
1025.0,"Sword in the Stone, The (1963)",Animation|Children's,960.0,"['Animation', ""Children's""]",0.0,0.0,0.0,0.0,0.0,1.0,0.0,1.0,0.0,0.0,0.0,0.0,0.0,0.0,0.0,0.0,0.0,0.0
1026.0,So Dear to My Heart (1949),Children's|Drama,961.0,"[""Children's"", 'Drama']",0.0,1.0,0.0,0.0,0.0,0.0,0.0,1.0,0.0,0.0,0.0,0.0,0.0,0.0,0.0,0.0,0.0,0.0
1027.0,Robin Hood: Prince of Thieves (1991),Drama,962.0,['Drama'],0.0,0.0,0.0,0.0,0.0,0.0,0.0,0.0,0.0,0.0,0.0,0.0,1.0,0.0,0.0,1.0,0.0,0.0
1028.0,Mary Poppins (1964),Children's|Comedy|Musical,963.0,"[""Children's"", 'Comedy', 'Musical']",0.0,0.0,0.0,0.0,0.0,0.0,0.0,0.0,0.0,0.0,0.0,1.0,0.0,0.0,0.0,0.0,0.0,0.0
1029.0,Dumbo (1941),Animation|Children's|Musical,964.0,"['Animation', ""Children's"", 'Musical']",0.0,0.0,0.0,0.0,0.0,0.0,0.0,0.0,0.0,0.0,0.0,1.0,0.0,1.0,0.0,0.0,0.0,0.0
1030.0,Pete's Dragon (1977),Adventure|Animation|Children's|Musical,965.0,"['Adventure', 'Animation', ""Children's"", 'Musical']",0.0,0.0,0.0,0.0,0.0,1.0,0.0,0.0,0.0,0.0,0.0,0.0,0.0,0.0,0.0,1.0,0.0,0.0
1031.0,Bedknobs and Broomsticks (1971),Adventure|Children's|Musical,966.0,"['Adventure', ""Children's"", 'Musical']",0.0,0.0,0.0,0.0,0.0,0.0,0.0,1.0,0.0,0.0,0.0,0.0,0.0,0.0,0.0,0.0,1.0,0.0
1032.0,Alice in Wonderland (1951),Animation|Children's|Musical,967.0,"['Animation', ""Children's"", 'Musical']",0.0,0.0,0.0,0.0,1.0,0.0,0.0,0.0,0.0,0.0,0.0,0.0,0.0,0.0,0.0,0.0,0.0,0.0
1033.0,"Fox and the Hound, The (1981)",Animation|Children's,968.0,"['Animation', ""Children's""]",0.0,0.0,0.0,0.0,0.0,0.0,0.0,0.0,0.0,0.0,0.0,0.0,1.0,0.0,0.0,1.0,0.0,0.0
1034.0,Freeway (1996),Crime,969.0,['Crime'],0.0,0.0,0.0,0.0,0.0,0.0,0.0,1.0,0.0,0.0,0.0,1.0,0.0,0.0,0.0,0.0,0.0,0.0
1035.0,"Sound of Music, The (1965)",Musical,970.0,['Musical'],0.0,0.0,0.0,0.0,0.0,0.0,0.0,1.0,0.0,0.0,0.0,0.0,0.0,1.0,0.0,0.0,1.0,0.0
1036.0,Die Hard (1988),Action|Thriller,971.0,"['Action', 'Thriller']",0.0,0.0,0.0,0.0,0.0,0.0,0.0,1.0,0.0,0.0,0.0,0.0,0.0,0.0,0.0,0.0,0.0,0.0
1037.0,"Lawnmower Man, The (1992)",Action|Sci-Fi|Thriller,972.0,"['Action', 'Sci-Fi', 'Thriller']",0.0,0.0,0.0,0.0,0.0,0.0,0.0,1.0,0.0,0.0,0.0,0.0,0.0,0.0,0.0,0.0,0.0,0.0
1038.0,Unhook the Stars (1996),Drama,973.0,['Drama'],0.0,0.0,0.0,1.0,0.0,0.0,0.0,1.0,1.0,0.0,0.0,0.0,0.0,0.0,1.0,0.0,0.0,0.0
1039.0,Synthetic Pleasures (1995),Documentary,974.0,['Documentary'],0.0,0.0,0.0,0.0,1.0,0.0,0.0,0.0,0.0,0.0,0.0,0.0,0.0,0.0,0.0,0.0,0.0,0.0
1040.0,"Secret Agent, The (1996)",Drama,975.0,['Drama'],0.0,0.0,0.0,0.0,0.0,0.0,0.0,1.0,0.0,0.0,0.0,0.0,0.0,0.0,0.0,0.0,0.0,0.0
1041.0,Secrets & Lies (1996),Drama,976.0,['Drama'],1.0,0.0,0.0,0.0,0.0,0.0,0.0,0.0,0.0,0.0,0.0,0.0,0.0,1.0,0.0,0.0,0.0,0.0
1042.0,That Thing You Do! (1996),Comedy,977.0,['Comedy'],1.0,0.0,0.0,0.0,0.0,0.0,0.0,0.0,0.0,0.0,0.0,0.0,0.0,1.0,0.0,0.0,0.0,0.0
1043.0,To Gillian on Her 37th Birthday (1996),Drama|Romance,978.0,"['Drama', 'Romance']",1.0,0.0,0.0,0.0,0.0,0.0,0.0,0.0,0.0,0.0,0.0,0.0,0.0,0.0,0.0,0.0,0.0,0.0
1044.0,Surviving Picasso (1996),Drama,979.0,['Drama'],0.0,0.0,0.0,0.0,0.0,0.0,0.0,1.0,0.0,0.0,0.0,0.0,0.0,0.0,0.0,0.0,0.0,0.0
1046.0,Beautiful Thing (1996),Drama|Romance,980.0,"['Drama', 'Romance']",0.0,0.0,0.0,0.0,0.0,0.0,0.0,0.0,0.0,0.0,1.0,0.0,0.0,0.0,0.0,0.0,0.0,0.0
1047.0,"Long Kiss Goodnight, The (1996)",Action|Thriller,981.0,"['Action', 'Thriller']",0.0,0.0,0.0,0.0,1.0,0.0,0.0,0.0,0.0,0.0,0.0,0.0,0.0,0.0,0.0,0.0,0.0,0.0
1049.0,"Ghost and the Darkness, The (1996)",Action|Adventure,982.0,"['Action', 'Adventure']",0.0,0.0,0.0,0.0,0.0,0.0,1.0,0.0,0.0,0.0,0.0,0.0,0.0,0.0,0.0,0.0,0.0,0.0
1050.0,Looking for Richard (1996),Documentary|Drama,983.0,"['Documentary', 'Drama']",1.0,0.0,0.0,0.0,0.0,0.0,0.0,1.0,0.0,0.0,0.0,0.0,0.0,0.0,0.0,0.0,0.0,0.0
1051.0,Trees Lounge (1996),Drama,984.0,['Drama'],0.0,0.0,0.0,0.0,1.0,0.0,0.0,0.0,0.0,0.0,0.0,0.0,0.0,0.0,0.0,0.0,0.0,0.0
1053.0,Normal Life (1996),Crime|Drama,985.0,"['Crime', 'Drama']",0.0,0.0,0.0,0.0,1.0,0.0,0.0,1.0,0.0,0.0,0.0,0.0,0.0,0.0,0.0,0.0,0.0,0.0
1054.0,Get on the Bus (1996),Drama,986.0,['Drama'],0.0,0.0,0.0,0.0,0.0,0.0,0.0,1.0,0.0,0.0,0.0,0.0,0.0,0.0,0.0,0.0,0.0,0.0
1055.0,Shadow Conspiracy (1997),Thriller,987.0,['Thriller'],0.0,0.0,0.0,0.0,0.0,0.0,0.0,1.0,0.0,0.0,0.0,0.0,0.0,0.0,0.0,0.0,0.0,0.0
1056.0,Jude (1996),Drama,988.0,['Drama'],0.0,1.0,0.0,0.0,0.0,0.0,0.0,0.0,0.0,0.0,0.0,0.0,0.0,0.0,0.0,0.0,0.0,1.0
1057.0,Everyone Says I Love You (1996),Comedy|Musical|Romance,989.0,"['Comedy', 'Musical', 'Romance']",0.0,0.0,0.0,0.0,0.0,0.0,0.0,1.0,0.0,0.0,0.0,0.0,0.0,0.0,0.0,0.0,0.0,0.0
1058.0,Bitter Sugar (Azucar Amargo) (1996),Drama,990.0,['Drama'],0.0,0.0,0.0,0.0,0.0,0.0,0.0,1.0,0.0,0.0,0.0,0.0,0.0,0.0,0.0,0.0,0.0,0.0
1059.0,William Shakespeare's Romeo and Juliet (1996),Drama|Romance,991.0,"['Drama', 'Romance']",0.0,0.0,0.0,0.0,0.0,0.0,0.0,1.0,0.0,0.0,0.0,0.0,0.0,0.0,0.0,0.0,0.0,0.0
1060.0,Swingers (1996),Comedy|Drama,992.0,"['Comedy', 'Drama']",0.0,0.0,0.0,0.0,0.0,0.0,1.0,0.0,0.0,0.0,0.0,0.0,0.0,0.0,0.0,0.0,0.0,0.0
1061.0,Sleepers (1996),Crime|Drama,993.0,"['Crime', 'Drama']",0.0,0.0,0.0,0.0,0.0,0.0,0.0,1.0,0.0,0.0,0.0,0.0,0.0,0.0,0.0,0.0,0.0,0.0
1062.0,"Sunchaser, The (1996)",Drama,994.0,['Drama'],0.0,0.0,0.0,0.0,1.0,0.0,0.0,0.0,0.0,0.0,0.0,0.0,0.0,0.0,0.0,0.0,0.0,0.0
1063.0,Johns (1996),Drama,995.0,['Drama'],0.0,0.0,0.0,0.0,1.0,0.0,0.0,0.0,1.0,0.0,0.0,0.0,0.0,0.0,0.0,0.0,0.0,0.0
1064.0,Aladdin and the King of Thieves (1996),Animation|Children's|Comedy,996.0,"['Animation', ""Children's"", 'Comedy']",1.0,1.0,0.0,0.0,0.0,0.0,0.0,0.0,0.0,0.0,0.0,0.0,0.0,0.0,1.0,1.0,0.0,0.0
1066.0,Shall We Dance? (1937),Comedy|Musical|Romance,997.0,"['Comedy', 'Musical', 'Romance']",1.0,1.0,0.0,0.0,0.0,0.0,0.0,0.0,0.0,0.0,0.0,0.0,0.0,0.0,1.0,1.0,0.0,0.0
1067.0,"Damsel in Distress, A (1937)",Comedy|Musical|Romance,998.0,"['Comedy', 'Musical', 'Romance']",0.0,0.0,0.0,0.0,0.0,0.0,0.0,0.0,0.0,0.0,1.0,0.0,0.0,0.0,0.0,0.0,0.0,0.0
1068.0,Crossfire (1947),Crime|Film-Noir,999.0,"['Crime', 'Film-Noir']",0.0,0.0,0.0,0.0,0.0,0.0,0.0,1.0,0.0,0.0,0.0,0.0,0.0,0.0,0.0,0.0,0.0,0.0
1069.0,"Murder, My Sweet (1944)",Film-Noir|Thriller,1000.0,"['Film-Noir', 'Thriller']",0.0,0.0,0.0,0.0,0.0,0.0,0.0,1.0,0.0,0.0,0.0,0.0,0.0,0.0,0.0,0.0,0.0,0.0
1070.0,Macao (1952),Adventure,1001.0,['Adventure'],0.0,0.0,0.0,0.0,1.0,0.0,0.0,1.0,0.0,0.0,0.0,0.0,0.0,0.0,0.0,0.0,0.0,0.0
1071.0,For the Moment (1994),Romance|War,1002.0,"['Romance', 'War']",1.0,0.0,0.0,0.0,0.0,0.0,0.0,1.0,0.0,0.0,0.0,0.0,0.0,0.0,0.0,0.0,0.0,0.0
1073.0,Willy Wonka and the Chocolate Factory (1971),Adventure|Children's|Comedy|Fantasy,1003.0,"['Adventure', ""Children's"", 'Comedy', 'Fantasy']",0.0,0.0,0.0,0.0,1.0,0.0,0.0,0.0,0.0,0.0,0.0,0.0,0.0,0.0,0.0,0.0,0.0,0.0
1076.0,"Innocents, The (1961)",Thriller,1004.0,['Thriller'],0.0,0.0,0.0,0.0,0.0,0.0,1.0,0.0,0.0,0.0,0.0,0.0,0.0,0.0,0.0,0.0,0.0,0.0
1077.0,Sleeper (1973),Comedy|Sci-Fi,1005.0,"['Comedy', 'Sci-Fi']",0.0,0.0,0.0,0.0,0.0,0.0,0.0,1.0,0.0,0.0,0.0,0.0,0.0,0.0,0.0,0.0,0.0,0.0
1078.0,Bananas (1971),Comedy|War,1006.0,"['Comedy', 'War']",0.0,0.0,0.0,0.0,0.0,0.0,0.0,1.0,0.0,0.0,0.0,0.0,0.0,0.0,0.0,0.0,0.0,0.0
1079.0,"Fish Called Wanda, A (1988)",Comedy,1007.0,['Comedy'],0.0,0.0,0.0,0.0,0.0,0.0,1.0,0.0,0.0,0.0,0.0,0.0,0.0,0.0,0.0,0.0,0.0,0.0
1080.0,Monty Python's Life of Brian (1979),Comedy,1008.0,['Comedy'],0.0,0.0,0.0,0.0,0.0,0.0,1.0,0.0,0.0,0.0,0.0,0.0,0.0,0.0,0.0,0.0,0.0,0.0
1081.0,Victor/Victoria (1982),Comedy|Musical,1009.0,"['Comedy', 'Musical']",0.0,0.0,0.0,0.0,0.0,0.0,1.0,0.0,0.0,0.0,0.0,0.0,0.0,0.0,0.0,0.0,0.0,0.0
1082.0,"Candidate, The (1972)",Drama,1010.0,['Drama'],0.0,0.0,1.0,0.0,1.0,0.0,0.0,0.0,0.0,0.0,0.0,0.0,0.0,0.0,0.0,0.0,0.0,0.0
1083.0,"Great Race, The (1965)",Comedy|Musical,1011.0,"['Comedy', 'Musical']",0.0,0.0,0.0,0.0,0.0,0.0,1.0,1.0,0.0,0.0,0.0,0.0,0.0,0.0,0.0,0.0,0.0,0.0
1084.0,Bonnie and Clyde (1967),Crime|Drama,1012.0,"['Crime', 'Drama']",0.0,0.0,0.0,0.0,0.0,0.0,0.0,1.0,0.0,0.0,0.0,0.0,0.0,0.0,0.0,0.0,0.0,0.0
1085.0,"Old Man and the Sea, The (1958)",Adventure|Drama,1013.0,"['Adventure', 'Drama']",0.0,0.0,1.0,0.0,1.0,0.0,0.0,0.0,0.0,0.0,0.0,0.0,0.0,0.0,0.0,1.0,0.0,0.0
1086.0,Dial M for Murder (1954),Mystery|Thriller,1014.0,"['Mystery', 'Thriller']",0.0,0.0,0.0,0.0,0.0,1.0,0.0,0.0,0.0,1.0,0.0,0.0,0.0,0.0,0.0,1.0,0.0,0.0
1087.0,Madame Butterfly (1995),Musical,1015.0,['Musical'],0.0,0.0,0.0,0.0,0.0,0.0,0.0,0.0,0.0,1.0,0.0,0.0,0.0,0.0,0.0,0.0,0.0,0.0
1088.0,Dirty Dancing (1987),Musical|Romance,1016.0,"['Musical', 'Romance']",0.0,0.0,0.0,0.0,0.0,0.0,0.0,0.0,0.0,1.0,0.0,0.0,0.0,0.0,0.0,0.0,0.0,0.0
1089.0,Reservoir Dogs (1992),Crime|Thriller,1017.0,"['Crime', 'Thriller']",0.0,0.0,0.0,0.0,1.0,0.0,0.0,0.0,0.0,0.0,0.0,0.0,0.0,0.0,0.0,0.0,0.0,0.0
1090.0,Platoon (1986),Drama|War,1018.0,"['Drama', 'War']",0.0,0.0,0.0,0.0,0.0,0.0,0.0,1.0,0.0,0.0,0.0,0.0,0.0,0.0,0.0,0.0,0.0,0.0
1091.0,Weekend at Bernie's (1989),Comedy,1019.0,['Comedy'],0.0,0.0,0.0,0.0,1.0,0.0,0.0,0.0,0.0,0.0,0.0,0.0,0.0,0.0,0.0,0.0,0.0,0.0
1092.0,Basic Instinct (1992),Mystery|Thriller,1020.0,"['Mystery', 'Thriller']",0.0,0.0,0.0,0.0,0.0,0.0,0.0,1.0,0.0,0.0,0.0,0.0,0.0,0.0,0.0,0.0,0.0,0.0
1093.0,"Doors, The (1991)",Drama|Musical,1021.0,"['Drama', 'Musical']",0.0,0.0,0.0,0.0,0.0,0.0,0.0,1.0,0.0,0.0,0.0,0.0,0.0,0.0,0.0,0.0,0.0,0.0
1094.0,"Crying Game, The (1992)",Drama|Romance|War,1022.0,"['Drama', 'Romance', 'War']",0.0,0.0,0.0,0.0,0.0,0.0,0.0,1.0,0.0,0.0,0.0,0.0,0.0,0.0,0.0,1.0,0.0,0.0
1095.0,Glengarry Glen Ross (1992),Drama,1023.0,['Drama'],0.0,0.0,0.0,0.0,1.0,0.0,0.0,0.0,0.0,0.0,0.0,0.0,0.0,0.0,0.0,0.0,0.0,0.0
1096.0,Sophie's Choice (1982),Drama,1024.0,['Drama'],0.0,0.0,0.0,0.0,0.0,0.0,0.0,0.0,0.0,0.0,1.0,0.0,0.0,0.0,0.0,0.0,0.0,0.0
1097.0,E.T. the Extra-Terrestrial (1982),Children's|Drama|Fantasy|Sci-Fi,1025.0,"[""Children's"", 'Drama', 'Fantasy', 'Sci-Fi']",0.0,0.0,0.0,0.0,0.0,0.0,1.0,0.0,0.0,0.0,0.0,0.0,0.0,0.0,0.0,0.0,0.0,0.0
1098.0,"Search for One-eye Jimmy, The (1996)",Comedy,1026.0,['Comedy'],1.0,0.0,0.0,0.0,0.0,0.0,0.0,0.0,0.0,0.0,0.0,0.0,0.0,0.0,0.0,0.0,0.0,0.0
1099.0,"Christmas Carol, A (1938)",Drama,1027.0,['Drama'],0.0,0.0,0.0,0.0,1.0,0.0,0.0,0.0,0.0,0.0,0.0,0.0,0.0,0.0,0.0,0.0,0.0,0.0
1100.0,Days of Thunder (1990),Action|Romance,1028.0,"['Action', 'Romance']",0.0,0.0,0.0,0.0,1.0,0.0,0.0,1.0,0.0,0.0,0.0,0.0,0.0,1.0,0.0,0.0,0.0,0.0
1101.0,Top Gun (1986),Action|Romance,1029.0,"['Action', 'Romance']",0.0,0.0,0.0,0.0,0.0,0.0,0.0,1.0,0.0,0.0,0.0,0.0,0.0,0.0,0.0,0.0,0.0,0.0
1102.0,American Strays (1996),Action,1030.0,['Action'],0.0,0.0,0.0,0.0,1.0,0.0,0.0,0.0,0.0,0.0,0.0,0.0,0.0,0.0,0.0,0.0,0.0,0.0
1103.0,Rebel Without a Cause (1955),Drama,1031.0,['Drama'],0.0,0.0,0.0,0.0,1.0,0.0,0.0,0.0,0.0,0.0,0.0,0.0,0.0,0.0,1.0,0.0,0.0,0.0
1104.0,"Streetcar Named Desire, A (1951)",Drama,1032.0,['Drama'],0.0,0.0,0.0,0.0,0.0,0.0,0.0,1.0,0.0,0.0,0.0,0.0,0.0,0.0,0.0,0.0,0.0,0.0
1105.0,Children of the Corn IV: The Gathering (1996),Horror,1033.0,['Horror'],0.0,0.0,0.0,0.0,0.0,0.0,0.0,1.0,0.0,0.0,0.0,0.0,0.0,0.0,0.0,0.0,0.0,0.0
1107.0,Loser (1991),Comedy,1034.0,['Comedy'],0.0,0.0,0.0,0.0,0.0,1.0,0.0,1.0,0.0,1.0,0.0,0.0,0.0,0.0,0.0,0.0,0.0,0.0
1111.0,Microcosmos (Microcosmos: Le peuple de l'herbe) (1996),Documentary,1035.0,['Documentary'],0.0,0.0,0.0,0.0,1.0,0.0,0.0,0.0,0.0,0.0,0.0,0.0,0.0,0.0,0.0,0.0,1.0,0.0
1112.0,Palookaville (1996),Action|Drama,1036.0,"['Action', 'Drama']",0.0,0.0,0.0,0.0,0.0,0.0,0.0,1.0,0.0,0.0,0.0,0.0,0.0,0.0,0.0,0.0,0.0,0.0
1113.0,"Associate, The (1996)",Comedy,1037.0,['Comedy'],0.0,0.0,0.0,0.0,0.0,0.0,0.0,1.0,0.0,0.0,0.0,0.0,0.0,0.0,0.0,0.0,0.0,0.0
1114.0,"Funeral, The (1996)",Drama,1038.0,['Drama'],0.0,0.0,0.0,0.0,0.0,0.0,0.0,1.0,0.0,0.0,0.0,0.0,0.0,0.0,0.0,0.0,0.0,0.0
1115.0,Sleepover (1995),Comedy|Drama,1039.0,"['Comedy', 'Drama']",0.0,0.0,0.0,0.0,1.0,0.0,0.0,0.0,0.0,0.0,0.0,0.0,0.0,1.0,0.0,0.0,0.0,0.0
1116.0,"Single Girl, A (La Fille Seule) (1995)",Drama,1040.0,['Drama'],0.0,0.0,0.0,0.0,0.0,0.0,1.0,0.0,0.0,0.0,0.0,0.0,0.0,0.0,0.0,0.0,0.0,0.0
1117.0,"Eighth Day, The (Le Huitième jour ) (1996)",Drama,1041.0,['Drama'],0.0,0.0,0.0,0.0,0.0,0.0,0.0,1.0,0.0,0.0,0.0,0.0,0.0,0.0,0.0,0.0,0.0,0.0
1118.0,Tashunga (1995),Adventure|Western,1042.0,"['Adventure', 'Western']",0.0,0.0,0.0,0.0,0.0,0.0,1.0,0.0,0.0,0.0,0.0,0.0,0.0,0.0,0.0,0.0,0.0,0.0
1119.0,Drunks (1997),Drama,1043.0,['Drama'],0.0,0.0,0.0,0.0,0.0,0.0,1.0,0.0,0.0,0.0,0.0,0.0,0.0,0.0,0.0,0.0,0.0,0.0
1120.0,"People vs. Larry Flynt, The (1996)",Drama,1044.0,['Drama'],0.0,0.0,0.0,0.0,0.0,0.0,0.0,1.0,0.0,0.0,0.0,0.0,0.0,0.0,0.0,0.0,0.0,0.0
1121.0,Glory Daze (1996),Drama,1045.0,['Drama'],0.0,0.0,0.0,0.0,1.0,0.0,0.0,0.0,0.0,0.0,0.0,0.0,0.0,0.0,0.0,0.0,0.0,0.0
1123.0,"Perfect Candidate, A (1996)",Documentary,1046.0,['Documentary'],1.0,1.0,0.0,0.0,1.0,0.0,0.0,0.0,0.0,0.0,0.0,0.0,0.0,1.0,0.0,0.0,0.0,0.0
1124.0,On Golden Pond (1981),Drama,1047.0,['Drama'],1.0,1.0,0.0,0.0,0.0,0.0,0.0,0.0,0.0,0.0,0.0,0.0,0.0,0.0,0.0,0.0,0.0,0.0
1125.0,"Return of the Pink Panther, The (1974)",Comedy,1048.0,['Comedy'],0.0,0.0,0.0,0.0,0.0,0.0,0.0,0.0,0.0,0.0,0.0,0.0,0.0,0.0,1.0,0.0,0.0,0.0
1126.0,Drop Dead Fred (1991),Comedy|Fantasy,1049.0,"['Comedy', 'Fantasy']",1.0,0.0,0.0,0.0,0.0,0.0,0.0,0.0,0.0,0.0,0.0,0.0,0.0,0.0,1.0,1.0,1.0,0.0
1127.0,"Abyss, The (1989)",Action|Adventure|Sci-Fi|Thriller,1050.0,"['Action', 'Adventure', 'Sci-Fi', 'Thriller']",1.0,0.0,0.0,0.0,0.0,0.0,0.0,0.0,0.0,0.0,0.0,0.0,0.0,0.0,0.0,0.0,0.0,1.0
1128.0,"Fog, The (1980)",Horror,1051.0,['Horror'],0.0,0.0,0.0,0.0,1.0,0.0,0.0,0.0,0.0,0.0,0.0,0.0,0.0,0.0,0.0,0.0,0.0,0.0
1129.0,Escape from New York (1981),Action|Adventure|Sci-Fi|Thriller,1052.0,"['Action', 'Adventure', 'Sci-Fi', 'Thriller']",0.0,0.0,0.0,0.0,0.0,0.0,0.0,1.0,0.0,0.0,0.0,0.0,0.0,0.0,0.0,0.0,0.0,0.0
1130.0,"Howling, The (1980)",Horror,1053.0,['Horror'],0.0,1.0,0.0,0.0,0.0,0.0,0.0,0.0,0.0,0.0,0.0,0.0,0.0,0.0,0.0,0.0,1.0,0.0
1131.0,Jean de Florette (1986),Drama,1054.0,['Drama'],1.0,0.0,1.0,1.0,0.0,0.0,0.0,0.0,0.0,0.0,0.0,0.0,0.0,0.0,1.0,1.0,1.0,0.0
1132.0,Manon of the Spring (Manon des sources) (1986),Drama,1055.0,['Drama'],0.0,0.0,0.0,0.0,0.0,0.0,0.0,0.0,0.0,0.0,0.0,0.0,0.0,0.0,1.0,0.0,0.0,0.0
1133.0,Talking About Sex (1994),Comedy|Drama,1056.0,"['Comedy', 'Drama']",0.0,0.0,0.0,0.0,0.0,0.0,0.0,1.0,0.0,0.0,0.0,0.0,0.0,0.0,0.0,0.0,0.0,0.0
1134.0,Johnny 100 Pesos (1993),Action|Drama,1057.0,"['Action', 'Drama']",0.0,0.0,0.0,0.0,0.0,0.0,0.0,1.0,0.0,0.0,0.0,0.0,0.0,0.0,0.0,0.0,1.0,0.0
1135.0,Private Benjamin (1980),Comedy,1058.0,['Comedy'],0.0,0.0,0.0,0.0,0.0,0.0,0.0,0.0,0.0,0.0,0.0,0.0,0.0,0.0,0.0,0.0,0.0,1.0
1136.0,Monty Python and the Holy Grail (1974),Comedy,1059.0,['Comedy'],1.0,1.0,0.0,0.0,0.0,0.0,0.0,0.0,0.0,0.0,0.0,0.0,0.0,1.0,1.0,0.0,1.0,0.0
1138.0,Dadetown (1995),Documentary,1060.0,['Documentary'],0.0,0.0,0.0,0.0,0.0,0.0,0.0,0.0,0.0,0.0,0.0,0.0,1.0,0.0,0.0,1.0,0.0,0.0
1139.0,Everything Relative (1996),Drama,1061.0,['Drama'],0.0,0.0,0.0,0.0,0.0,1.0,0.0,1.0,0.0,0.0,0.0,0.0,0.0,0.0,0.0,0.0,0.0,0.0
1142.0,Get Over It (1996),Drama,1062.0,['Drama'],0.0,1.0,0.0,0.0,0.0,0.0,0.0,0.0,0.0,0.0,0.0,0.0,0.0,1.0,0.0,0.0,0.0,0.0
1144.0,"Line King: Al Hirschfeld, The (1996)",Documentary,1063.0,['Documentary'],1.0,0.0,0.0,0.0,0.0,0.0,0.0,0.0,0.0,0.0,0.0,0.0,0.0,0.0,0.0,1.0,0.0,0.0
1145.0,Snowriders (1996),Documentary,1064.0,['Documentary'],0.0,0.0,0.0,0.0,0.0,0.0,0.0,0.0,0.0,0.0,1.0,0.0,0.0,0.0,0.0,1.0,0.0,0.0
1147.0,When We Were Kings (1996),Documentary,1065.0,['Documentary'],1.0,0.0,0.0,0.0,0.0,1.0,0.0,1.0,0.0,0.0,0.0,0.0,0.0,0.0,0.0,0.0,0.0,0.0
1148.0,"Wrong Trousers, The (1993)",Animation|Comedy,1066.0,"['Animation', 'Comedy']",1.0,0.0,0.0,0.0,0.0,0.0,0.0,1.0,0.0,0.0,0.0,0.0,0.0,0.0,0.0,0.0,1.0,0.0
1149.0,JLG/JLG - autoportrait de décembre (1994),Documentary|Drama,1067.0,"['Documentary', 'Drama']",0.0,0.0,1.0,0.0,1.0,0.0,0.0,0.0,0.0,0.0,0.0,0.0,0.0,0.0,0.0,0.0,0.0,0.0
1150.0,"Return of Martin Guerre, The (Retour de Martin Guerre, Le) (1982)",Drama,1068.0,['Drama'],0.0,0.0,0.0,0.0,0.0,0.0,0.0,1.0,0.0,0.0,0.0,0.0,0.0,0.0,0.0,0.0,1.0,0.0
1151.0,Faust (1994),Animation|Comedy|Thriller,1069.0,"['Animation', 'Comedy', 'Thriller']",0.0,0.0,0.0,0.0,0.0,0.0,0.0,1.0,0.0,0.0,0.0,0.0,0.0,0.0,0.0,0.0,0.0,0.0
1152.0,He Walked by Night (1948),Crime|Film-Noir|Thriller,1070.0,"['Crime', 'Film-Noir', 'Thriller']",0.0,0.0,0.0,0.0,1.0,0.0,0.0,0.0,0.0,0.0,0.0,0.0,0.0,1.0,0.0,0.0,0.0,0.0
1153.0,Raw Deal (1948),Film-Noir,1071.0,['Film-Noir'],0.0,0.0,0.0,0.0,0.0,1.0,0.0,1.0,0.0,0.0,0.0,0.0,0.0,0.0,0.0,1.0,0.0,0.0
1154.0,T-Men (1947),Film-Noir,1072.0,['Film-Noir'],0.0,0.0,0.0,0.0,0.0,0.0,0.0,1.0,0.0,0.0,0.0,0.0,0.0,0.0,0.0,0.0,0.0,0.0
1160.0,Six of a Kind (1934),Comedy,1073.0,['Comedy'],0.0,0.0,0.0,0.0,1.0,0.0,0.0,0.0,0.0,0.0,0.0,0.0,0.0,0.0,0.0,0.0,0.0,0.0
1161.0,"Tin Drum, The (Blechtrommel, Die) (1979)",Drama,1074.0,['Drama'],0.0,0.0,0.0,0.0,1.0,0.0,0.0,1.0,0.0,0.0,0.0,0.0,0.0,0.0,0.0,0.0,0.0,0.0
1162.0,"Ruling Class, The (1972)",Comedy,1075.0,['Comedy'],0.0,0.0,0.0,0.0,0.0,0.0,0.0,1.0,0.0,0.0,0.0,0.0,0.0,0.0,0.0,0.0,0.0,0.0
1163.0,Mina Tannenbaum (1994),Drama,1076.0,['Drama'],0.0,0.0,0.0,0.0,1.0,0.0,0.0,0.0,0.0,0.0,0.0,0.0,0.0,0.0,0.0,0.0,0.0,0.0
1164.0,Two or Three Things I Know About Her (1966),Drama,1077.0,['Drama'],1.0,0.0,0.0,0.0,0.0,0.0,0.0,0.0,0.0,0.0,0.0,0.0,0.0,0.0,1.0,1.0,0.0,0.0
1165.0,"Bloody Child, The (1996)",Drama|Thriller,1078.0,"['Drama', 'Thriller']",0.0,0.0,0.0,0.0,1.0,0.0,0.0,0.0,0.0,0.0,1.0,0.0,0.0,0.0,0.0,0.0,0.0,0.0
1167.0,Dear God (1996),Comedy,1079.0,['Comedy'],0.0,0.0,0.0,0.0,1.0,0.0,0.0,1.0,0.0,0.0,0.0,0.0,0.0,0.0,0.0,0.0,0.0,0.0
1168.0,Bad Moon (1996),Horror,1080.0,['Horror'],0.0,0.0,0.0,0.0,1.0,0.0,0.0,1.0,0.0,0.0,0.0,0.0,0.0,1.0,0.0,0.0,0.0,0.0
1169.0,American Dream (1990),Documentary,1081.0,['Documentary'],0.0,0.0,0.0,0.0,0.0,0.0,0.0,1.0,0.0,0.0,0.0,0.0,0.0,0.0,0.0,0.0,0.0,0.0
1170.0,Best of the Best 3: No Turning Back (1995),Action,1082.0,['Action'],0.0,0.0,0.0,0.0,0.0,0.0,0.0,1.0,0.0,0.0,0.0,0.0,0.0,0.0,0.0,0.0,0.0,0.0
1171.0,Bob Roberts (1992),Comedy,1083.0,['Comedy'],0.0,0.0,0.0,0.0,0.0,0.0,0.0,1.0,0.0,0.0,0.0,0.0,0.0,1.0,0.0,0.0,0.0,0.0
1172.0,Cinema Paradiso (1988),Comedy|Drama|Romance,1084.0,"['Comedy', 'Drama', 'Romance']",0.0,0.0,0.0,0.0,0.0,1.0,0.0,0.0,0.0,1.0,0.0,0.0,0.0,0.0,0.0,1.0,0.0,0.0
1173.0,"Cook the Thief His Wife & Her Lover, The (1989)",Drama,1085.0,['Drama'],0.0,0.0,0.0,0.0,0.0,0.0,0.0,0.0,0.0,0.0,0.0,0.0,0.0,0.0,0.0,1.0,0.0,0.0
1174.0,Grosse Fatigue (1994),Comedy,1086.0,['Comedy'],0.0,0.0,0.0,0.0,0.0,0.0,0.0,1.0,0.0,0.0,0.0,0.0,0.0,0.0,0.0,0.0,1.0,0.0
1175.0,Delicatessen (1991),Comedy|Sci-Fi,1087.0,"['Comedy', 'Sci-Fi']",0.0,0.0,0.0,0.0,0.0,0.0,0.0,1.0,0.0,0.0,0.0,0.0,0.0,0.0,0.0,0.0,0.0,0.0
1176.0,"Double Life of Veronique, The (La Double Vie de Véronique) (1991)",Drama,1088.0,['Drama'],0.0,0.0,0.0,0.0,0.0,0.0,0.0,0.0,0.0,1.0,0.0,0.0,1.0,0.0,0.0,1.0,0.0,0.0
1177.0,Enchanted April (1991),Drama,1089.0,['Drama'],0.0,0.0,0.0,0.0,0.0,0.0,0.0,1.0,0.0,0.0,0.0,0.0,0.0,0.0,1.0,0.0,0.0,0.0
1178.0,Paths of Glory (1957),Drama|War,1090.0,"['Drama', 'War']",0.0,1.0,0.0,0.0,0.0,0.0,0.0,0.0,0.0,0.0,0.0,0.0,0.0,0.0,0.0,0.0,0.0,0.0
1179.0,"Grifters, The (1990)",Crime|Drama|Film-Noir,1091.0,"['Crime', 'Drama', 'Film-Noir']",0.0,0.0,0.0,0.0,1.0,0.0,0.0,0.0,0.0,0.0,1.0,0.0,0.0,0.0,0.0,0.0,0.0,0.0
1180.0,Hear My Song (1991),Comedy,1092.0,['Comedy'],0.0,0.0,0.0,0.0,1.0,0.0,0.0,0.0,0.0,0.0,0.0,0.0,0.0,0.0,0.0,0.0,1.0,0.0
1181.0,"Shooter, The (1995)",Action,1093.0,['Action'],0.0,0.0,0.0,0.0,1.0,0.0,0.0,0.0,0.0,0.0,0.0,0.0,0.0,0.0,0.0,0.0,0.0,0.0
1183.0,"English Patient, The (1996)",Drama|Romance|War,1094.0,"['Drama', 'Romance', 'War']",0.0,0.0,0.0,0.0,0.0,0.0,0.0,0.0,0.0,0.0,1.0,0.0,0.0,0.0,0.0,0.0,0.0,0.0
1184.0,Mediterraneo (1991),Comedy|War,1095.0,"['Comedy', 'War']",0.0,1.0,0.0,0.0,1.0,0.0,0.0,1.0,0.0,0.0,0.0,0.0,0.0,0.0,0.0,0.0,0.0,0.0
1185.0,My Left Foot (1989),Drama,1096.0,['Drama'],0.0,0.0,0.0,0.0,0.0,1.0,0.0,0.0,0.0,1.0,0.0,0.0,0.0,0.0,0.0,1.0,0.0,0.0
1186.0,"Sex, Lies, and Videotape (1989)",Drama,1097.0,['Drama'],1.0,1.0,0.0,0.0,1.0,0.0,0.0,0.0,0.0,0.0,1.0,0.0,0.0,0.0,0.0,0.0,0.0,0.0
1187.0,Passion Fish (1992),Drama,1098.0,['Drama'],0.0,1.0,0.0,0.0,0.0,0.0,0.0,0.0,0.0,0.0,0.0,0.0,0.0,0.0,0.0,0.0,1.0,0.0
1188.0,Strictly Ballroom (1992),Comedy|Romance,1099.0,"['Comedy', 'Romance']",0.0,0.0,0.0,0.0,0.0,0.0,0.0,1.0,0.0,0.0,0.0,0.0,0.0,0.0,0.0,0.0,1.0,0.0
1189.0,"Thin Blue Line, The (1988)",Documentary,1100.0,['Documentary'],1.0,0.0,0.0,0.0,0.0,0.0,0.0,1.0,0.0,0.0,0.0,0.0,1.0,1.0,0.0,1.0,0.0,0.0
1190.0,Tie Me Up! Tie Me Down! (1990),Drama,1101.0,['Drama'],0.0,0.0,0.0,0.0,1.0,0.0,0.0,0.0,0.0,0.0,0.0,0.0,0.0,1.0,0.0,0.0,0.0,0.0
1191.0,Madonna: Truth or Dare (1991),Documentary,1102.0,['Documentary'],0.0,0.0,0.0,0.0,0.0,0.0,0.0,0.0,0.0,0.0,0.0,0.0,0.0,0.0,0.0,0.0,0.0,1.0
1192.0,Paris Is Burning (1990),Documentary,1103.0,['Documentary'],0.0,0.0,0.0,0.0,0.0,0.0,0.0,0.0,0.0,1.0,0.0,0.0,0.0,0.0,0.0,1.0,0.0,0.0
1193.0,One Flew Over the Cuckoo's Nest (1975),Drama,1104.0,['Drama'],0.0,0.0,0.0,0.0,0.0,0.0,0.0,1.0,0.0,0.0,0.0,0.0,0.0,0.0,0.0,0.0,0.0,0.0
1194.0,Up in Smoke (1978),Comedy,1105.0,['Comedy'],0.0,0.0,0.0,0.0,1.0,0.0,0.0,0.0,0.0,0.0,0.0,0.0,1.0,0.0,0.0,1.0,0.0,0.0
1196.0,Star Wars: Episode V - The Empire Strikes Back (1980),Action|Adventure|Drama|Sci-Fi|War,1106.0,"['Action', 'Adventure', 'Drama', 'Sci-Fi', 'War']",0.0,0.0,0.0,0.0,1.0,0.0,0.0,0.0,0.0,0.0,0.0,0.0,0.0,0.0,1.0,0.0,0.0,0.0
1197.0,"Princess Bride, The (1987)",Action|Adventure|Comedy|Romance,1107.0,"['Action', 'Adventure', 'Comedy', 'Romance']",0.0,0.0,0.0,0.0,0.0,0.0,0.0,1.0,0.0,0.0,0.0,0.0,0.0,0.0,0.0,0.0,0.0,0.0
1198.0,Raiders of the Lost Ark (1981),Action|Adventure,1108.0,"['Action', 'Adventure']",0.0,0.0,0.0,0.0,0.0,0.0,0.0,1.0,0.0,0.0,0.0,0.0,0.0,0.0,0.0,0.0,1.0,0.0
1199.0,Brazil (1985),Sci-Fi,1109.0,['Sci-Fi'],0.0,0.0,0.0,0.0,1.0,0.0,0.0,1.0,0.0,0.0,0.0,0.0,0.0,0.0,0.0,0.0,0.0,0.0
1200.0,Aliens (1986),Action|Sci-Fi|Thriller|War,1110.0,"['Action', 'Sci-Fi', 'Thriller', 'War']",0.0,1.0,1.0,0.0,0.0,0.0,0.0,0.0,0.0,0.0,0.0,0.0,0.0,0.0,1.0,1.0,0.0,0.0
1201.0,"Good, The Bad and The Ugly, The (1966)",Action|Western,1111.0,"['Action', 'Western']",1.0,1.0,0.0,0.0,0.0,0.0,0.0,0.0,0.0,0.0,0.0,0.0,0.0,0.0,0.0,0.0,0.0,0.0
1202.0,Withnail and I (1987),Comedy,1112.0,['Comedy'],0.0,0.0,0.0,0.0,1.0,0.0,0.0,1.0,0.0,0.0,0.0,0.0,0.0,0.0,0.0,0.0,0.0,0.0
1203.0,12 Angry Men (1957),Drama,1113.0,['Drama'],1.0,0.0,0.0,0.0,0.0,0.0,0.0,1.0,0.0,0.0,0.0,0.0,0.0,1.0,0.0,0.0,0.0,0.0
1204.0,Lawrence of Arabia (1962),Adventure|War,1114.0,"['Adventure', 'War']",0.0,0.0,0.0,0.0,1.0,0.0,0.0,0.0,0.0,0.0,1.0,0.0,0.0,0.0,0.0,0.0,0.0,0.0
1205.0,"Transformers: The Movie, The (1986)",Action|Animation|Children's|Sci-Fi|Thriller|War,1115.0,"['Action', 'Animation', ""Children's"", 'Sci-Fi', 'Thriller', 'War']",0.0,0.0,0.0,0.0,1.0,0.0,0.0,1.0,0.0,0.0,0.0,0.0,0.0,0.0,0.0,0.0,0.0,0.0
1206.0,"Clockwork Orange, A (1971)",Sci-Fi,1116.0,['Sci-Fi'],0.0,0.0,0.0,0.0,0.0,0.0,0.0,1.0,0.0,0.0,0.0,0.0,0.0,0.0,0.0,0.0,0.0,0.0
1207.0,To Kill a Mockingbird (1962),Drama,1117.0,['Drama'],0.0,0.0,0.0,0.0,1.0,0.0,0.0,0.0,0.0,0.0,0.0,0.0,0.0,0.0,0.0,0.0,0.0,0.0
1208.0,Apocalypse Now (1979),Drama|War,1118.0,"['Drama', 'War']",0.0,0.0,1.0,1.0,0.0,0.0,0.0,0.0,0.0,0.0,0.0,1.0,0.0,0.0,0.0,0.0,0.0,0.0
1209.0,Once Upon a Time in the West (1969),Western,1119.0,['Western'],0.0,0.0,0.0,0.0,0.0,0.0,0.0,0.0,0.0,0.0,0.0,0.0,0.0,0.0,0.0,0.0,0.0,1.0
1210.0,Star Wars: Episode VI - Return of the Jedi (1983),Action|Adventure|Romance|Sci-Fi|War,1120.0,"['Action', 'Adventure', 'Romance', 'Sci-Fi', 'War']",0.0,0.0,0.0,0.0,0.0,0.0,0.0,0.0,0.0,1.0,0.0,0.0,1.0,0.0,0.0,0.0,0.0,0.0
1211.0,Wings of Desire (Der Himmel über Berlin) (1987),Comedy|Drama|Romance,1121.0,"['Comedy', 'Drama', 'Romance']",0.0,0.0,0.0,0.0,1.0,0.0,0.0,0.0,0.0,0.0,0.0,0.0,0.0,0.0,0.0,0.0,0.0,0.0
1212.0,"Third Man, The (1949)",Mystery|Thriller,1122.0,"['Mystery', 'Thriller']",0.0,0.0,0.0,0.0,0.0,0.0,0.0,1.0,0.0,0.0,0.0,0.0,0.0,1.0,0.0,0.0,0.0,0.0
1213.0,GoodFellas (1990),Crime|Drama,1123.0,"['Crime', 'Drama']",1.0,1.0,0.0,0.0,0.0,0.0,0.0,1.0,0.0,0.0,0.0,0.0,0.0,0.0,0.0,0.0,0.0,0.0
1214.0,Alien (1979),Action|Horror|Sci-Fi|Thriller,1124.0,"['Action', 'Horror', 'Sci-Fi', 'Thriller']",0.0,0.0,0.0,0.0,1.0,0.0,0.0,1.0,0.0,0.0,0.0,1.0,0.0,0.0,0.0,0.0,0.0,0.0
1215.0,Army of Darkness (1993),Action|Adventure|Comedy|Horror|Sci-Fi,1125.0,"['Action', 'Adventure', 'Comedy', 'Horror', 'Sci-Fi']",0.0,0.0,0.0,0.0,0.0,0.0,1.0,0.0,0.0,0.0,0.0,0.0,0.0,0.0,0.0,0.0,1.0,0.0
1216.0,"Big Blue, The (Le Grand Bleu) (1988)",Adventure|Romance,1126.0,"['Adventure', 'Romance']",0.0,0.0,0.0,0.0,0.0,0.0,0.0,1.0,0.0,0.0,0.0,0.0,0.0,1.0,0.0,0.0,0.0,0.0
1217.0,Ran (1985),Drama|War,1127.0,"['Drama', 'War']",1.0,1.0,0.0,0.0,0.0,0.0,0.0,0.0,0.0,0.0,0.0,0.0,0.0,0.0,0.0,0.0,0.0,0.0
1218.0,"Killer, The (Die xue shuang xiong) (1989)",Action|Thriller,1128.0,"['Action', 'Thriller']",0.0,0.0,0.0,0.0,1.0,0.0,0.0,0.0,0.0,0.0,0.0,0.0,0.0,0.0,0.0,0.0,0.0,0.0
1219.0,Psycho (1960),Horror|Thriller,1129.0,"['Horror', 'Thriller']",0.0,0.0,0.0,0.0,0.0,0.0,0.0,1.0,0.0,0.0,0.0,0.0,0.0,0.0,0.0,0.0,0.0,0.0
1220.0,"Blues Brothers, The (1980)",Action|Comedy|Musical,1130.0,"['Action', 'Comedy', 'Musical']",0.0,0.0,0.0,0.0,1.0,0.0,0.0,0.0,0.0,0.0,0.0,0.0,0.0,0.0,0.0,0.0,1.0,0.0
1221.0,"Godfather: Part II, The (1974)",Action|Crime|Drama,1131.0,"['Action', 'Crime', 'Drama']",0.0,0.0,0.0,0.0,0.0,0.0,0.0,1.0,0.0,0.0,0.0,0.0,0.0,0.0,0.0,0.0,0.0,0.0
1222.0,Full Metal Jacket (1987),Action|Drama|War,1132.0,"['Action', 'Drama', 'War']",0.0,0.0,0.0,0.0,0.0,0.0,0.0,1.0,0.0,0.0,0.0,0.0,0.0,1.0,0.0,0.0,0.0,0.0
1223.0,"Grand Day Out, A (1992)",Animation|Comedy,1133.0,"['Animation', 'Comedy']",0.0,0.0,0.0,0.0,1.0,0.0,0.0,0.0,0.0,0.0,0.0,0.0,0.0,0.0,0.0,0.0,0.0,0.0
1224.0,Henry V (1989),Drama|War,1134.0,"['Drama', 'War']",0.0,0.0,0.0,0.0,0.0,0.0,0.0,1.0,0.0,0.0,0.0,1.0,0.0,0.0,0.0,0.0,1.0,0.0
1225.0,Amadeus (1984),Drama,1135.0,['Drama'],0.0,0.0,0.0,0.0,0.0,0.0,0.0,1.0,0.0,0.0,0.0,0.0,0.0,0.0,0.0,0.0,1.0,0.0
1226.0,"Quiet Man, The (1952)",Comedy|Romance,1136.0,"['Comedy', 'Romance']",0.0,0.0,0.0,0.0,0.0,0.0,0.0,1.0,0.0,0.0,0.0,0.0,0.0,0.0,0.0,0.0,0.0,0.0
1227.0,Once Upon a Time in America (1984),Crime|Drama|Thriller,1137.0,"['Crime', 'Drama', 'Thriller']",0.0,0.0,0.0,0.0,0.0,0.0,0.0,0.0,0.0,0.0,0.0,0.0,0.0,0.0,1.0,0.0,0.0,0.0
1228.0,Raging Bull (1980),Drama,1138.0,['Drama'],0.0,0.0,0.0,0.0,0.0,0.0,0.0,1.0,0.0,0.0,0.0,0.0,0.0,0.0,0.0,0.0,0.0,0.0
1230.0,Annie Hall (1977),Comedy|Romance,1139.0,"['Comedy', 'Romance']",0.0,1.0,0.0,0.0,0.0,0.0,0.0,0.0,0.0,0.0,0.0,0.0,0.0,0.0,0.0,0.0,0.0,0.0
1231.0,"Right Stuff, The (1983)",Drama,1140.0,['Drama'],1.0,0.0,0.0,0.0,1.0,0.0,0.0,0.0,0.0,0.0,0.0,0.0,0.0,0.0,0.0,0.0,0.0,1.0
1232.0,Stalker (1979),Mystery|Sci-Fi,1141.0,"['Mystery', 'Sci-Fi']",0.0,0.0,0.0,0.0,0.0,0.0,0.0,1.0,0.0,0.0,0.0,0.0,0.0,0.0,0.0,0.0,0.0,0.0
1233.0,"Boat, The (Das Boot) (1981)",Action|Drama|War,1142.0,"['Action', 'Drama', 'War']",0.0,0.0,0.0,0.0,0.0,0.0,0.0,1.0,0.0,0.0,0.0,0.0,0.0,0.0,1.0,0.0,0.0,0.0
1234.0,"Sting, The (1973)",Comedy|Crime,1143.0,"['Comedy', 'Crime']",0.0,0.0,0.0,0.0,1.0,0.0,0.0,0.0,0.0,0.0,0.0,0.0,0.0,1.0,0.0,0.0,0.0,0.0
1235.0,Harold and Maude (1971),Comedy,1144.0,['Comedy'],0.0,0.0,0.0,0.0,0.0,0.0,1.0,0.0,0.0,0.0,0.0,0.0,0.0,0.0,0.0,0.0,0.0,0.0
1236.0,Trust (1990),Comedy|Drama,1145.0,"['Comedy', 'Drama']",0.0,0.0,0.0,0.0,1.0,0.0,0.0,0.0,0.0,0.0,0.0,0.0,0.0,0.0,0.0,0.0,0.0,0.0
1237.0,"Seventh Seal, The (Sjunde inseglet, Det) (1957)",Drama,1146.0,['Drama'],0.0,0.0,0.0,0.0,0.0,0.0,0.0,1.0,0.0,0.0,0.0,0.0,0.0,0.0,0.0,0.0,0.0,0.0
1238.0,Local Hero (1983),Comedy,1147.0,['Comedy'],0.0,0.0,0.0,0.0,0.0,1.0,0.0,0.0,0.0,0.0,0.0,0.0,0.0,0.0,0.0,0.0,0.0,0.0
1240.0,"Terminator, The (1984)",Action|Sci-Fi|Thriller,1148.0,"['Action', 'Sci-Fi', 'Thriller']",0.0,0.0,0.0,0.0,0.0,0.0,1.0,0.0,0.0,0.0,0.0,0.0,0.0,0.0,0.0,0.0,0.0,0.0
1241.0,Braindead (1992),Comedy|Horror,1149.0,"['Comedy', 'Horror']",0.0,0.0,0.0,0.0,0.0,0.0,0.0,1.0,0.0,0.0,0.0,0.0,0.0,0.0,0.0,0.0,0.0,0.0
1242.0,Glory (1989),Action|Drama|War,1150.0,"['Action', 'Drama', 'War']",0.0,0.0,0.0,0.0,1.0,0.0,0.0,0.0,0.0,0.0,0.0,0.0,0.0,0.0,0.0,0.0,0.0,0.0
1243.0,Rosencrantz and Guildenstern Are Dead (1990),Comedy|Drama,1151.0,"['Comedy', 'Drama']",1.0,0.0,0.0,0.0,0.0,0.0,0.0,0.0,0.0,0.0,1.0,0.0,0.0,0.0,1.0,1.0,0.0,0.0
1244.0,Manhattan (1979),Comedy|Drama|Romance,1152.0,"['Comedy', 'Drama', 'Romance']",0.0,0.0,0.0,0.0,0.0,0.0,0.0,0.0,0.0,0.0,1.0,0.0,0.0,0.0,0.0,0.0,0.0,0.0
1245.0,Miller's Crossing (1990),Drama,1153.0,['Drama'],0.0,0.0,0.0,0.0,0.0,0.0,0.0,0.0,0.0,0.0,1.0,0.0,0.0,0.0,0.0,0.0,0.0,0.0
1246.0,Dead Poets Society (1989),Drama,1154.0,['Drama'],0.0,0.0,0.0,0.0,0.0,0.0,0.0,0.0,0.0,0.0,1.0,0.0,0.0,0.0,0.0,0.0,0.0,0.0
1247.0,"Graduate, The (1967)",Drama|Romance,1155.0,"['Drama', 'Romance']",0.0,0.0,0.0,0.0,0.0,0.0,0.0,0.0,0.0,0.0,1.0,0.0,0.0,0.0,0.0,0.0,0.0,0.0
1248.0,Touch of Evil (1958),Crime|Film-Noir|Thriller,1156.0,"['Crime', 'Film-Noir', 'Thriller']",0.0,0.0,0.0,0.0,0.0,0.0,0.0,0.0,0.0,0.0,1.0,0.0,0.0,0.0,0.0,0.0,0.0,0.0
1249.0,Nikita (La Femme Nikita) (1990),Thriller,1157.0,['Thriller'],0.0,0.0,0.0,0.0,0.0,0.0,0.0,0.0,0.0,0.0,1.0,0.0,0.0,0.0,0.0,0.0,0.0,0.0
1250.0,"Bridge on the River Kwai, The (1957)",Drama|War,1158.0,"['Drama', 'War']",0.0,0.0,0.0,0.0,0.0,0.0,0.0,0.0,0.0,0.0,1.0,0.0,0.0,0.0,0.0,0.0,0.0,0.0
1251.0,8 1/2 (1963),Drama,1159.0,['Drama'],0.0,0.0,0.0,0.0,0.0,0.0,0.0,0.0,0.0,0.0,1.0,0.0,0.0,0.0,0.0,0.0,0.0,0.0
1252.0,Chinatown (1974),Film-Noir|Mystery|Thriller,1160.0,"['Film-Noir', 'Mystery', 'Thriller']",0.0,0.0,0.0,0.0,0.0,0.0,0.0,0.0,0.0,0.0,1.0,0.0,0.0,0.0,0.0,0.0,0.0,0.0
1253.0,"Day the Earth Stood Still, The (1951)",Drama|Sci-Fi,1161.0,"['Drama', 'Sci-Fi']",0.0,0.0,0.0,0.0,1.0,0.0,0.0,0.0,0.0,0.0,1.0,0.0,0.0,0.0,0.0,0.0,0.0,0.0
1254.0,"Treasure of the Sierra Madre, The (1948)",Adventure,1162.0,['Adventure'],0.0,0.0,0.0,0.0,0.0,0.0,0.0,0.0,0.0,0.0,1.0,0.0,0.0,0.0,0.0,0.0,0.0,0.0
1255.0,Bad Taste (1987),Comedy|Horror,1163.0,"['Comedy', 'Horror']",0.0,0.0,0.0,0.0,0.0,0.0,0.0,0.0,0.0,0.0,1.0,0.0,0.0,0.0,0.0,1.0,0.0,0.0
1256.0,Duck Soup (1933),Comedy|War,1164.0,"['Comedy', 'War']",0.0,0.0,0.0,0.0,0.0,0.0,0.0,0.0,0.0,0.0,1.0,0.0,0.0,0.0,0.0,0.0,0.0,0.0
1257.0,Better Off Dead... (1985),Comedy,1165.0,['Comedy'],0.0,0.0,0.0,0.0,0.0,0.0,0.0,0.0,0.0,0.0,1.0,0.0,0.0,0.0,1.0,0.0,0.0,0.0
1258.0,"Shining, The (1980)",Horror,1166.0,['Horror'],1.0,0.0,0.0,0.0,0.0,0.0,0.0,0.0,0.0,0.0,1.0,0.0,0.0,0.0,0.0,0.0,0.0,0.0
1259.0,Stand by Me (1986),Adventure|Comedy|Drama,1167.0,"['Adventure', 'Comedy', 'Drama']",0.0,0.0,0.0,0.0,0.0,0.0,0.0,0.0,0.0,0.0,1.0,0.0,0.0,0.0,0.0,0.0,0.0,0.0
1260.0,M (1931),Crime|Film-Noir|Thriller,1168.0,"['Crime', 'Film-Noir', 'Thriller']",0.0,0.0,0.0,0.0,0.0,0.0,0.0,0.0,0.0,0.0,1.0,0.0,0.0,0.0,0.0,0.0,0.0,0.0
1261.0,Evil Dead II (Dead By Dawn) (1987),Action|Adventure|Comedy|Horror,1169.0,"['Action', 'Adventure', 'Comedy', 'Horror']",0.0,0.0,0.0,0.0,0.0,0.0,0.0,0.0,0.0,0.0,1.0,0.0,0.0,1.0,0.0,0.0,0.0,0.0
1262.0,"Great Escape, The (1963)",Adventure|War,1170.0,"['Adventure', 'War']",0.0,0.0,0.0,0.0,0.0,0.0,0.0,0.0,0.0,0.0,1.0,0.0,0.0,0.0,0.0,0.0,0.0,0.0
1263.0,"Deer Hunter, The (1978)",Drama|War,1171.0,"['Drama', 'War']",0.0,0.0,0.0,0.0,0.0,0.0,0.0,0.0,0.0,0.0,1.0,0.0,0.0,0.0,0.0,0.0,0.0,0.0
1264.0,Diva (1981),Action|Drama|Mystery|Romance|Thriller,1172.0,"['Action', 'Drama', 'Mystery', 'Romance', 'Thriller']",0.0,0.0,0.0,0.0,0.0,0.0,0.0,0.0,0.0,0.0,1.0,0.0,0.0,0.0,0.0,0.0,0.0,0.0
1265.0,Groundhog Day (1993),Comedy|Romance,1173.0,"['Comedy', 'Romance']",0.0,0.0,0.0,0.0,0.0,0.0,0.0,0.0,0.0,0.0,0.0,0.0,0.0,0.0,0.0,1.0,0.0,0.0
1266.0,Unforgiven (1992),Western,1174.0,['Western'],0.0,0.0,0.0,0.0,0.0,0.0,0.0,0.0,0.0,1.0,0.0,0.0,0.0,0.0,0.0,1.0,0.0,0.0
1267.0,"Manchurian Candidate, The (1962)",Film-Noir|Thriller,1175.0,"['Film-Noir', 'Thriller']",0.0,0.0,0.0,0.0,0.0,0.0,0.0,0.0,0.0,0.0,1.0,0.0,0.0,0.0,0.0,0.0,0.0,0.0
1268.0,Pump Up the Volume (1990),Drama,1176.0,['Drama'],0.0,0.0,0.0,0.0,0.0,0.0,0.0,0.0,0.0,0.0,1.0,0.0,0.0,0.0,0.0,0.0,0.0,0.0
1269.0,Arsenic and Old Lace (1944),Comedy|Mystery|Thriller,1177.0,"['Comedy', 'Mystery', 'Thriller']",0.0,0.0,0.0,0.0,0.0,0.0,0.0,0.0,0.0,0.0,1.0,0.0,0.0,0.0,0.0,0.0,0.0,0.0
1270.0,Back to the Future (1985),Comedy|Sci-Fi,1178.0,"['Comedy', 'Sci-Fi']",0.0,0.0,0.0,0.0,0.0,0.0,0.0,0.0,0.0,0.0,1.0,0.0,0.0,0.0,0.0,0.0,0.0,0.0
1271.0,Fried Green Tomatoes (1991),Drama,1179.0,['Drama'],0.0,0.0,0.0,0.0,0.0,0.0,0.0,0.0,0.0,0.0,1.0,0.0,0.0,0.0,0.0,0.0,0.0,0.0
1272.0,Patton (1970),Drama|War,1180.0,"['Drama', 'War']",0.0,0.0,0.0,0.0,0.0,0.0,0.0,0.0,0.0,0.0,1.0,0.0,0.0,0.0,0.0,0.0,0.0,0.0
1273.0,Down by Law (1986),Comedy|Drama,1181.0,"['Comedy', 'Drama']",0.0,0.0,0.0,0.0,0.0,0.0,0.0,1.0,0.0,0.0,0.0,0.0,0.0,0.0,0.0,0.0,0.0,0.0
1274.0,Akira (1988),Adventure|Animation|Sci-Fi|Thriller,1182.0,"['Adventure', 'Animation', 'Sci-Fi', 'Thriller']",0.0,0.0,0.0,0.0,0.0,1.0,0.0,0.0,0.0,0.0,0.0,0.0,0.0,0.0,0.0,1.0,0.0,0.0
1275.0,Highlander (1986),Action|Adventure,1183.0,"['Action', 'Adventure']",0.0,0.0,0.0,0.0,1.0,0.0,0.0,0.0,0.0,0.0,0.0,0.0,0.0,1.0,0.0,0.0,0.0,0.0
1276.0,Cool Hand Luke (1967),Comedy|Drama,1184.0,"['Comedy', 'Drama']",0.0,0.0,0.0,0.0,0.0,0.0,0.0,1.0,0.0,0.0,0.0,0.0,0.0,0.0,0.0,0.0,0.0,0.0
1277.0,Cyrano de Bergerac (1990),Action|Drama|Romance,1185.0,"['Action', 'Drama', 'Romance']",0.0,0.0,0.0,0.0,0.0,0.0,0.0,0.0,0.0,0.0,1.0,0.0,0.0,0.0,0.0,1.0,0.0,0.0
1278.0,Young Frankenstein (1974),Comedy|Horror,1186.0,"['Comedy', 'Horror']",1.0,1.0,0.0,0.0,0.0,0.0,0.0,0.0,0.0,0.0,0.0,0.0,0.0,0.0,1.0,0.0,0.0,0.0
1279.0,Night on Earth (1991),Comedy|Drama,1187.0,"['Comedy', 'Drama']",0.0,0.0,0.0,0.0,0.0,0.0,0.0,1.0,0.0,0.0,0.0,0.0,0.0,1.0,0.0,0.0,0.0,0.0
1280.0,Raise the Red Lantern (1991),Drama,1188.0,['Drama'],0.0,0.0,0.0,0.0,0.0,0.0,0.0,1.0,0.0,0.0,0.0,0.0,0.0,0.0,0.0,1.0,0.0,0.0
1281.0,"Great Dictator, The (1940)",Comedy,1189.0,['Comedy'],0.0,1.0,0.0,1.0,1.0,0.0,0.0,0.0,0.0,0.0,0.0,0.0,0.0,0.0,0.0,0.0,0.0,0.0
1282.0,Fantasia (1940),Animation|Children's|Musical,1190.0,"['Animation', ""Children's"", 'Musical']",0.0,0.0,0.0,0.0,0.0,0.0,0.0,1.0,0.0,0.0,0.0,0.0,0.0,0.0,0.0,0.0,0.0,0.0
1283.0,High Noon (1952),Western,1191.0,['Western'],0.0,0.0,0.0,0.0,0.0,0.0,1.0,0.0,0.0,0.0,0.0,0.0,0.0,0.0,0.0,0.0,0.0,0.0
1284.0,"Big Sleep, The (1946)",Film-Noir|Mystery,1192.0,"['Film-Noir', 'Mystery']",0.0,0.0,0.0,0.0,0.0,0.0,0.0,1.0,0.0,0.0,0.0,0.0,0.0,0.0,0.0,0.0,0.0,0.0
1285.0,Heathers (1989),Comedy,1193.0,['Comedy'],0.0,0.0,0.0,0.0,0.0,0.0,0.0,1.0,0.0,0.0,0.0,0.0,0.0,0.0,0.0,0.0,0.0,0.0
1286.0,Somewhere in Time (1980),Drama|Romance,1194.0,"['Drama', 'Romance']",1.0,0.0,0.0,0.0,0.0,0.0,0.0,0.0,0.0,0.0,0.0,0.0,0.0,0.0,0.0,0.0,0.0,0.0
1287.0,Ben-Hur (1959),Action|Adventure|Drama,1195.0,"['Action', 'Adventure', 'Drama']",0.0,0.0,0.0,0.0,0.0,0.0,0.0,1.0,0.0,0.0,0.0,0.0,0.0,0.0,0.0,0.0,0.0,0.0
1288.0,This Is Spinal Tap (1984),Comedy|Drama|Musical,1196.0,"['Comedy', 'Drama', 'Musical']",0.0,0.0,0.0,0.0,0.0,0.0,0.0,1.0,0.0,0.0,0.0,0.0,0.0,0.0,0.0,0.0,0.0,0.0
1289.0,Koyaanisqatsi (1983),Documentary|War,1197.0,"['Documentary', 'War']",0.0,0.0,0.0,1.0,1.0,0.0,0.0,0.0,0.0,0.0,0.0,0.0,0.0,0.0,0.0,0.0,0.0,0.0
1290.0,Some Kind of Wonderful (1987),Drama|Romance,1198.0,"['Drama', 'Romance']",0.0,0.0,0.0,0.0,0.0,0.0,0.0,1.0,0.0,0.0,0.0,0.0,0.0,0.0,0.0,1.0,0.0,0.0
1291.0,Indiana Jones and the Last Crusade (1989),Action|Adventure,1199.0,"['Action', 'Adventure']",1.0,0.0,0.0,0.0,0.0,0.0,0.0,0.0,0.0,0.0,0.0,0.0,0.0,0.0,0.0,1.0,0.0,0.0
1292.0,Being There (1979),Comedy,1200.0,['Comedy'],1.0,1.0,0.0,0.0,0.0,0.0,0.0,0.0,0.0,0.0,0.0,0.0,0.0,0.0,1.0,0.0,0.0,0.0
1293.0,Gandhi (1982),Drama,1201.0,['Drama'],1.0,1.0,0.0,0.0,0.0,0.0,0.0,0.0,0.0,0.0,0.0,0.0,0.0,0.0,1.0,0.0,0.0,0.0
1294.0,M*A*S*H (1970),Comedy|War,1202.0,"['Comedy', 'War']",1.0,1.0,0.0,0.0,0.0,0.0,0.0,0.0,0.0,0.0,0.0,0.0,0.0,0.0,1.0,0.0,0.0,0.0
1295.0,"Unbearable Lightness of Being, The (1988)",Drama,1203.0,['Drama'],1.0,1.0,0.0,0.0,0.0,0.0,0.0,0.0,0.0,0.0,0.0,0.0,0.0,0.0,1.0,0.0,0.0,0.0
1296.0,"Room with a View, A (1986)",Drama|Romance,1204.0,"['Drama', 'Romance']",1.0,1.0,0.0,0.0,0.0,0.0,0.0,0.0,0.0,0.0,0.0,0.0,0.0,0.0,1.0,0.0,0.0,0.0
1297.0,Real Genius (1985),Comedy,1205.0,['Comedy'],1.0,1.0,0.0,0.0,0.0,0.0,0.0,0.0,0.0,0.0,0.0,0.0,0.0,0.0,1.0,0.0,0.0,0.0
1298.0,Pink Floyd - The Wall (1982),Drama|Musical|War,1206.0,"['Drama', 'Musical', 'War']",1.0,1.0,0.0,0.0,1.0,1.0,0.0,0.0,0.0,0.0,0.0,0.0,0.0,0.0,0.0,0.0,0.0,0.0
1299.0,"Killing Fields, The (1984)",Drama|War,1207.0,"['Drama', 'War']",1.0,0.0,0.0,0.0,1.0,0.0,0.0,0.0,0.0,0.0,0.0,0.0,0.0,0.0,0.0,0.0,0.0,1.0
1300.0,My Life as a Dog (Mitt liv som hund) (1985),Drama,1208.0,['Drama'],1.0,0.0,0.0,0.0,1.0,0.0,0.0,0.0,0.0,0.0,0.0,0.0,0.0,0.0,0.0,0.0,0.0,1.0
1301.0,Forbidden Planet (1956),Sci-Fi,1209.0,['Sci-Fi'],0.0,0.0,0.0,0.0,1.0,0.0,0.0,0.0,0.0,0.0,0.0,1.0,0.0,1.0,0.0,0.0,0.0,0.0
1302.0,Field of Dreams (1989),Drama,1210.0,['Drama'],0.0,0.0,0.0,0.0,1.0,0.0,0.0,0.0,0.0,0.0,0.0,1.0,0.0,1.0,0.0,0.0,0.0,0.0
1303.0,"Man Who Would Be King, The (1975)",Adventure,1211.0,['Adventure'],1.0,0.0,0.0,0.0,0.0,0.0,0.0,1.0,0.0,0.0,0.0,0.0,0.0,0.0,0.0,0.0,0.0,0.0
1304.0,Butch Cassidy and the Sundance Kid (1969),Action|Comedy|Western,1212.0,"['Action', 'Comedy', 'Western']",1.0,0.0,0.0,0.0,0.0,0.0,0.0,0.0,0.0,0.0,0.0,0.0,0.0,0.0,1.0,0.0,0.0,0.0
1305.0,"Paris, Texas (1984)",Drama,1213.0,['Drama'],0.0,0.0,0.0,0.0,0.0,0.0,0.0,1.0,0.0,0.0,0.0,0.0,0.0,0.0,0.0,0.0,0.0,0.0
1306.0,Until the End of the World (Bis ans Ende der Welt) (1991),Drama|Sci-Fi,1214.0,"['Drama', 'Sci-Fi']",1.0,0.0,0.0,0.0,0.0,0.0,0.0,0.0,0.0,0.0,0.0,0.0,0.0,0.0,0.0,0.0,0.0,0.0
1307.0,When Harry Met Sally... (1989),Comedy|Romance,1215.0,"['Comedy', 'Romance']",0.0,0.0,0.0,0.0,0.0,0.0,0.0,0.0,0.0,0.0,0.0,0.0,0.0,0.0,0.0,0.0,0.0,1.0
1310.0,Hype! (1996),Documentary,1216.0,['Documentary'],1.0,0.0,0.0,0.0,0.0,0.0,0.0,0.0,0.0,0.0,1.0,0.0,0.0,0.0,0.0,0.0,0.0,0.0
1311.0,Santa with Muscles (1996),Comedy,1217.0,['Comedy'],0.0,0.0,0.0,0.0,1.0,0.0,0.0,0.0,0.0,0.0,0.0,0.0,0.0,0.0,0.0,0.0,0.0,0.0
1312.0,Female Perversions (1996),Drama,1218.0,['Drama'],1.0,0.0,0.0,0.0,1.0,0.0,0.0,0.0,0.0,0.0,0.0,0.0,0.0,0.0,1.0,0.0,1.0,0.0
1313.0,Mad Dog Time (1996),Crime,1219.0,['Crime'],0.0,0.0,0.0,0.0,1.0,0.0,0.0,1.0,0.0,0.0,0.0,0.0,0.0,0.0,0.0,0.0,0.0,0.0
1315.0,Paris Was a Woman (1995),Documentary,1220.0,['Documentary'],0.0,0.0,0.0,0.0,1.0,0.0,0.0,0.0,0.0,0.0,0.0,0.0,0.0,0.0,0.0,0.0,0.0,0.0
1316.0,Anna (1996),Drama,1221.0,['Drama'],0.0,0.0,0.0,0.0,1.0,0.0,0.0,1.0,0.0,0.0,0.0,0.0,0.0,0.0,0.0,0.0,0.0,0.0
1317.0,I'm Not Rappaport (1996),Comedy,1222.0,['Comedy'],0.0,0.0,0.0,0.0,0.0,1.0,0.0,1.0,0.0,0.0,0.0,0.0,0.0,0.0,1.0,0.0,0.0,0.0
1320.0,Alien³ (1992),Action|Horror|Sci-Fi|Thriller,1223.0,"['Action', 'Horror', 'Sci-Fi', 'Thriller']",0.0,0.0,0.0,0.0,0.0,0.0,0.0,1.0,0.0,0.0,0.0,0.0,0.0,0.0,0.0,0.0,0.0,0.0
1321.0,"American Werewolf in London, An (1981)",Horror,1224.0,['Horror'],0.0,0.0,0.0,0.0,0.0,0.0,0.0,1.0,0.0,0.0,0.0,0.0,0.0,0.0,0.0,0.0,0.0,0.0
1322.0,Amityville 1992: It's About Time (1992),Horror,1225.0,['Horror'],0.0,0.0,0.0,0.0,0.0,1.0,0.0,1.0,0.0,0.0,0.0,0.0,0.0,0.0,0.0,0.0,0.0,0.0
1323.0,Amityville 3-D (1983),Horror,1226.0,['Horror'],0.0,0.0,1.0,0.0,1.0,0.0,0.0,0.0,0.0,0.0,0.0,0.0,0.0,0.0,0.0,0.0,0.0,0.0
1324.0,Amityville: Dollhouse (1996),Horror,1227.0,['Horror'],0.0,0.0,0.0,0.0,0.0,0.0,0.0,1.0,0.0,0.0,0.0,0.0,0.0,0.0,0.0,0.0,0.0,0.0
1325.0,Amityville: A New Generation (1993),Horror,1228.0,['Horror'],0.0,0.0,0.0,0.0,0.0,0.0,0.0,0.0,0.0,0.0,1.0,0.0,0.0,0.0,0.0,1.0,0.0,0.0
1326.0,Amityville II: The Possession (1982),Horror,1229.0,['Horror'],1.0,0.0,0.0,0.0,0.0,0.0,0.0,0.0,0.0,0.0,0.0,0.0,0.0,1.0,0.0,0.0,1.0,0.0
1327.0,"Amityville Horror, The (1979)",Horror,1230.0,['Horror'],0.0,0.0,0.0,0.0,1.0,0.0,0.0,0.0,0.0,0.0,0.0,0.0,0.0,1.0,0.0,0.0,0.0,0.0
1328.0,"Amityville Curse, The (1990)",Horror,1231.0,['Horror'],0.0,0.0,0.0,0.0,1.0,0.0,0.0,1.0,0.0,0.0,0.0,0.0,0.0,0.0,0.0,0.0,0.0,0.0
1329.0,Blood For Dracula (Andy Warhol's Dracula) (1974),Horror,1232.0,['Horror'],0.0,0.0,0.0,0.0,0.0,0.0,0.0,1.0,0.0,0.0,0.0,0.0,0.0,0.0,0.0,0.0,0.0,0.0
1330.0,April Fool's Day (1986),Comedy|Horror,1233.0,"['Comedy', 'Horror']",0.0,0.0,0.0,0.0,0.0,0.0,0.0,1.0,0.0,0.0,0.0,0.0,0.0,0.0,0.0,0.0,0.0,0.0
1331.0,Audrey Rose (1977),Horror,1234.0,['Horror'],0.0,0.0,0.0,0.0,0.0,0.0,0.0,1.0,0.0,0.0,0.0,0.0,0.0,0.0,0.0,0.0,0.0,0.0
1332.0,"Believers, The (1987)",Horror|Thriller,1235.0,"['Horror', 'Thriller']",0.0,0.0,0.0,0.0,1.0,0.0,0.0,0.0,0.0,0.0,0.0,0.0,0.0,0.0,0.0,0.0,0.0,0.0
1333.0,"Birds, The (1963)",Horror,1236.0,['Horror'],0.0,0.0,0.0,0.0,0.0,1.0,0.0,1.0,0.0,0.0,0.0,0.0,0.0,1.0,0.0,0.0,0.0,0.0
1334.0,"Blob, The (1958)",Horror|Sci-Fi,1237.0,"['Horror', 'Sci-Fi']",0.0,0.0,0.0,0.0,0.0,0.0,0.0,1.0,0.0,0.0,0.0,1.0,0.0,0.0,0.0,0.0,0.0,0.0
1335.0,Blood Beach (1981),Action|Horror,1238.0,"['Action', 'Horror']",0.0,0.0,0.0,0.0,0.0,0.0,0.0,1.0,0.0,0.0,0.0,0.0,0.0,0.0,0.0,0.0,0.0,0.0
1336.0,Body Parts (1991),Horror,1239.0,['Horror'],0.0,0.0,0.0,0.0,0.0,0.0,0.0,1.0,0.0,0.0,0.0,0.0,0.0,0.0,0.0,0.0,0.0,0.0
1337.0,"Body Snatcher, The (1945)",Horror,1240.0,['Horror'],0.0,0.0,0.0,0.0,0.0,0.0,1.0,0.0,0.0,0.0,0.0,0.0,0.0,0.0,0.0,0.0,0.0,0.0
1339.0,Bram Stoker's Dracula (1992),Horror|Romance,1241.0,"['Horror', 'Romance']",0.0,0.0,0.0,0.0,0.0,0.0,1.0,0.0,0.0,0.0,0.0,0.0,0.0,0.0,0.0,0.0,0.0,0.0
1340.0,Bride of Frankenstein (1935),Horror,1242.0,['Horror'],0.0,0.0,0.0,0.0,0.0,0.0,0.0,0.0,0.0,0.0,0.0,0.0,1.0,0.0,0.0,1.0,0.0,0.0
1341.0,Burnt Offerings (1976),Horror,1243.0,['Horror'],0.0,0.0,0.0,0.0,0.0,0.0,0.0,1.0,0.0,0.0,0.0,0.0,0.0,0.0,0.0,0.0,0.0,0.0
1342.0,Candyman (1992),Horror,1244.0,['Horror'],0.0,0.0,0.0,0.0,1.0,0.0,0.0,0.0,0.0,0.0,0.0,0.0,0.0,0.0,0.0,0.0,0.0,0.0
1343.0,Cape Fear (1991),Thriller,1245.0,['Thriller'],0.0,0.0,0.0,1.0,0.0,0.0,0.0,0.0,0.0,0.0,0.0,0.0,0.0,0.0,0.0,0.0,0.0,0.0
1344.0,Cape Fear (1962),Film-Noir|Thriller,1246.0,"['Film-Noir', 'Thriller']",0.0,0.0,0.0,0.0,0.0,0.0,0.0,0.0,0.0,0.0,0.0,0.0,0.0,0.0,0.0,1.0,0.0,0.0
1345.0,Carrie (1976),Horror,1247.0,['Horror'],0.0,0.0,0.0,0.0,0.0,0.0,0.0,1.0,0.0,0.0,0.0,0.0,0.0,0.0,0.0,0.0,0.0,0.0
1346.0,Cat People (1982),Horror,1248.0,['Horror'],1.0,0.0,0.0,0.0,0.0,0.0,0.0,0.0,0.0,0.0,0.0,0.0,0.0,0.0,0.0,0.0,0.0,0.0
1347.0,"Nightmare on Elm Street, A (1984)",Horror,1249.0,['Horror'],0.0,0.0,0.0,0.0,0.0,0.0,0.0,0.0,0.0,0.0,0.0,0.0,0.0,0.0,0.0,1.0,0.0,0.0
1348.0,"Nosferatu (Nosferatu, eine Symphonie des Grauens) (1922)",Horror,1250.0,['Horror'],1.0,0.0,0.0,0.0,1.0,0.0,0.0,0.0,0.0,0.0,0.0,0.0,0.0,0.0,0.0,0.0,0.0,0.0
1349.0,Nosferatu a Venezia (1986),Horror,1251.0,['Horror'],1.0,0.0,0.0,0.0,0.0,0.0,0.0,0.0,0.0,0.0,0.0,0.0,0.0,0.0,0.0,0.0,0.0,0.0
1350.0,"Omen, The (1976)",Horror,1252.0,['Horror'],0.0,0.0,0.0,0.0,1.0,0.0,0.0,0.0,0.0,0.0,1.0,0.0,0.0,0.0,0.0,0.0,0.0,0.0
1351.0,Blood & Wine (1997),Drama,1253.0,['Drama'],1.0,0.0,0.0,0.0,0.0,0.0,0.0,0.0,0.0,0.0,0.0,0.0,0.0,0.0,0.0,0.0,0.0,0.0
1352.0,Albino Alligator (1996),Crime|Thriller,1254.0,"['Crime', 'Thriller']",0.0,0.0,0.0,0.0,1.0,0.0,0.0,0.0,0.0,0.0,0.0,0.0,0.0,0.0,0.0,0.0,0.0,0.0
1353.0,"Mirror Has Two Faces, The (1996)",Comedy|Romance,1255.0,"['Comedy', 'Romance']",0.0,0.0,0.0,0.0,0.0,0.0,0.0,1.0,0.0,0.0,0.0,0.0,0.0,0.0,0.0,0.0,0.0,0.0
1354.0,Breaking the Waves (1996),Drama,1256.0,['Drama'],1.0,0.0,0.0,0.0,0.0,0.0,0.0,0.0,0.0,0.0,0.0,0.0,0.0,0.0,0.0,1.0,0.0,0.0
1355.0,Nightwatch (1997),Horror|Thriller,1257.0,"['Horror', 'Thriller']",0.0,0.0,0.0,0.0,1.0,0.0,0.0,0.0,0.0,0.0,0.0,0.0,0.0,0.0,0.0,0.0,0.0,0.0
1356.0,Star Trek: First Contact (1996),Action|Adventure|Sci-Fi,1258.0,"['Action', 'Adventure', 'Sci-Fi']",0.0,0.0,0.0,0.0,1.0,0.0,0.0,0.0,0.0,0.0,0.0,0.0,0.0,0.0,0.0,0.0,0.0,0.0
1357.0,Shine (1996),Drama|Romance,1259.0,"['Drama', 'Romance']",0.0,0.0,0.0,0.0,1.0,0.0,0.0,0.0,0.0,0.0,0.0,0.0,0.0,1.0,0.0,0.0,0.0,0.0
1358.0,Sling Blade (1996),Drama|Thriller,1260.0,"['Drama', 'Thriller']",0.0,0.0,0.0,0.0,0.0,0.0,0.0,1.0,0.0,0.0,0.0,0.0,0.0,0.0,0.0,0.0,0.0,0.0
1359.0,Jingle All the Way (1996),Adventure|Children's|Comedy,1261.0,"['Adventure', ""Children's"", 'Comedy']",0.0,0.0,0.0,0.0,1.0,0.0,0.0,0.0,0.0,0.0,0.0,0.0,0.0,0.0,0.0,0.0,0.0,0.0
1360.0,Identification of a Woman (Identificazione di una donna) (1982),Drama,1262.0,['Drama'],0.0,0.0,0.0,0.0,1.0,0.0,0.0,0.0,0.0,0.0,0.0,0.0,0.0,0.0,0.0,0.0,1.0,0.0
1361.0,Paradise Lost: The Child Murders at Robin Hood Hills (1996),Documentary,1263.0,['Documentary'],0.0,0.0,0.0,0.0,1.0,0.0,0.0,0.0,0.0,0.0,0.0,0.0,0.0,0.0,0.0,0.0,0.0,0.0
1362.0,"Garden of Finzi-Contini, The (Giardino dei Finzi-Contini, Il) (1970)",Drama,1264.0,['Drama'],0.0,0.0,0.0,0.0,0.0,1.0,0.0,0.0,0.0,0.0,0.0,0.0,0.0,0.0,0.0,0.0,0.0,0.0
1363.0,"Preacher's Wife, The (1996)",Drama,1265.0,['Drama'],0.0,0.0,0.0,0.0,1.0,0.0,0.0,0.0,0.0,0.0,0.0,0.0,0.0,0.0,0.0,0.0,0.0,0.0
1364.0,Zero Kelvin (Kjærlighetens kjøtere) (1995),Action,1266.0,['Action'],0.0,0.0,0.0,0.0,0.0,0.0,0.0,0.0,0.0,0.0,0.0,0.0,0.0,0.0,0.0,0.0,1.0,0.0
1365.0,Ridicule (1996),Drama,1267.0,['Drama'],0.0,0.0,0.0,0.0,1.0,0.0,0.0,0.0,0.0,0.0,0.0,0.0,0.0,1.0,0.0,0.0,0.0,0.0
1366.0,"Crucible, The (1996)",Drama,1268.0,['Drama'],0.0,0.0,0.0,0.0,1.0,0.0,0.0,0.0,0.0,0.0,0.0,0.0,0.0,0.0,0.0,0.0,0.0,0.0
1367.0,101 Dalmatians (1996),Children's|Comedy,1269.0,"[""Children's"", 'Comedy']",0.0,0.0,0.0,0.0,1.0,0.0,0.0,0.0,0.0,0.0,0.0,0.0,0.0,1.0,0.0,0.0,0.0,0.0
1369.0,I Can't Sleep (J'ai pas sommeil) (1994),Drama|Thriller,1270.0,"['Drama', 'Thriller']",0.0,0.0,0.0,0.0,1.0,0.0,0.0,0.0,0.0,0.0,0.0,0.0,0.0,1.0,0.0,0.0,0.0,0.0
1370.0,Die Hard 2 (1990),Action|Thriller,1271.0,"['Action', 'Thriller']",0.0,0.0,0.0,0.0,0.0,0.0,0.0,0.0,0.0,0.0,0.0,0.0,0.0,1.0,0.0,0.0,0.0,0.0
1371.0,Star Trek: The Motion Picture (1979),Action|Adventure|Sci-Fi,1272.0,"['Action', 'Adventure', 'Sci-Fi']",0.0,0.0,0.0,0.0,0.0,0.0,0.0,0.0,0.0,0.0,0.0,0.0,1.0,0.0,0.0,1.0,0.0,0.0
1372.0,Star Trek VI: The Undiscovered Country (1991),Action|Adventure|Sci-Fi,1273.0,"['Action', 'Adventure', 'Sci-Fi']",0.0,0.0,0.0,1.0,1.0,0.0,0.0,0.0,0.0,0.0,0.0,0.0,1.0,0.0,0.0,0.0,0.0,0.0
1373.0,Star Trek V: The Final Frontier (1989),Action|Adventure|Sci-Fi,1274.0,"['Action', 'Adventure', 'Sci-Fi']",0.0,0.0,0.0,0.0,1.0,0.0,0.0,0.0,0.0,0.0,0.0,0.0,0.0,0.0,0.0,0.0,0.0,0.0
1374.0,Star Trek: The Wrath of Khan (1982),Action|Adventure|Sci-Fi,1275.0,"['Action', 'Adventure', 'Sci-Fi']",0.0,0.0,0.0,0.0,1.0,0.0,0.0,0.0,0.0,0.0,0.0,0.0,0.0,1.0,0.0,0.0,0.0,0.0
1375.0,Star Trek III: The Search for Spock (1984),Action|Adventure|Sci-Fi,1276.0,"['Action', 'Adventure', 'Sci-Fi']",0.0,0.0,0.0,0.0,0.0,0.0,0.0,0.0,0.0,0.0,0.0,0.0,1.0,0.0,0.0,0.0,0.0,0.0
1376.0,Star Trek IV: The Voyage Home (1986),Action|Adventure|Sci-Fi,1277.0,"['Action', 'Adventure', 'Sci-Fi']",0.0,0.0,0.0,0.0,0.0,0.0,0.0,1.0,0.0,0.0,0.0,0.0,0.0,0.0,0.0,0.0,0.0,0.0
1377.0,Batman Returns (1992),Action|Adventure|Comedy|Crime,1278.0,"['Action', 'Adventure', 'Comedy', 'Crime']",0.0,0.0,0.0,0.0,0.0,1.0,0.0,1.0,0.0,0.0,0.0,0.0,0.0,0.0,0.0,0.0,0.0,0.0
1378.0,Young Guns (1988),Action|Comedy|Western,1279.0,"['Action', 'Comedy', 'Western']",0.0,0.0,0.0,0.0,1.0,0.0,0.0,0.0,0.0,0.0,0.0,0.0,0.0,1.0,0.0,0.0,0.0,0.0
1379.0,Young Guns II (1990),Action|Comedy|Western,1280.0,"['Action', 'Comedy', 'Western']",0.0,0.0,0.0,0.0,0.0,0.0,1.0,0.0,0.0,0.0,0.0,0.0,0.0,0.0,0.0,0.0,0.0,0.0
1380.0,Grease (1978),Comedy|Musical|Romance,1281.0,"['Comedy', 'Musical', 'Romance']",0.0,0.0,0.0,0.0,0.0,0.0,0.0,1.0,0.0,0.0,0.0,0.0,0.0,0.0,0.0,0.0,0.0,0.0
1381.0,Grease 2 (1982),Comedy|Musical|Romance,1282.0,"['Comedy', 'Musical', 'Romance']",0.0,0.0,0.0,0.0,0.0,1.0,0.0,0.0,0.0,0.0,0.0,0.0,0.0,0.0,0.0,1.0,0.0,0.0
1382.0,Marked for Death (1990),Action|Drama,1283.0,"['Action', 'Drama']",1.0,0.0,0.0,0.0,1.0,1.0,0.0,1.0,0.0,0.0,0.0,0.0,0.0,0.0,0.0,0.0,0.0,0.0
1383.0,Adrenalin: Fear the Rush (1996),Action|Sci-Fi,1284.0,"['Action', 'Sci-Fi']",0.0,0.0,0.0,1.0,1.0,0.0,0.0,0.0,0.0,0.0,0.0,0.0,0.0,0.0,0.0,0.0,0.0,0.0
1384.0,"Substance of Fire, The (1996)",Drama,1285.0,['Drama'],0.0,0.0,0.0,0.0,0.0,0.0,0.0,0.0,0.0,0.0,0.0,0.0,0.0,1.0,0.0,0.0,0.0,0.0
1385.0,Under Siege (1992),Action,1286.0,['Action'],0.0,0.0,0.0,0.0,1.0,0.0,0.0,1.0,0.0,0.0,0.0,0.0,0.0,0.0,0.0,0.0,0.0,0.0
1386.0,Terror in a Texas Town (1958),Western,1287.0,['Western'],0.0,0.0,0.0,0.0,0.0,0.0,0.0,0.0,0.0,0.0,0.0,0.0,0.0,1.0,0.0,0.0,0.0,0.0
1387.0,Jaws (1975),Action|Horror,1288.0,"['Action', 'Horror']",1.0,0.0,0.0,0.0,0.0,0.0,0.0,0.0,0.0,0.0,0.0,0.0,0.0,1.0,0.0,1.0,0.0,0.0
1388.0,Jaws 2 (1978),Action|Horror,1289.0,"['Action', 'Horror']",1.0,0.0,0.0,0.0,0.0,0.0,0.0,1.0,0.0,0.0,0.0,0.0,0.0,0.0,0.0,1.0,0.0,0.0
1389.0,Jaws 3-D (1983),Action|Horror,1290.0,"['Action', 'Horror']",0.0,0.0,0.0,0.0,1.0,0.0,0.0,1.0,0.0,0.0,0.0,0.0,0.0,0.0,0.0,0.0,0.0,0.0
1390.0,My Fellow Americans (1996),Comedy,1291.0,['Comedy'],0.0,0.0,0.0,0.0,0.0,0.0,0.0,1.0,0.0,0.0,0.0,0.0,0.0,0.0,0.0,1.0,0.0,0.0
1391.0,Mars Attacks! (1996),Action|Comedy|Sci-Fi|War,1292.0,"['Action', 'Comedy', 'Sci-Fi', 'War']",0.0,0.0,0.0,0.0,0.0,0.0,0.0,0.0,0.0,0.0,0.0,0.0,1.0,0.0,0.0,0.0,0.0,0.0
1392.0,Citizen Ruth (1996),Comedy|Drama,1293.0,"['Comedy', 'Drama']",0.0,0.0,0.0,0.0,1.0,0.0,0.0,0.0,0.0,0.0,0.0,0.0,0.0,0.0,0.0,0.0,0.0,0.0
1393.0,Jerry Maguire (1996),Drama|Romance,1294.0,"['Drama', 'Romance']",0.0,0.0,0.0,0.0,0.0,0.0,0.0,1.0,0.0,0.0,0.0,0.0,0.0,0.0,0.0,0.0,0.0,0.0
1394.0,Raising Arizona (1987),Comedy,1295.0,['Comedy'],0.0,0.0,0.0,0.0,0.0,0.0,0.0,1.0,0.0,0.0,0.0,1.0,0.0,0.0,0.0,0.0,0.0,0.0
1395.0,Tin Men (1987),Comedy|Drama,1296.0,"['Comedy', 'Drama']",1.0,0.0,0.0,0.0,0.0,0.0,0.0,1.0,0.0,0.0,0.0,0.0,0.0,0.0,0.0,1.0,1.0,0.0
1396.0,Sneakers (1992),Crime|Drama|Sci-Fi,1297.0,"['Crime', 'Drama', 'Sci-Fi']",0.0,0.0,1.0,1.0,0.0,0.0,0.0,0.0,0.0,0.0,0.0,1.0,0.0,0.0,0.0,0.0,0.0,0.0
1397.0,Bastard Out of Carolina (1996),Drama,1298.0,['Drama'],0.0,0.0,0.0,0.0,1.0,0.0,0.0,0.0,0.0,0.0,0.0,0.0,0.0,0.0,0.0,0.0,0.0,0.0
1398.0,In Love and War (1996),Romance|War,1299.0,"['Romance', 'War']",0.0,0.0,0.0,0.0,0.0,0.0,0.0,0.0,0.0,0.0,0.0,0.0,0.0,1.0,0.0,0.0,0.0,0.0
1399.0,Marvin's Room (1996),Drama,1300.0,['Drama'],0.0,0.0,0.0,0.0,1.0,0.0,0.0,0.0,0.0,0.0,0.0,0.0,0.0,0.0,0.0,0.0,0.0,0.0
1401.0,Ghosts of Mississippi (1996),Drama,1301.0,['Drama'],0.0,0.0,0.0,0.0,0.0,0.0,0.0,1.0,0.0,0.0,0.0,0.0,0.0,1.0,0.0,0.0,0.0,0.0
1404.0,Night Falls on Manhattan (1997),Crime|Drama,1302.0,"['Crime', 'Drama']",1.0,0.0,0.0,0.0,0.0,0.0,0.0,0.0,0.0,0.0,0.0,0.0,0.0,0.0,0.0,0.0,0.0,0.0
1405.0,Beavis and Butt-head Do America (1996),Animation|Comedy,1303.0,"['Animation', 'Comedy']",0.0,0.0,0.0,0.0,0.0,0.0,0.0,1.0,0.0,0.0,0.0,0.0,0.0,1.0,0.0,0.0,0.0,0.0
1406.0,"Cérémonie, La (1995)",Drama,1304.0,['Drama'],1.0,1.0,0.0,0.0,0.0,0.0,0.0,0.0,0.0,0.0,0.0,0.0,0.0,0.0,0.0,1.0,0.0,0.0
1407.0,Scream (1996),Horror|Thriller,1305.0,"['Horror', 'Thriller']",0.0,0.0,0.0,0.0,1.0,1.0,0.0,0.0,0.0,0.0,0.0,0.0,0.0,0.0,0.0,0.0,0.0,0.0
1408.0,"Last of the Mohicans, The (1992)",Action|Romance|War,1306.0,"['Action', 'Romance', 'War']",0.0,0.0,0.0,0.0,0.0,1.0,0.0,0.0,0.0,0.0,0.0,0.0,0.0,0.0,0.0,0.0,0.0,0.0
1409.0,Michael (1996),Comedy|Romance,1307.0,"['Comedy', 'Romance']",0.0,0.0,0.0,0.0,0.0,0.0,0.0,0.0,0.0,0.0,0.0,0.0,0.0,1.0,0.0,0.0,0.0,0.0
1410.0,"Evening Star, The (1996)",Comedy|Drama,1308.0,"['Comedy', 'Drama']",0.0,0.0,0.0,0.0,1.0,0.0,0.0,0.0,0.0,0.0,0.0,0.0,0.0,0.0,0.0,0.0,0.0,0.0
1411.0,Hamlet (1996),Drama,1309.0,['Drama'],0.0,0.0,0.0,0.0,0.0,0.0,0.0,1.0,0.0,0.0,0.0,0.0,0.0,0.0,0.0,0.0,0.0,0.0
1412.0,Some Mother's Son (1996),Drama,1310.0,['Drama'],0.0,0.0,0.0,0.0,0.0,0.0,0.0,1.0,0.0,0.0,0.0,0.0,0.0,0.0,0.0,0.0,1.0,0.0
1413.0,"Whole Wide World, The (1996)",Drama,1311.0,['Drama'],0.0,0.0,0.0,0.0,0.0,0.0,0.0,1.0,0.0,0.0,0.0,0.0,0.0,0.0,0.0,0.0,0.0,0.0
1414.0,Mother (1996),Comedy,1312.0,['Comedy'],0.0,0.0,0.0,0.0,0.0,0.0,0.0,1.0,0.0,0.0,0.0,0.0,0.0,0.0,0.0,0.0,0.0,0.0
1415.0,"Thieves (Voleurs, Les) (1996)",Crime|Drama|Romance,1313.0,"['Crime', 'Drama', 'Romance']",0.0,0.0,0.0,0.0,0.0,0.0,0.0,1.0,0.0,0.0,0.0,0.0,0.0,0.0,0.0,0.0,0.0,0.0
1416.0,Evita (1996),Drama|Musical,1314.0,"['Drama', 'Musical']",0.0,0.0,0.0,0.0,1.0,0.0,0.0,0.0,0.0,0.0,0.0,0.0,0.0,0.0,0.0,0.0,0.0,0.0
1417.0,"Portrait of a Lady, The (1996)",Drama,1315.0,['Drama'],0.0,0.0,0.0,0.0,1.0,0.0,0.0,0.0,0.0,0.0,0.0,0.0,0.0,0.0,0.0,0.0,0.0,0.0
1419.0,Walkabout (1971),Drama,1316.0,['Drama'],0.0,0.0,0.0,0.0,0.0,0.0,0.0,0.0,0.0,0.0,0.0,0.0,0.0,1.0,0.0,0.0,0.0,0.0
1420.0,Message to Love: The Isle of Wight Festival (1996),Documentary,1317.0,['Documentary'],0.0,0.0,0.0,0.0,0.0,0.0,0.0,1.0,0.0,0.0,0.0,0.0,0.0,0.0,0.0,1.0,0.0,0.0
1421.0,Grateful Dead (1995),Documentary,1318.0,['Documentary'],0.0,0.0,0.0,0.0,1.0,0.0,0.0,0.0,0.0,0.0,0.0,0.0,0.0,0.0,0.0,0.0,0.0,0.0
1422.0,Murder at 1600 (1997),Mystery|Thriller,1319.0,"['Mystery', 'Thriller']",0.0,0.0,0.0,0.0,1.0,0.0,0.0,0.0,0.0,0.0,0.0,0.0,0.0,0.0,0.0,0.0,0.0,0.0
1423.0,Hearts and Minds (1996),Drama,1320.0,['Drama'],1.0,0.0,0.0,0.0,0.0,0.0,0.0,0.0,0.0,0.0,0.0,0.0,0.0,0.0,0.0,1.0,0.0,0.0
1425.0,Fierce Creatures (1997),Comedy,1321.0,['Comedy'],0.0,0.0,0.0,0.0,0.0,0.0,0.0,0.0,0.0,0.0,0.0,0.0,0.0,1.0,0.0,0.0,0.0,0.0
1426.0,Zeus and Roxanne (1997),Children's,1322.0,"[""Children's""]",0.0,0.0,0.0,0.0,0.0,0.0,0.0,1.0,0.0,0.0,0.0,0.0,0.0,0.0,0.0,0.0,0.0,0.0
1427.0,Turbulence (1997),Thriller,1323.0,['Thriller'],1.0,0.0,0.0,0.0,0.0,1.0,0.0,0.0,0.0,0.0,0.0,0.0,0.0,1.0,0.0,0.0,0.0,0.0
1428.0,Angel Baby (1995),Drama,1324.0,['Drama'],1.0,1.0,0.0,1.0,0.0,0.0,0.0,0.0,1.0,0.0,0.0,0.0,0.0,0.0,0.0,0.0,0.0,0.0
1429.0,Jackie Chan's First Strike (1996),Action,1325.0,['Action'],0.0,0.0,0.0,0.0,1.0,0.0,0.0,0.0,0.0,0.0,0.0,0.0,0.0,0.0,0.0,0.0,0.0,0.0
1430.0,Underworld (1997),Thriller,1326.0,['Thriller'],1.0,0.0,0.0,0.0,0.0,0.0,0.0,0.0,0.0,0.0,0.0,0.0,0.0,0.0,1.0,0.0,0.0,0.0
1431.0,Beverly Hills Ninja (1997),Action|Comedy,1327.0,"['Action', 'Comedy']",0.0,0.0,0.0,0.0,1.0,0.0,0.0,0.0,0.0,0.0,0.0,0.0,0.0,0.0,0.0,0.0,0.0,0.0
1432.0,Metro (1997),Action,1328.0,['Action'],0.0,0.0,0.0,0.0,0.0,0.0,0.0,1.0,0.0,0.0,0.0,0.0,0.0,0.0,0.0,0.0,0.0,0.0
1433.0,"Machine, The (1994)",Comedy|Horror,1329.0,"['Comedy', 'Horror']",0.0,0.0,0.0,0.0,0.0,0.0,0.0,1.0,0.0,0.0,0.0,0.0,0.0,0.0,0.0,0.0,0.0,0.0
1434.0,"Stranger, The (1994)",Action,1330.0,['Action'],0.0,0.0,0.0,0.0,1.0,0.0,0.0,0.0,0.0,0.0,0.0,0.0,0.0,0.0,0.0,0.0,0.0,0.0
1436.0,Falling in Love Again (1980),Comedy,1331.0,['Comedy'],0.0,0.0,0.0,0.0,0.0,0.0,0.0,1.0,0.0,0.0,0.0,0.0,0.0,0.0,0.0,0.0,0.0,0.0
1437.0,"Cement Garden, The (1993)",Drama,1332.0,['Drama'],0.0,0.0,0.0,0.0,0.0,0.0,0.0,1.0,0.0,0.0,0.0,0.0,0.0,0.0,0.0,0.0,0.0,0.0
1438.0,Dante's Peak (1997),Action|Thriller,1333.0,"['Action', 'Thriller']",0.0,0.0,0.0,0.0,0.0,0.0,0.0,1.0,0.0,0.0,0.0,0.0,0.0,1.0,0.0,0.0,0.0,0.0
1439.0,Meet Wally Sparks (1997),Comedy,1334.0,['Comedy'],0.0,0.0,0.0,0.0,1.0,0.0,0.0,0.0,0.0,0.0,0.0,0.0,0.0,0.0,0.0,0.0,0.0,0.0
1440.0,Amos & Andrew (1993),Comedy,1335.0,['Comedy'],0.0,1.0,0.0,1.0,0.0,0.0,0.0,0.0,0.0,0.0,0.0,0.0,0.0,0.0,0.0,0.0,0.0,0.0
1441.0,Benny & Joon (1993),Comedy|Romance,1336.0,"['Comedy', 'Romance']",0.0,0.0,0.0,0.0,1.0,1.0,0.0,0.0,0.0,0.0,0.0,0.0,0.0,0.0,0.0,0.0,0.0,0.0
1442.0,Prefontaine (1997),Drama,1337.0,['Drama'],0.0,0.0,0.0,0.0,1.0,0.0,0.0,0.0,0.0,0.0,0.0,0.0,0.0,1.0,0.0,0.0,0.0,0.0
1444.0,Guantanamera (1994),Comedy,1338.0,['Comedy'],0.0,0.0,0.0,0.0,0.0,0.0,0.0,1.0,0.0,0.0,0.0,0.0,0.0,0.0,0.0,0.0,0.0,0.0
1445.0,McHale's Navy (1997),Comedy|War,1339.0,"['Comedy', 'War']",1.0,1.0,0.0,0.0,0.0,0.0,0.0,0.0,0.0,0.0,0.0,0.0,0.0,0.0,1.0,1.0,0.0,0.0
1446.0,Kolya (1996),Comedy,1340.0,['Comedy'],0.0,0.0,0.0,0.0,0.0,0.0,0.0,1.0,0.0,0.0,0.0,0.0,0.0,0.0,0.0,0.0,0.0,0.0
1447.0,Gridlock'd (1997),Crime,1341.0,['Crime'],0.0,0.0,0.0,0.0,1.0,0.0,0.0,0.0,0.0,0.0,0.0,0.0,0.0,0.0,0.0,0.0,0.0,0.0
1449.0,Waiting for Guffman (1996),Comedy,1342.0,['Comedy'],0.0,0.0,0.0,0.0,0.0,0.0,0.0,1.0,0.0,0.0,0.0,0.0,0.0,0.0,0.0,0.0,0.0,0.0
1450.0,Prisoner of the Mountains (Kavkazsky Plennik) (1996),War,1343.0,['War'],0.0,0.0,0.0,0.0,0.0,0.0,0.0,1.0,0.0,0.0,0.0,0.0,0.0,1.0,0.0,0.0,0.0,0.0
1453.0,"Beautician and the Beast, The (1997)",Comedy|Romance,1344.0,"['Comedy', 'Romance']",0.0,0.0,0.0,0.0,1.0,0.0,0.0,0.0,0.0,0.0,0.0,0.0,0.0,1.0,0.0,0.0,0.0,0.0
1454.0,SubUrbia (1997),Comedy,1345.0,['Comedy'],0.0,1.0,0.0,1.0,0.0,0.0,0.0,1.0,0.0,0.0,0.0,0.0,0.0,0.0,0.0,0.0,0.0,0.0
1455.0,Hotel de Love (1996),Comedy|Romance,1346.0,"['Comedy', 'Romance']",1.0,1.0,0.0,0.0,0.0,0.0,0.0,0.0,0.0,0.0,0.0,0.0,0.0,0.0,0.0,1.0,0.0,0.0
1456.0,"Pest, The (1997)",Comedy,1347.0,['Comedy'],0.0,0.0,0.0,0.0,1.0,0.0,0.0,0.0,0.0,0.0,0.0,0.0,0.0,0.0,0.0,0.0,0.0,0.0
1457.0,Fools Rush In (1997),Comedy|Romance,1348.0,"['Comedy', 'Romance']",0.0,0.0,0.0,0.0,0.0,0.0,0.0,1.0,0.0,0.0,0.0,0.0,0.0,1.0,0.0,0.0,0.0,0.0
1458.0,Touch (1997),Romance,1349.0,['Romance'],0.0,0.0,0.0,0.0,0.0,0.0,0.0,1.0,0.0,0.0,0.0,0.0,0.0,0.0,0.0,0.0,0.0,0.0
1459.0,Absolute Power (1997),Mystery|Thriller,1350.0,"['Mystery', 'Thriller']",1.0,0.0,0.0,0.0,0.0,0.0,0.0,0.0,0.0,0.0,0.0,0.0,0.0,1.0,0.0,1.0,0.0,0.0
1460.0,That Darn Cat! (1997),Children's|Comedy|Mystery,1351.0,"[""Children's"", 'Comedy', 'Mystery']",0.0,0.0,0.0,0.0,1.0,0.0,0.0,0.0,0.0,0.0,0.0,0.0,0.0,0.0,0.0,0.0,0.0,0.0
1461.0,Vegas Vacation (1997),Comedy,1352.0,['Comedy'],0.0,0.0,0.0,0.0,1.0,0.0,0.0,0.0,0.0,0.0,0.0,0.0,0.0,0.0,0.0,0.0,0.0,0.0
1463.0,That Old Feeling (1997),Comedy|Romance,1353.0,"['Comedy', 'Romance']",0.0,0.0,0.0,0.0,0.0,0.0,0.0,1.0,0.0,0.0,0.0,0.0,0.0,0.0,0.0,0.0,0.0,0.0
1464.0,Lost Highway (1997),Mystery,1354.0,['Mystery'],0.0,0.0,0.0,0.0,1.0,0.0,0.0,0.0,0.0,0.0,0.0,0.0,0.0,1.0,0.0,0.0,0.0,0.0
1465.0,Rosewood (1997),Drama,1355.0,['Drama'],0.0,0.0,0.0,0.0,1.0,0.0,0.0,0.0,0.0,0.0,0.0,0.0,0.0,0.0,0.0,1.0,0.0,0.0
1466.0,Donnie Brasco (1997),Crime|Drama,1356.0,"['Crime', 'Drama']",0.0,1.0,1.0,1.0,1.0,0.0,0.0,0.0,0.0,0.0,0.0,1.0,0.0,0.0,0.0,0.0,0.0,0.0
1468.0,Booty Call (1997),Comedy|Romance,1357.0,"['Comedy', 'Romance']",0.0,0.0,0.0,0.0,1.0,0.0,0.0,0.0,0.0,0.0,0.0,0.0,0.0,1.0,0.0,0.0,0.0,0.0
1470.0,Rhyme & Reason (1997),Documentary,1358.0,['Documentary'],0.0,0.0,0.0,0.0,0.0,0.0,0.0,0.0,0.0,0.0,0.0,0.0,0.0,0.0,1.0,0.0,0.0,0.0
1471.0,Boys Life 2 (1997),Drama,1359.0,['Drama'],0.0,0.0,0.0,0.0,1.0,0.0,0.0,0.0,0.0,0.0,0.0,0.0,0.0,1.0,0.0,0.0,0.0,0.0
1472.0,City of Industry (1997),Crime|Thriller,1360.0,"['Crime', 'Thriller']",0.0,0.0,0.0,0.0,0.0,0.0,0.0,1.0,0.0,0.0,0.0,0.0,0.0,0.0,0.0,0.0,0.0,0.0
1473.0,Best Men (1997),Action|Comedy|Crime|Drama,1361.0,"['Action', 'Comedy', 'Crime', 'Drama']",1.0,0.0,0.0,0.0,0.0,0.0,0.0,0.0,0.0,0.0,0.0,0.0,0.0,0.0,1.0,1.0,0.0,0.0
1474.0,Jungle2Jungle (a.k.a. Jungle 2 Jungle) (1997),Children's|Comedy,1362.0,"[""Children's"", 'Comedy']",0.0,0.0,0.0,0.0,0.0,0.0,0.0,0.0,0.0,0.0,0.0,0.0,0.0,1.0,0.0,0.0,0.0,0.0
1475.0,Kama Sutra: A Tale of Love (1996),Romance,1363.0,['Romance'],0.0,0.0,0.0,0.0,0.0,0.0,0.0,1.0,0.0,0.0,0.0,0.0,0.0,0.0,0.0,0.0,0.0,0.0
1476.0,Private Parts (1997),Comedy|Drama,1364.0,"['Comedy', 'Drama']",0.0,0.0,0.0,0.0,0.0,0.0,0.0,1.0,0.0,0.0,0.0,0.0,0.0,0.0,0.0,0.0,0.0,0.0
1477.0,Love Jones (1997),Romance,1365.0,['Romance'],1.0,1.0,0.0,0.0,1.0,0.0,0.0,0.0,0.0,0.0,0.0,0.0,0.0,0.0,1.0,0.0,0.0,0.0
1479.0,"Saint, The (1997)",Action|Romance|Thriller,1366.0,"['Action', 'Romance', 'Thriller']",0.0,0.0,0.0,0.0,1.0,0.0,0.0,0.0,0.0,0.0,0.0,0.0,0.0,0.0,0.0,0.0,0.0,0.0
1480.0,Smilla's Sense of Snow (1997),Action|Drama|Thriller,1367.0,"['Action', 'Drama', 'Thriller']",0.0,1.0,0.0,1.0,0.0,0.0,0.0,0.0,0.0,0.0,0.0,0.0,0.0,0.0,0.0,0.0,0.0,0.0
1482.0,"Van, The (1996)",Comedy|Drama,1368.0,"['Comedy', 'Drama']",0.0,0.0,0.0,1.0,0.0,0.0,0.0,0.0,1.0,0.0,0.0,0.0,0.0,0.0,0.0,0.0,0.0,0.0
1483.0,Crash (1996),Drama|Thriller,1369.0,"['Drama', 'Thriller']",0.0,0.0,0.0,0.0,0.0,0.0,0.0,1.0,0.0,0.0,0.0,0.0,0.0,0.0,1.0,0.0,0.0,0.0
1484.0,"Daytrippers, The (1996)",Mystery,1370.0,['Mystery'],0.0,0.0,0.0,0.0,1.0,0.0,0.0,0.0,0.0,0.0,0.0,0.0,0.0,0.0,0.0,0.0,0.0,0.0
1485.0,Liar Liar (1997),Comedy,1371.0,['Comedy'],1.0,0.0,0.0,0.0,0.0,0.0,0.0,1.0,0.0,0.0,0.0,0.0,0.0,0.0,0.0,0.0,1.0,0.0
1486.0,"Quiet Room, The (1996)",Drama,1372.0,['Drama'],1.0,1.0,0.0,0.0,0.0,0.0,0.0,0.0,0.0,0.0,0.0,0.0,0.0,0.0,0.0,0.0,0.0,0.0
1487.0,Selena (1997),Drama|Musical,1373.0,"['Drama', 'Musical']",0.0,0.0,0.0,1.0,1.0,0.0,0.0,0.0,0.0,0.0,0.0,0.0,0.0,0.0,0.0,0.0,0.0,0.0
1488.0,"Devil's Own, The (1997)",Action|Drama|Thriller|War,1374.0,"['Action', 'Drama', 'Thriller', 'War']",0.0,0.0,0.0,0.0,0.0,1.0,0.0,1.0,0.0,0.0,0.0,0.0,1.0,0.0,0.0,0.0,0.0,0.0
1489.0,Cats Don't Dance (1997),Animation|Children's|Musical,1375.0,"['Animation', ""Children's"", 'Musical']",1.0,0.0,0.0,0.0,0.0,0.0,0.0,0.0,0.0,0.0,0.0,0.0,1.0,0.0,1.0,1.0,0.0,0.0
1490.0,B*A*P*S (1997),Comedy,1376.0,['Comedy'],1.0,1.0,0.0,0.0,0.0,0.0,0.0,0.0,0.0,0.0,0.0,0.0,0.0,0.0,1.0,1.0,0.0,0.0
1493.0,Love and Other Catastrophes (1996),Romance,1377.0,['Romance'],0.0,0.0,0.0,1.0,1.0,0.0,0.0,0.0,0.0,0.0,0.0,0.0,0.0,0.0,0.0,0.0,0.0,0.0
1494.0,"Sixth Man, The (1997)",Comedy,1378.0,['Comedy'],0.0,0.0,0.0,0.0,1.0,0.0,0.0,0.0,0.0,0.0,0.0,0.0,0.0,1.0,0.0,0.0,0.0,0.0
1495.0,Turbo: A Power Rangers Movie (1997),Action|Adventure|Children's,1379.0,"['Action', 'Adventure', ""Children's""]",0.0,0.0,0.0,0.0,0.0,0.0,0.0,1.0,0.0,0.0,0.0,0.0,0.0,0.0,0.0,0.0,0.0,0.0
1496.0,Anna Karenina (1997),Drama|Romance,1380.0,"['Drama', 'Romance']",0.0,1.0,0.0,1.0,0.0,0.0,0.0,1.0,0.0,0.0,0.0,0.0,0.0,0.0,0.0,0.0,0.0,0.0
1497.0,Double Team (1997),Action,1381.0,['Action'],0.0,0.0,0.0,0.0,0.0,0.0,0.0,1.0,0.0,0.0,0.0,0.0,0.0,0.0,0.0,0.0,0.0,0.0
1498.0,Inventing the Abbotts (1997),Drama|Romance,1382.0,"['Drama', 'Romance']",1.0,0.0,0.0,0.0,0.0,0.0,0.0,0.0,0.0,0.0,0.0,0.0,1.0,1.0,0.0,1.0,0.0,0.0
1499.0,Anaconda (1997),Action|Adventure|Thriller,1383.0,"['Action', 'Adventure', 'Thriller']",0.0,0.0,0.0,0.0,0.0,1.0,0.0,1.0,0.0,0.0,0.0,0.0,0.0,0.0,0.0,1.0,0.0,0.0
1500.0,Grosse Pointe Blank (1997),Comedy|Crime,1384.0,"['Comedy', 'Crime']",1.0,0.0,0.0,0.0,0.0,0.0,0.0,0.0,0.0,0.0,0.0,0.0,0.0,0.0,0.0,0.0,0.0,0.0
1501.0,Keys to Tulsa (1997),Crime,1385.0,['Crime'],0.0,0.0,0.0,0.0,0.0,0.0,0.0,1.0,0.0,0.0,0.0,0.0,0.0,1.0,0.0,0.0,0.0,0.0
1502.0,Kissed (1996),Romance,1386.0,['Romance'],0.0,0.0,0.0,0.0,0.0,1.0,0.0,1.0,0.0,1.0,0.0,0.0,0.0,0.0,0.0,0.0,0.0,0.0
1503.0,8 Heads in a Duffel Bag (1997),Comedy,1387.0,['Comedy'],0.0,0.0,0.0,0.0,1.0,0.0,0.0,0.0,0.0,0.0,0.0,0.0,0.0,0.0,0.0,0.0,0.0,0.0
1504.0,Hollow Reed (1996),Drama,1388.0,['Drama'],0.0,0.0,0.0,0.0,0.0,0.0,0.0,0.0,0.0,0.0,0.0,0.0,0.0,0.0,1.0,1.0,0.0,0.0
1507.0,Paradise Road (1997),Drama|War,1389.0,"['Drama', 'War']",1.0,0.0,0.0,0.0,1.0,0.0,0.0,0.0,0.0,0.0,0.0,0.0,0.0,0.0,0.0,0.0,0.0,0.0
1508.0,Traveller (1997),Drama,1390.0,['Drama'],0.0,1.0,0.0,0.0,0.0,0.0,0.0,0.0,0.0,0.0,0.0,0.0,0.0,1.0,0.0,0.0,0.0,0.0
1509.0,All Over Me (1997),Drama,1391.0,['Drama'],1.0,1.0,0.0,0.0,0.0,0.0,0.0,0.0,0.0,0.0,0.0,0.0,0.0,0.0,0.0,0.0,0.0,0.0
1510.0,"Brother's Kiss, A (1997)",Drama,1392.0,['Drama'],1.0,0.0,0.0,0.0,0.0,0.0,0.0,0.0,0.0,0.0,0.0,0.0,0.0,0.0,0.0,1.0,0.0,0.0
1511.0,A Chef in Love (1996),Comedy,1393.0,['Comedy'],0.0,0.0,0.0,0.0,0.0,0.0,0.0,1.0,0.0,0.0,0.0,0.0,0.0,0.0,0.0,0.0,0.0,0.0
1513.0,Romy and Michele's High School Reunion (1997),Comedy,1394.0,['Comedy'],1.0,0.0,0.0,0.0,0.0,0.0,0.0,0.0,0.0,0.0,0.0,0.0,0.0,0.0,0.0,1.0,0.0,0.0
1514.0,Temptress Moon (Feng Yue) (1996),Romance,1395.0,['Romance'],0.0,0.0,0.0,0.0,0.0,0.0,0.0,1.0,0.0,0.0,0.0,0.0,0.0,0.0,0.0,0.0,0.0,0.0
1515.0,Volcano (1997),Drama|Thriller,1396.0,"['Drama', 'Thriller']",0.0,0.0,0.0,0.0,1.0,0.0,0.0,0.0,0.0,0.0,0.0,0.0,0.0,0.0,0.0,0.0,0.0,0.0
1516.0,Children of the Revolution (1996),Comedy,1397.0,['Comedy'],0.0,0.0,0.0,0.0,0.0,0.0,0.0,1.0,0.0,0.0,0.0,0.0,0.0,0.0,0.0,0.0,0.0,0.0
1517.0,Austin Powers: International Man of Mystery (1997),Comedy,1398.0,['Comedy'],0.0,0.0,0.0,0.0,1.0,0.0,0.0,0.0,0.0,0.0,0.0,0.0,0.0,0.0,0.0,0.0,0.0,0.0
1518.0,Breakdown (1997),Action|Thriller,1399.0,"['Action', 'Thriller']",0.0,1.0,0.0,0.0,0.0,0.0,0.0,0.0,0.0,0.0,0.0,0.0,0.0,0.0,0.0,1.0,0.0,0.0
1519.0,Broken English (1996),Drama,1400.0,['Drama'],1.0,0.0,0.0,0.0,0.0,0.0,0.0,0.0,0.0,0.0,0.0,0.0,0.0,0.0,0.0,1.0,1.0,0.0
1520.0,Commandments (1997),Romance,1401.0,['Romance'],0.0,0.0,0.0,0.0,0.0,1.0,0.0,0.0,0.0,1.0,0.0,0.0,1.0,0.0,0.0,1.0,0.0,0.0
1522.0,Ripe (1996),Drama,1402.0,['Drama'],0.0,0.0,0.0,0.0,0.0,0.0,0.0,1.0,0.0,0.0,0.0,0.0,0.0,0.0,0.0,0.0,1.0,0.0
1523.0,"Truth or Consequences, N.M. (1997)",Action|Crime|Romance,1403.0,"['Action', 'Crime', 'Romance']",0.0,0.0,0.0,0.0,0.0,1.0,0.0,1.0,0.0,0.0,0.0,0.0,0.0,0.0,0.0,1.0,0.0,0.0
1525.0,Warriors of Virtue (1997),Action|Adventure|Children's|Fantasy,1404.0,"['Action', 'Adventure', ""Children's"", 'Fantasy']",0.0,0.0,0.0,0.0,1.0,0.0,0.0,1.0,0.0,0.0,0.0,0.0,0.0,0.0,0.0,0.0,0.0,0.0
1526.0,Fathers' Day (1997),Comedy,1405.0,['Comedy'],0.0,0.0,0.0,0.0,0.0,0.0,0.0,0.0,0.0,0.0,1.0,0.0,0.0,0.0,0.0,0.0,0.0,0.0
1527.0,"Fifth Element, The (1997)",Action|Sci-Fi,1406.0,"['Action', 'Sci-Fi']",0.0,0.0,0.0,0.0,0.0,0.0,0.0,1.0,0.0,0.0,0.0,0.0,0.0,0.0,0.0,0.0,0.0,0.0
1528.0,Intimate Relations (1996),Comedy,1407.0,['Comedy'],0.0,0.0,0.0,0.0,0.0,0.0,0.0,0.0,0.0,0.0,0.0,0.0,1.0,0.0,0.0,1.0,0.0,0.0
1529.0,Nowhere (1997),Drama,1408.0,['Drama'],1.0,0.0,0.0,0.0,0.0,0.0,0.0,1.0,0.0,0.0,0.0,0.0,0.0,0.0,0.0,1.0,0.0,0.0
1531.0,Losing Chase (1996),Drama,1409.0,['Drama'],1.0,0.0,0.0,0.0,0.0,1.0,0.0,0.0,0.0,0.0,0.0,0.0,1.0,0.0,0.0,0.0,0.0,0.0
1532.0,Sprung (1997),Comedy,1410.0,['Comedy'],0.0,0.0,0.0,0.0,1.0,0.0,0.0,0.0,0.0,0.0,0.0,0.0,0.0,1.0,0.0,0.0,0.0,0.0
1533.0,"Promise, The (La Promesse) (1996)",Drama,1411.0,['Drama'],0.0,0.0,0.0,0.0,1.0,0.0,0.0,1.0,0.0,0.0,0.0,0.0,0.0,0.0,0.0,0.0,0.0,0.0
1534.0,"Bonheur, Le (1965)",Drama,1412.0,['Drama'],0.0,0.0,0.0,0.0,0.0,0.0,0.0,0.0,0.0,0.0,0.0,0.0,0.0,0.0,0.0,1.0,0.0,0.0
1535.0,Love! Valour! Compassion! (1997),Drama|Romance,1413.0,"['Drama', 'Romance']",0.0,0.0,0.0,0.0,1.0,0.0,0.0,0.0,0.0,0.0,0.0,0.0,0.0,1.0,0.0,0.0,0.0,0.0
1537.0,Shall We Dance? (Shall We Dansu?) (1996),Comedy,1414.0,['Comedy'],0.0,0.0,0.0,0.0,0.0,0.0,0.0,1.0,0.0,0.0,0.0,0.0,0.0,0.0,0.0,0.0,0.0,0.0
1538.0,"Second Jungle Book: Mowgli & Baloo, The (1997)",Adventure|Children's,1415.0,"['Adventure', ""Children's""]",0.0,0.0,0.0,0.0,0.0,0.0,0.0,1.0,0.0,0.0,0.0,0.0,0.0,0.0,0.0,0.0,0.0,0.0
1539.0,Twin Town (1997),Comedy|Crime,1416.0,"['Comedy', 'Crime']",1.0,0.0,0.0,0.0,0.0,0.0,0.0,0.0,0.0,0.0,0.0,0.0,0.0,0.0,0.0,1.0,0.0,0.0
1541.0,Addicted to Love (1997),Comedy|Romance,1417.0,"['Comedy', 'Romance']",0.0,0.0,0.0,0.0,0.0,0.0,0.0,1.0,0.0,0.0,0.0,0.0,0.0,1.0,0.0,0.0,0.0,0.0
1542.0,Brassed Off (1996),Comedy|Drama|Romance,1418.0,"['Comedy', 'Drama', 'Romance']",0.0,0.0,0.0,0.0,1.0,0.0,0.0,0.0,0.0,0.0,0.0,0.0,0.0,0.0,0.0,0.0,0.0,0.0
1543.0,"Designated Mourner, The (1997)",Drama,1419.0,['Drama'],0.0,0.0,0.0,0.0,1.0,0.0,0.0,0.0,0.0,0.0,0.0,0.0,0.0,0.0,0.0,0.0,0.0,0.0
1544.0,"Lost World: Jurassic Park, The (1997)",Action|Adventure|Sci-Fi|Thriller,1420.0,"['Action', 'Adventure', 'Sci-Fi', 'Thriller']",0.0,0.0,0.0,0.0,1.0,0.0,0.0,1.0,0.0,0.0,0.0,0.0,0.0,0.0,0.0,0.0,0.0,0.0
1545.0,Ponette (1996),Drama,1421.0,['Drama'],0.0,0.0,0.0,0.0,0.0,0.0,0.0,1.0,0.0,0.0,0.0,0.0,0.0,1.0,0.0,0.0,0.0,0.0
1546.0,Schizopolis (1996),Comedy,1422.0,['Comedy'],0.0,0.0,0.0,0.0,0.0,0.0,0.0,0.0,0.0,0.0,1.0,0.0,1.0,0.0,0.0,1.0,0.0,0.0
1547.0,Shiloh (1997),Children's|Drama,1423.0,"[""Children's"", 'Drama']",0.0,0.0,0.0,0.0,0.0,1.0,0.0,0.0,0.0,0.0,1.0,0.0,1.0,0.0,0.0,1.0,0.0,0.0
1548.0,"War at Home, The (1996)",Drama,1424.0,['Drama'],0.0,0.0,0.0,0.0,1.0,0.0,0.0,0.0,0.0,0.0,0.0,0.0,0.0,0.0,0.0,0.0,0.0,0.0
1549.0,Rough Magic (1995),Drama|Romance,1425.0,"['Drama', 'Romance']",0.0,0.0,0.0,0.0,0.0,1.0,0.0,0.0,0.0,0.0,0.0,0.0,0.0,0.0,0.0,1.0,0.0,0.0
1550.0,Trial and Error (1997),Comedy|Romance,1426.0,"['Comedy', 'Romance']",0.0,0.0,0.0,0.0,1.0,0.0,0.0,1.0,0.0,0.0,0.0,0.0,0.0,0.0,0.0,1.0,0.0,0.0
1551.0,Buddy (1997),Adventure|Children's|Drama,1427.0,"['Adventure', ""Children's"", 'Drama']",0.0,0.0,0.0,0.0,0.0,0.0,1.0,0.0,0.0,0.0,0.0,0.0,0.0,0.0,0.0,0.0,0.0,0.0
1552.0,Con Air (1997),Action|Adventure|Thriller,1428.0,"['Action', 'Adventure', 'Thriller']",0.0,0.0,0.0,0.0,0.0,0.0,0.0,1.0,0.0,0.0,0.0,0.0,0.0,0.0,0.0,0.0,0.0,0.0
1553.0,Late Bloomers (1996),Comedy,1429.0,['Comedy'],0.0,0.0,0.0,0.0,0.0,0.0,0.0,1.0,0.0,0.0,0.0,0.0,0.0,0.0,0.0,0.0,0.0,0.0
1554.0,"Pillow Book, The (1995)",Drama|Romance,1430.0,"['Drama', 'Romance']",0.0,0.0,0.0,0.0,0.0,0.0,1.0,0.0,0.0,0.0,0.0,0.0,0.0,0.0,0.0,0.0,0.0,0.0
1555.0,"To Have, or Not (1995)",Drama,1431.0,['Drama'],0.0,0.0,0.0,0.0,0.0,0.0,0.0,1.0,0.0,0.0,0.0,0.0,0.0,0.0,1.0,1.0,0.0,0.0
1556.0,Speed 2: Cruise Control (1997),Action|Romance|Thriller,1432.0,"['Action', 'Romance', 'Thriller']",0.0,0.0,0.0,1.0,0.0,0.0,0.0,1.0,1.0,0.0,0.0,0.0,0.0,0.0,0.0,0.0,0.0,0.0
1558.0,Sudden Manhattan (1996),Comedy,1433.0,['Comedy'],0.0,0.0,0.0,0.0,0.0,0.0,0.0,0.0,0.0,0.0,0.0,0.0,0.0,1.0,0.0,0.0,0.0,0.0
1561.0,Wedding Bell Blues (1996),Comedy,1434.0,['Comedy'],0.0,0.0,0.0,0.0,0.0,0.0,0.0,0.0,0.0,0.0,0.0,0.0,0.0,1.0,0.0,1.0,0.0,0.0
1562.0,Batman & Robin (1997),Action|Adventure|Crime,1435.0,"['Action', 'Adventure', 'Crime']",0.0,0.0,0.0,0.0,0.0,0.0,0.0,1.0,0.0,0.0,0.0,0.0,0.0,0.0,0.0,0.0,0.0,0.0
1563.0,Dream With the Fishes (1997),Drama,1436.0,['Drama'],0.0,0.0,0.0,0.0,0.0,0.0,0.0,1.0,0.0,0.0,0.0,0.0,0.0,0.0,0.0,0.0,0.0,0.0
1564.0,Roseanna's Grave (For Roseanna) (1997),Comedy|Romance,1437.0,"['Comedy', 'Romance']",0.0,0.0,0.0,0.0,0.0,0.0,0.0,0.0,0.0,0.0,0.0,0.0,0.0,0.0,0.0,1.0,0.0,0.0
1565.0,Head Above Water (1996),Comedy|Thriller,1438.0,"['Comedy', 'Thriller']",0.0,0.0,0.0,0.0,0.0,1.0,0.0,0.0,0.0,0.0,0.0,0.0,0.0,0.0,0.0,0.0,0.0,0.0
1566.0,Hercules (1997),Adventure|Animation|Children's|Comedy|Musical,1439.0,"['Adventure', 'Animation', ""Children's"", 'Comedy', 'Musical']",0.0,0.0,0.0,0.0,1.0,0.0,0.0,0.0,0.0,0.0,0.0,0.0,0.0,0.0,0.0,0.0,0.0,0.0
1567.0,"Last Time I Committed Suicide, The (1997)",Drama,1440.0,['Drama'],0.0,0.0,0.0,0.0,0.0,0.0,0.0,1.0,0.0,0.0,0.0,0.0,0.0,0.0,0.0,0.0,0.0,0.0
1569.0,My Best Friend's Wedding (1997),Comedy|Romance,1441.0,"['Comedy', 'Romance']",0.0,0.0,0.0,0.0,0.0,0.0,0.0,0.0,0.0,0.0,0.0,0.0,0.0,1.0,0.0,0.0,0.0,0.0
1570.0,Tetsuo II: Body Hammer (1992),Sci-Fi,1442.0,['Sci-Fi'],1.0,0.0,0.0,0.0,0.0,0.0,0.0,1.0,0.0,0.0,0.0,0.0,0.0,0.0,0.0,0.0,0.0,0.0
1571.0,When the Cats Away (Chacun cherche son chat) (1996),Comedy|Romance,1443.0,"['Comedy', 'Romance']",0.0,0.0,0.0,0.0,0.0,0.0,0.0,1.0,0.0,0.0,0.0,0.0,0.0,0.0,0.0,0.0,0.0,0.0
1572.0,Contempt (Le Mépris) (1963),Drama,1444.0,['Drama'],0.0,0.0,0.0,0.0,0.0,0.0,0.0,0.0,0.0,0.0,0.0,0.0,0.0,1.0,0.0,0.0,0.0,0.0
1573.0,Face/Off (1997),Action|Sci-Fi|Thriller,1445.0,"['Action', 'Sci-Fi', 'Thriller']",0.0,0.0,0.0,0.0,0.0,0.0,0.0,1.0,0.0,0.0,0.0,0.0,0.0,0.0,0.0,0.0,1.0,0.0
1574.0,Fall (1997),Romance,1446.0,['Romance'],0.0,0.0,0.0,0.0,0.0,1.0,0.0,0.0,0.0,0.0,0.0,0.0,0.0,0.0,0.0,0.0,0.0,0.0
1575.0,Gabbeh (1996),Drama,1447.0,['Drama'],0.0,0.0,0.0,0.0,0.0,0.0,0.0,1.0,0.0,0.0,0.0,0.0,0.0,0.0,0.0,0.0,0.0,0.0
1579.0,For Ever Mozart (1996),Drama,1448.0,['Drama'],0.0,0.0,0.0,0.0,0.0,1.0,0.0,0.0,0.0,0.0,0.0,0.0,0.0,0.0,0.0,1.0,0.0,0.0
1580.0,Men in Black (1997),Action|Adventure|Comedy|Sci-Fi,1449.0,"['Action', 'Adventure', 'Comedy', 'Sci-Fi']",1.0,1.0,0.0,0.0,0.0,0.0,0.0,0.0,0.0,0.0,0.0,0.0,0.0,0.0,1.0,0.0,1.0,0.0
1581.0,Out to Sea (1997),Comedy,1450.0,['Comedy'],0.0,0.0,0.0,0.0,1.0,0.0,0.0,0.0,0.0,0.0,0.0,0.0,0.0,0.0,0.0,0.0,0.0,0.0
1582.0,Wild America (1997),Adventure|Children's,1451.0,"['Adventure', ""Children's""]",0.0,0.0,0.0,0.0,0.0,0.0,0.0,1.0,0.0,0.0,0.0,0.0,0.0,0.0,0.0,0.0,0.0,0.0
1583.0,"Simple Wish, A (1997)",Children's|Fantasy,1452.0,"[""Children's"", 'Fantasy']",0.0,0.0,0.0,0.0,1.0,0.0,0.0,0.0,0.0,0.0,0.0,0.0,0.0,0.0,0.0,0.0,0.0,0.0
1584.0,Contact (1997),Drama|Sci-Fi,1453.0,"['Drama', 'Sci-Fi']",0.0,0.0,0.0,0.0,0.0,0.0,0.0,1.0,0.0,0.0,0.0,0.0,0.0,1.0,0.0,0.0,0.0,0.0
1585.0,Love Serenade (1996),Comedy,1454.0,['Comedy'],1.0,1.0,0.0,0.0,0.0,0.0,0.0,0.0,0.0,0.0,0.0,0.0,0.0,0.0,0.0,0.0,0.0,0.0
1586.0,G.I. Jane (1997),Action|Drama|War,1455.0,"['Action', 'Drama', 'War']",0.0,0.0,0.0,0.0,0.0,0.0,0.0,1.0,0.0,0.0,0.0,0.0,0.0,0.0,0.0,0.0,0.0,0.0
1587.0,Conan the Barbarian (1982),Action|Adventure,1456.0,"['Action', 'Adventure']",0.0,0.0,0.0,0.0,0.0,0.0,0.0,1.0,0.0,0.0,0.0,0.0,0.0,1.0,0.0,1.0,0.0,0.0
1588.0,George of the Jungle (1997),Children's|Comedy,1457.0,"[""Children's"", 'Comedy']",0.0,0.0,0.0,0.0,0.0,0.0,0.0,0.0,0.0,0.0,0.0,0.0,0.0,1.0,0.0,0.0,0.0,0.0
1589.0,Cop Land (1997),Crime|Drama|Mystery,1458.0,"['Crime', 'Drama', 'Mystery']",0.0,0.0,0.0,0.0,0.0,0.0,0.0,0.0,0.0,0.0,0.0,0.0,0.0,1.0,0.0,0.0,0.0,0.0
1590.0,Event Horizon (1997),Action|Mystery|Sci-Fi|Thriller,1459.0,"['Action', 'Mystery', 'Sci-Fi', 'Thriller']",0.0,0.0,0.0,0.0,0.0,1.0,0.0,0.0,0.0,0.0,0.0,0.0,0.0,0.0,0.0,1.0,0.0,0.0
1591.0,Spawn (1997),Action|Adventure|Sci-Fi|Thriller,1460.0,"['Action', 'Adventure', 'Sci-Fi', 'Thriller']",1.0,0.0,0.0,0.0,0.0,0.0,0.0,0.0,0.0,0.0,0.0,0.0,0.0,0.0,0.0,1.0,0.0,0.0
1592.0,Air Bud (1997),Children's|Comedy,1461.0,"[""Children's"", 'Comedy']",0.0,0.0,1.0,1.0,0.0,0.0,0.0,0.0,0.0,0.0,0.0,1.0,0.0,0.0,0.0,0.0,0.0,0.0
1593.0,Picture Perfect (1997),Comedy|Romance,1462.0,"['Comedy', 'Romance']",0.0,0.0,0.0,0.0,1.0,0.0,0.0,0.0,0.0,0.0,0.0,0.0,1.0,0.0,0.0,0.0,0.0,0.0
1594.0,In the Company of Men (1997),Drama,1463.0,['Drama'],1.0,0.0,0.0,0.0,0.0,0.0,0.0,0.0,0.0,0.0,1.0,0.0,0.0,0.0,1.0,0.0,0.0,0.0
1595.0,Free Willy 3: The Rescue (1997),Adventure|Children's|Drama,1464.0,"['Adventure', ""Children's"", 'Drama']",0.0,0.0,0.0,0.0,0.0,0.0,0.0,0.0,0.0,0.0,1.0,0.0,0.0,0.0,1.0,0.0,0.0,0.0
1596.0,Career Girls (1997),Drama,1465.0,['Drama'],0.0,0.0,0.0,0.0,0.0,0.0,0.0,1.0,0.0,0.0,0.0,0.0,0.0,0.0,0.0,0.0,0.0,0.0
1597.0,Conspiracy Theory (1997),Action|Mystery|Romance|Thriller,1466.0,"['Action', 'Mystery', 'Romance', 'Thriller']",0.0,0.0,0.0,0.0,0.0,0.0,0.0,1.0,0.0,0.0,0.0,0.0,0.0,0.0,0.0,0.0,0.0,0.0
1598.0,Desperate Measures (1998),Crime|Drama|Thriller,1467.0,"['Crime', 'Drama', 'Thriller']",0.0,0.0,0.0,0.0,0.0,0.0,0.0,1.0,0.0,0.0,0.0,0.0,0.0,0.0,0.0,0.0,0.0,0.0
1599.0,Steel (1997),Action,1468.0,['Action'],0.0,0.0,0.0,0.0,0.0,0.0,0.0,1.0,0.0,0.0,0.0,0.0,0.0,0.0,0.0,0.0,1.0,0.0
1600.0,She's So Lovely (1997),Drama|Romance,1469.0,"['Drama', 'Romance']",0.0,0.0,0.0,0.0,0.0,0.0,0.0,1.0,0.0,0.0,0.0,0.0,0.0,0.0,0.0,0.0,0.0,0.0
1601.0,Hoodlum (1997),Crime|Drama|Film-Noir,1470.0,"['Crime', 'Drama', 'Film-Noir']",0.0,0.0,0.0,0.0,1.0,0.0,0.0,1.0,0.0,0.0,0.0,0.0,0.0,0.0,0.0,0.0,0.0,0.0
1602.0,Leave It to Beaver (1997),Comedy,1471.0,['Comedy'],0.0,0.0,0.0,1.0,1.0,0.0,0.0,0.0,1.0,0.0,0.0,0.0,0.0,0.0,0.0,0.0,0.0,0.0
1603.0,Mimic (1997),Sci-Fi|Thriller,1472.0,"['Sci-Fi', 'Thriller']",0.0,0.0,0.0,0.0,1.0,0.0,0.0,0.0,0.0,0.0,0.0,0.0,0.0,0.0,0.0,0.0,0.0,0.0
1604.0,Money Talks (1997),Action|Comedy,1473.0,"['Action', 'Comedy']",0.0,0.0,0.0,0.0,0.0,0.0,0.0,1.0,0.0,0.0,0.0,0.0,0.0,0.0,0.0,0.0,0.0,0.0
1605.0,Excess Baggage (1997),Adventure|Romance,1474.0,"['Adventure', 'Romance']",0.0,0.0,0.0,1.0,1.0,0.0,0.0,0.0,0.0,0.0,0.0,0.0,0.0,0.0,0.0,0.0,0.0,0.0
1606.0,Kull the Conqueror (1997),Action|Adventure,1475.0,"['Action', 'Adventure']",0.0,0.0,0.0,0.0,0.0,0.0,0.0,0.0,0.0,0.0,0.0,0.0,0.0,0.0,0.0,1.0,0.0,0.0
1608.0,Air Force One (1997),Action|Thriller,1476.0,"['Action', 'Thriller']",0.0,0.0,0.0,0.0,1.0,1.0,0.0,1.0,0.0,0.0,0.0,0.0,1.0,0.0,0.0,0.0,0.0,0.0
1609.0,187 (1997),Drama,1477.0,['Drama'],0.0,0.0,0.0,1.0,1.0,0.0,0.0,0.0,0.0,0.0,0.0,0.0,0.0,0.0,0.0,0.0,0.0,0.0
1610.0,"Hunt for Red October, The (1990)",Action|Thriller,1478.0,"['Action', 'Thriller']",0.0,0.0,0.0,0.0,0.0,0.0,0.0,0.0,0.0,0.0,0.0,0.0,0.0,1.0,0.0,0.0,0.0,0.0
1611.0,My Own Private Idaho (1991),Drama,1479.0,['Drama'],0.0,0.0,0.0,0.0,0.0,0.0,0.0,0.0,0.0,0.0,0.0,0.0,0.0,0.0,0.0,1.0,0.0,0.0
1612.0,"Kiss Me, Guido (1997)",Comedy,1480.0,['Comedy'],0.0,0.0,0.0,0.0,0.0,0.0,0.0,0.0,0.0,0.0,1.0,0.0,0.0,0.0,0.0,1.0,0.0,0.0
1613.0,Star Maps (1997),Drama,1481.0,['Drama'],0.0,0.0,0.0,0.0,0.0,0.0,0.0,0.0,0.0,0.0,0.0,0.0,0.0,0.0,0.0,1.0,0.0,0.0
1614.0,In & Out (1997),Comedy,1482.0,['Comedy'],0.0,0.0,0.0,0.0,0.0,0.0,0.0,1.0,0.0,0.0,0.0,0.0,0.0,0.0,0.0,0.0,0.0,0.0
1615.0,"Edge, The (1997)",Adventure|Thriller,1483.0,"['Adventure', 'Thriller']",1.0,1.0,0.0,0.0,0.0,0.0,0.0,0.0,0.0,0.0,0.0,0.0,0.0,0.0,1.0,0.0,0.0,0.0
1616.0,"Peacemaker, The (1997)",Action|Thriller|War,1484.0,"['Action', 'Thriller', 'War']",0.0,0.0,0.0,0.0,0.0,0.0,0.0,1.0,0.0,0.0,0.0,0.0,0.0,1.0,0.0,0.0,0.0,0.0
1617.0,L.A. Confidential (1997),Crime|Film-Noir|Mystery|Thriller,1485.0,"['Crime', 'Film-Noir', 'Mystery', 'Thriller']",1.0,0.0,0.0,0.0,0.0,0.0,0.0,0.0,0.0,0.0,0.0,0.0,0.0,1.0,0.0,1.0,0.0,0.0
1619.0,Seven Years in Tibet (1997),Drama|War,1486.0,"['Drama', 'War']",0.0,0.0,0.0,0.0,0.0,0.0,0.0,1.0,0.0,0.0,0.0,0.0,0.0,0.0,0.0,0.0,0.0,0.0
1620.0,Kiss the Girls (1997),Crime|Drama|Thriller,1487.0,"['Crime', 'Drama', 'Thriller']",0.0,0.0,0.0,0.0,0.0,0.0,0.0,1.0,0.0,0.0,0.0,0.0,0.0,0.0,0.0,0.0,0.0,0.0
1621.0,Soul Food (1997),Drama,1488.0,['Drama'],0.0,0.0,0.0,0.0,0.0,0.0,0.0,1.0,0.0,0.0,0.0,0.0,0.0,0.0,0.0,0.0,0.0,0.0
1622.0,Kicked in the Head (1997),Comedy|Drama,1489.0,"['Comedy', 'Drama']",0.0,0.0,0.0,0.0,0.0,0.0,0.0,1.0,0.0,0.0,0.0,0.0,0.0,0.0,0.0,0.0,0.0,0.0
1623.0,Wishmaster (1997),Horror,1490.0,['Horror'],0.0,0.0,0.0,0.0,0.0,0.0,0.0,1.0,0.0,0.0,0.0,0.0,0.0,0.0,0.0,0.0,0.0,0.0
1624.0,"Thousand Acres, A (1997)",Drama,1491.0,['Drama'],0.0,0.0,0.0,0.0,0.0,1.0,0.0,1.0,0.0,0.0,0.0,0.0,0.0,0.0,0.0,0.0,0.0,0.0
1625.0,"Game, The (1997)",Mystery|Thriller,1492.0,"['Mystery', 'Thriller']",0.0,0.0,0.0,0.0,0.0,0.0,0.0,1.0,0.0,0.0,0.0,0.0,0.0,0.0,0.0,0.0,0.0,0.0
1626.0,Fire Down Below (1997),Action|Drama|Thriller,1493.0,"['Action', 'Drama', 'Thriller']",0.0,0.0,0.0,0.0,1.0,0.0,0.0,0.0,0.0,0.0,0.0,0.0,0.0,0.0,0.0,0.0,0.0,0.0
1627.0,U Turn (1997),Action|Crime|Mystery,1494.0,"['Action', 'Crime', 'Mystery']",0.0,0.0,0.0,0.0,1.0,1.0,0.0,0.0,0.0,0.0,0.0,0.0,1.0,0.0,0.0,1.0,0.0,0.0
1629.0,"MatchMaker, The (1997)",Comedy|Romance,1495.0,"['Comedy', 'Romance']",0.0,0.0,0.0,0.0,1.0,0.0,0.0,1.0,0.0,0.0,0.0,0.0,0.0,0.0,0.0,0.0,0.0,0.0
1630.0,"Lay of the Land, The (1997)",Comedy|Drama,1496.0,"['Comedy', 'Drama']",0.0,0.0,0.0,0.0,0.0,0.0,0.0,1.0,0.0,0.0,0.0,0.0,0.0,1.0,0.0,0.0,0.0,0.0
1631.0,"Assignment, The (1997)",Thriller,1497.0,['Thriller'],1.0,0.0,0.0,1.0,0.0,0.0,0.0,0.0,0.0,0.0,0.0,0.0,0.0,0.0,0.0,0.0,0.0,0.0
1632.0,"Smile Like Yours, A (1997)",Comedy|Romance,1498.0,"['Comedy', 'Romance']",0.0,0.0,0.0,0.0,0.0,0.0,0.0,1.0,0.0,0.0,0.0,0.0,0.0,0.0,0.0,0.0,0.0,0.0
1633.0,Ulee's Gold (1997),Drama,1499.0,['Drama'],0.0,0.0,0.0,0.0,0.0,0.0,1.0,0.0,0.0,0.0,0.0,0.0,0.0,0.0,0.0,0.0,0.0,0.0
1635.0,"Ice Storm, The (1997)",Drama,1500.0,['Drama'],1.0,1.0,0.0,0.0,0.0,0.0,0.0,0.0,0.0,0.0,0.0,0.0,0.0,0.0,0.0,1.0,0.0,0.0
1636.0,Stag (1997),Action|Thriller,1501.0,"['Action', 'Thriller']",0.0,0.0,0.0,0.0,1.0,0.0,0.0,0.0,0.0,0.0,0.0,0.0,0.0,0.0,0.0,0.0,0.0,0.0
1639.0,Chasing Amy (1997),Drama|Romance,1502.0,"['Drama', 'Romance']",0.0,0.0,0.0,0.0,1.0,0.0,0.0,1.0,0.0,0.0,0.0,0.0,0.0,0.0,0.0,0.0,0.0,0.0
1640.0,How to Be a Player (1997),Comedy,1503.0,['Comedy'],0.0,0.0,0.0,0.0,0.0,0.0,0.0,0.0,0.0,1.0,0.0,0.0,0.0,0.0,1.0,1.0,0.0,0.0
1641.0,"Full Monty, The (1997)",Comedy,1504.0,['Comedy'],0.0,0.0,0.0,0.0,0.0,0.0,0.0,0.0,0.0,0.0,0.0,0.0,0.0,1.0,0.0,0.0,0.0,0.0
1642.0,Indian Summer (a.k.a. Alive & Kicking) (1996),Comedy|Drama,1505.0,"['Comedy', 'Drama']",0.0,1.0,0.0,1.0,0.0,0.0,0.0,0.0,1.0,0.0,0.0,0.0,0.0,0.0,1.0,0.0,0.0,0.0
1643.0,"Mrs. Brown (Her Majesty, Mrs. Brown) (1997)",Drama|Romance,1506.0,"['Drama', 'Romance']",1.0,0.0,0.0,0.0,0.0,0.0,0.0,0.0,0.0,0.0,0.0,0.0,0.0,0.0,0.0,1.0,0.0,0.0
1644.0,I Know What You Did Last Summer (1997),Horror|Mystery|Thriller,1507.0,"['Horror', 'Mystery', 'Thriller']",0.0,0.0,0.0,0.0,1.0,0.0,0.0,0.0,0.0,0.0,0.0,0.0,0.0,0.0,0.0,0.0,0.0,0.0
1645.0,"Devil's Advocate, The (1997)",Crime|Horror|Mystery|Thriller,1508.0,"['Crime', 'Horror', 'Mystery', 'Thriller']",1.0,0.0,0.0,0.0,0.0,0.0,0.0,0.0,0.0,0.0,0.0,0.0,1.0,0.0,0.0,1.0,0.0,0.0
1646.0,Rocket Man (1997),Comedy,1509.0,['Comedy'],0.0,0.0,0.0,0.0,0.0,0.0,0.0,0.0,0.0,0.0,0.0,0.0,0.0,1.0,0.0,0.0,0.0,0.0
1647.0,Playing God (1997),Crime|Thriller,1510.0,"['Crime', 'Thriller']",0.0,0.0,0.0,0.0,0.0,0.0,0.0,0.0,0.0,0.0,1.0,0.0,0.0,0.0,0.0,0.0,0.0,0.0
1648.0,"House of Yes, The (1997)",Comedy|Drama|Thriller,1511.0,"['Comedy', 'Drama', 'Thriller']",0.0,0.0,0.0,0.0,0.0,0.0,0.0,1.0,0.0,0.0,0.0,0.0,0.0,0.0,0.0,0.0,0.0,0.0
1649.0,"Fast, Cheap & Out of Control (1997)",Documentary,1512.0,['Documentary'],0.0,0.0,0.0,0.0,0.0,0.0,0.0,1.0,0.0,0.0,0.0,0.0,0.0,0.0,0.0,0.0,0.0,0.0
1650.0,Washington Square (1997),Drama,1513.0,['Drama'],0.0,0.0,0.0,0.0,1.0,0.0,0.0,0.0,0.0,0.0,0.0,1.0,0.0,0.0,0.0,0.0,0.0,0.0
1651.0,Telling Lies in America (1997),Drama,1514.0,['Drama'],1.0,0.0,0.0,0.0,0.0,0.0,0.0,0.0,0.0,0.0,1.0,0.0,0.0,0.0,1.0,0.0,0.0,0.0
1652.0,Year of the Horse (1997),Documentary,1515.0,['Documentary'],0.0,0.0,0.0,0.0,1.0,0.0,0.0,0.0,0.0,0.0,0.0,0.0,0.0,0.0,0.0,1.0,0.0,0.0
1653.0,Gattaca (1997),Drama|Sci-Fi|Thriller,1516.0,"['Drama', 'Sci-Fi', 'Thriller']",0.0,0.0,0.0,0.0,0.0,0.0,0.0,1.0,0.0,0.0,0.0,0.0,0.0,1.0,0.0,0.0,0.0,0.0
1654.0,FairyTale: A True Story (1997),Children's|Drama|Fantasy,1517.0,"[""Children's"", 'Drama', 'Fantasy']",1.0,0.0,0.0,0.0,0.0,0.0,0.0,0.0,0.0,0.0,0.0,0.0,0.0,0.0,0.0,1.0,0.0,0.0
1655.0,Phantoms (1998),Horror,1518.0,['Horror'],0.0,0.0,0.0,0.0,0.0,0.0,0.0,0.0,0.0,0.0,0.0,0.0,0.0,1.0,0.0,1.0,0.0,0.0
1656.0,Swept from the Sea (1997),Romance,1519.0,['Romance'],0.0,0.0,0.0,0.0,0.0,0.0,0.0,0.0,0.0,0.0,1.0,0.0,0.0,0.0,0.0,0.0,0.0,0.0
1657.0,Wonderland (1997),Documentary,1520.0,['Documentary'],1.0,0.0,0.0,0.0,1.0,0.0,0.0,0.0,0.0,0.0,0.0,1.0,0.0,0.0,0.0,0.0,0.0,0.0
1658.0,"Life Less Ordinary, A (1997)",Romance|Thriller,1521.0,"['Romance', 'Thriller']",1.0,0.0,0.0,0.0,0.0,0.0,0.0,1.0,0.0,0.0,0.0,0.0,0.0,0.0,0.0,0.0,0.0,0.0
1659.0,Hurricane Streets (1998),Drama,1522.0,['Drama'],0.0,0.0,0.0,0.0,1.0,0.0,0.0,0.0,0.0,0.0,0.0,0.0,0.0,1.0,0.0,0.0,0.0,0.0
1660.0,Eve's Bayou (1997),Drama,1523.0,['Drama'],0.0,1.0,0.0,0.0,0.0,0.0,0.0,0.0,0.0,0.0,0.0,0.0,0.0,0.0,1.0,1.0,0.0,0.0
1661.0,Switchback (1997),Thriller,1524.0,['Thriller'],0.0,0.0,0.0,0.0,0.0,0.0,1.0,0.0,0.0,0.0,0.0,0.0,0.0,0.0,0.0,0.0,0.0,0.0
1662.0,Gang Related (1997),Crime,1525.0,['Crime'],0.0,0.0,0.0,0.0,1.0,0.0,0.0,0.0,0.0,0.0,0.0,0.0,0.0,1.0,0.0,0.0,0.0,0.0
1663.0,Stripes (1981),Comedy,1526.0,['Comedy'],0.0,0.0,0.0,0.0,0.0,0.0,0.0,0.0,0.0,1.0,0.0,0.0,1.0,0.0,0.0,1.0,0.0,0.0
1664.0,Nénette et Boni (1996),Drama,1527.0,['Drama'],0.0,0.0,0.0,0.0,1.0,0.0,0.0,1.0,0.0,0.0,0.0,0.0,0.0,0.0,0.0,0.0,0.0,0.0
1665.0,Bean (1997),Comedy,1528.0,['Comedy'],1.0,0.0,0.0,0.0,0.0,1.0,0.0,0.0,0.0,0.0,0.0,0.0,0.0,0.0,0.0,0.0,0.0,0.0
1666.0,Hugo Pool (1997),Romance,1529.0,['Romance'],0.0,0.0,0.0,0.0,0.0,0.0,1.0,0.0,0.0,0.0,0.0,0.0,0.0,0.0,0.0,0.0,0.0,0.0
1667.0,Mad City (1997),Action|Drama,1530.0,"['Action', 'Drama']",1.0,0.0,0.0,0.0,0.0,0.0,0.0,1.0,0.0,0.0,0.0,0.0,0.0,0.0,0.0,0.0,0.0,0.0
1668.0,One Night Stand (1997),Drama,1531.0,['Drama'],0.0,0.0,0.0,0.0,0.0,1.0,0.0,1.0,0.0,0.0,0.0,0.0,0.0,0.0,0.0,0.0,0.0,0.0
1669.0,"Tango Lesson, The (1997)",Romance,1532.0,['Romance'],1.0,0.0,0.0,0.0,0.0,0.0,0.0,0.0,0.0,0.0,0.0,0.0,0.0,0.0,0.0,1.0,0.0,0.0
1670.0,Welcome To Sarajevo (1997),Drama|War,1533.0,"['Drama', 'War']",0.0,0.0,0.0,0.0,1.0,0.0,0.0,0.0,0.0,0.0,0.0,0.0,0.0,0.0,0.0,0.0,0.0,0.0
1671.0,Deceiver (1997),Crime,1534.0,['Crime'],0.0,0.0,0.0,0.0,1.0,0.0,0.0,1.0,0.0,0.0,0.0,0.0,0.0,0.0,0.0,0.0,0.0,0.0
1672.0,"Rainmaker, The (1997)",Drama,1535.0,['Drama'],0.0,0.0,0.0,0.0,0.0,0.0,0.0,1.0,0.0,0.0,0.0,0.0,0.0,0.0,0.0,0.0,0.0,0.0
1673.0,Boogie Nights (1997),Drama,1536.0,['Drama'],1.0,0.0,0.0,0.0,0.0,0.0,0.0,1.0,0.0,0.0,0.0,0.0,0.0,0.0,0.0,0.0,0.0,0.0
1674.0,Witness (1985),Drama|Romance|Thriller,1537.0,"['Drama', 'Romance', 'Thriller']",0.0,0.0,0.0,0.0,0.0,0.0,1.0,0.0,0.0,0.0,0.0,0.0,0.0,0.0,0.0,0.0,0.0,0.0
1675.0,Incognito (1997),Crime|Thriller,1538.0,"['Crime', 'Thriller']",0.0,0.0,0.0,0.0,0.0,0.0,0.0,0.0,0.0,0.0,0.0,0.0,0.0,0.0,0.0,1.0,0.0,0.0
1676.0,Starship Troopers (1997),Action|Adventure|Sci-Fi|War,1539.0,"['Action', 'Adventure', 'Sci-Fi', 'War']",0.0,0.0,0.0,0.0,0.0,1.0,0.0,1.0,0.0,0.0,0.0,0.0,0.0,0.0,0.0,0.0,0.0,0.0
1677.0,Critical Care (1997),Comedy,1540.0,['Comedy'],1.0,0.0,0.0,0.0,0.0,0.0,0.0,1.0,0.0,0.0,0.0,0.0,0.0,1.0,0.0,0.0,0.0,0.0
1678.0,"Joy Luck Club, The (1993)",Drama,1541.0,['Drama'],0.0,0.0,0.0,0.0,0.0,1.0,0.0,1.0,0.0,0.0,0.0,0.0,0.0,0.0,0.0,0.0,0.0,0.0
1679.0,Chairman of the Board (1998),Comedy,1542.0,['Comedy'],0.0,0.0,0.0,0.0,0.0,1.0,0.0,1.0,0.0,0.0,0.0,0.0,1.0,0.0,0.0,1.0,0.0,0.0
1680.0,Sliding Doors (1998),Drama|Romance,1543.0,"['Drama', 'Romance']",0.0,1.0,0.0,1.0,1.0,0.0,0.0,0.0,0.0,0.0,0.0,0.0,0.0,0.0,0.0,0.0,0.0,0.0
1681.0,Mortal Kombat: Annihilation (1997),Action|Adventure,1544.0,"['Action', 'Adventure']",0.0,0.0,0.0,0.0,0.0,0.0,0.0,1.0,0.0,0.0,0.0,0.0,0.0,0.0,0.0,0.0,0.0,0.0
1682.0,"Truman Show, The (1998)",Drama,1545.0,['Drama'],0.0,0.0,0.0,0.0,1.0,1.0,0.0,1.0,0.0,0.0,0.0,0.0,0.0,0.0,0.0,0.0,0.0,0.0
1683.0,"Wings of the Dove, The (1997)",Drama|Romance|Thriller,1546.0,"['Drama', 'Romance', 'Thriller']",0.0,0.0,0.0,0.0,0.0,0.0,0.0,1.0,0.0,0.0,0.0,0.0,0.0,0.0,0.0,0.0,0.0,0.0
1684.0,Mrs. Dalloway (1997),Romance,1547.0,['Romance'],0.0,0.0,0.0,0.0,0.0,0.0,0.0,1.0,0.0,0.0,0.0,0.0,0.0,0.0,0.0,0.0,0.0,0.0
1685.0,"I Love You, I Love You Not (1996)",Romance,1548.0,['Romance'],0.0,0.0,0.0,1.0,1.0,0.0,0.0,1.0,0.0,0.0,0.0,0.0,0.0,0.0,0.0,0.0,0.0,0.0
1686.0,Red Corner (1997),Crime|Thriller,1549.0,"['Crime', 'Thriller']",0.0,0.0,0.0,0.0,0.0,0.0,0.0,1.0,0.0,0.0,0.0,0.0,0.0,0.0,0.0,0.0,0.0,0.0
1687.0,"Jackal, The (1997)",Action|Thriller,1550.0,"['Action', 'Thriller']",0.0,0.0,0.0,0.0,0.0,0.0,0.0,1.0,0.0,0.0,0.0,0.0,0.0,0.0,0.0,0.0,0.0,0.0
1688.0,Anastasia (1997),Animation|Children's|Musical,1551.0,"['Animation', ""Children's"", 'Musical']",0.0,0.0,0.0,0.0,1.0,0.0,0.0,1.0,0.0,0.0,0.0,0.0,0.0,0.0,0.0,0.0,0.0,0.0
1689.0,"Man Who Knew Too Little, The (1997)",Comedy|Mystery,1552.0,"['Comedy', 'Mystery']",0.0,0.0,0.0,0.0,1.0,0.0,0.0,1.0,0.0,0.0,0.0,0.0,0.0,1.0,0.0,0.0,0.0,0.0
1690.0,Alien: Resurrection (1997),Action|Horror|Sci-Fi,1553.0,"['Action', 'Horror', 'Sci-Fi']",0.0,0.0,0.0,0.0,0.0,0.0,0.0,1.0,0.0,0.0,0.0,0.0,0.0,0.0,0.0,0.0,0.0,0.0
1692.0,Alien Escape (1995),Horror|Sci-Fi,1554.0,"['Horror', 'Sci-Fi']",0.0,0.0,0.0,0.0,1.0,0.0,0.0,0.0,0.0,0.0,0.0,0.0,0.0,1.0,0.0,0.0,0.0,0.0
1693.0,Amistad (1997),Drama,1555.0,['Drama'],0.0,0.0,0.0,1.0,1.0,0.0,0.0,0.0,0.0,0.0,0.0,0.0,0.0,0.0,0.0,0.0,0.0,0.0
1694.0,"Apostle, The (1997)",Drama,1556.0,['Drama'],0.0,0.0,0.0,0.0,1.0,0.0,0.0,0.0,0.0,0.0,0.0,0.0,0.0,0.0,0.0,1.0,0.0,0.0
1695.0,Artemisia (1997),Drama,1557.0,['Drama'],1.0,0.0,0.0,0.0,0.0,0.0,0.0,1.0,0.0,0.0,0.0,0.0,0.0,0.0,0.0,0.0,0.0,0.0
1696.0,Bent (1997),Drama|War,1558.0,"['Drama', 'War']",0.0,1.0,0.0,1.0,0.0,0.0,0.0,0.0,0.0,0.0,0.0,0.0,0.0,0.0,0.0,0.0,0.0,0.0
1699.0,"Butcher Boy, The (1998)",Drama,1559.0,['Drama'],0.0,0.0,0.0,0.0,1.0,0.0,0.0,0.0,0.0,0.0,0.0,0.0,0.0,0.0,0.0,0.0,0.0,0.0
1701.0,Deconstructing Harry (1997),Comedy|Drama,1560.0,"['Comedy', 'Drama']",1.0,0.0,0.0,0.0,0.0,0.0,0.0,0.0,0.0,0.0,0.0,0.0,0.0,0.0,1.0,1.0,0.0,0.0
1702.0,Flubber (1997),Children's|Comedy|Fantasy,1561.0,"[""Children's"", 'Comedy', 'Fantasy']",1.0,0.0,0.0,0.0,0.0,0.0,0.0,1.0,0.0,0.0,0.0,0.0,0.0,0.0,0.0,0.0,0.0,0.0
1703.0,For Richer or Poorer (1997),Comedy,1562.0,['Comedy'],1.0,0.0,0.0,0.0,0.0,0.0,0.0,1.0,0.0,0.0,0.0,0.0,0.0,0.0,0.0,1.0,0.0,0.0
1704.0,Good Will Hunting (1997),Drama,1563.0,['Drama'],0.0,0.0,0.0,0.0,0.0,0.0,0.0,1.0,0.0,0.0,0.0,0.0,0.0,0.0,0.0,1.0,0.0,0.0
1707.0,Home Alone 3 (1997),Children's|Comedy,1564.0,"[""Children's"", 'Comedy']",0.0,0.0,0.0,0.0,1.0,0.0,0.0,0.0,0.0,0.0,0.0,0.0,0.0,0.0,0.0,0.0,0.0,0.0
1709.0,Legal Deceit (1997),Thriller,1565.0,['Thriller'],0.0,0.0,0.0,0.0,0.0,0.0,0.0,1.0,0.0,0.0,0.0,0.0,0.0,0.0,0.0,0.0,0.0,0.0
1711.0,Midnight in the Garden of Good and Evil (1997),Comedy|Crime|Drama|Mystery,1566.0,"['Comedy', 'Crime', 'Drama', 'Mystery']",0.0,0.0,0.0,0.0,0.0,1.0,0.0,1.0,0.0,0.0,0.0,0.0,0.0,0.0,0.0,0.0,0.0,0.0
1713.0,Mouse Hunt (1997),Children's|Comedy,1567.0,"[""Children's"", 'Comedy']",0.0,0.0,0.0,1.0,1.0,0.0,0.0,0.0,0.0,0.0,0.0,0.0,0.0,0.0,0.0,0.0,0.0,0.0
1714.0,Never Met Picasso (1996),Romance,1568.0,['Romance'],0.0,0.0,0.0,0.0,0.0,0.0,0.0,1.0,0.0,0.0,0.0,0.0,0.0,0.0,0.0,0.0,0.0,0.0
1715.0,Office Killer (1997),Thriller,1569.0,['Thriller'],0.0,0.0,0.0,0.0,1.0,0.0,0.0,0.0,0.0,0.0,0.0,0.0,0.0,0.0,0.0,1.0,0.0,0.0
1717.0,Scream 2 (1997),Horror|Thriller,1570.0,"['Horror', 'Thriller']",0.0,1.0,0.0,1.0,1.0,0.0,0.0,0.0,1.0,0.0,0.0,0.0,0.0,0.0,0.0,0.0,0.0,0.0
1718.0,Stranger in the House (1997),Thriller,1571.0,['Thriller'],0.0,1.0,0.0,0.0,0.0,0.0,0.0,0.0,0.0,0.0,0.0,0.0,0.0,0.0,0.0,0.0,0.0,0.0
1719.0,"Sweet Hereafter, The (1997)",Drama,1572.0,['Drama'],0.0,0.0,0.0,0.0,0.0,0.0,0.0,1.0,0.0,0.0,0.0,0.0,0.0,1.0,0.0,0.0,0.0,0.0
1720.0,Time Tracers (1995),Action|Adventure|Sci-Fi,1573.0,"['Action', 'Adventure', 'Sci-Fi']",0.0,0.0,0.0,0.0,0.0,0.0,0.0,1.0,0.0,0.0,0.0,0.0,0.0,1.0,0.0,0.0,0.0,0.0
1721.0,Titanic (1997),Drama|Romance,1574.0,"['Drama', 'Romance']",0.0,0.0,0.0,0.0,0.0,0.0,0.0,1.0,0.0,0.0,0.0,0.0,0.0,0.0,0.0,1.0,0.0,0.0
1722.0,Tomorrow Never Dies (1997),Action|Romance|Thriller,1575.0,"['Action', 'Romance', 'Thriller']",0.0,0.0,0.0,0.0,1.0,0.0,0.0,0.0,0.0,0.0,0.0,0.0,0.0,0.0,0.0,0.0,0.0,0.0
1724.0,Full Speed (1996),Drama,1576.0,['Drama'],0.0,0.0,0.0,0.0,1.0,0.0,0.0,0.0,0.0,0.0,0.0,0.0,0.0,0.0,0.0,0.0,0.0,0.0
1725.0,"Education of Little Tree, The (1997)",Drama,1577.0,['Drama'],0.0,0.0,0.0,0.0,0.0,0.0,1.0,0.0,0.0,0.0,0.0,1.0,0.0,0.0,0.0,0.0,0.0,0.0
1726.0,"Postman, The (1997)",Drama,1578.0,['Drama'],0.0,0.0,0.0,0.0,1.0,0.0,0.0,0.0,0.0,0.0,0.0,0.0,0.0,0.0,0.0,0.0,0.0,0.0
1727.0,"Horse Whisperer, The (1998)",Drama,1579.0,['Drama'],1.0,0.0,0.0,0.0,1.0,0.0,0.0,0.0,0.0,0.0,0.0,0.0,0.0,0.0,0.0,0.0,0.0,0.0
1728.0,"Winter Guest, The (1997)",Drama,1580.0,['Drama'],0.0,0.0,0.0,0.0,0.0,0.0,0.0,1.0,0.0,0.0,0.0,0.0,0.0,0.0,0.0,0.0,0.0,0.0
1729.0,Jackie Brown (1997),Crime|Drama,1581.0,"['Crime', 'Drama']",0.0,0.0,0.0,0.0,0.0,0.0,0.0,1.0,0.0,0.0,0.0,0.0,0.0,0.0,0.0,0.0,0.0,0.0
1730.0,Kundun (1997),Drama,1582.0,['Drama'],0.0,0.0,0.0,0.0,1.0,0.0,0.0,0.0,0.0,0.0,0.0,0.0,0.0,0.0,0.0,1.0,0.0,0.0
1731.0,Mr. Magoo (1997),Comedy,1583.0,['Comedy'],0.0,0.0,0.0,0.0,0.0,0.0,0.0,0.0,0.0,0.0,1.0,0.0,0.0,0.0,1.0,0.0,0.0,0.0
1732.0,"Big Lebowski, The (1998)",Comedy|Crime|Mystery|Thriller,1584.0,"['Comedy', 'Crime', 'Mystery', 'Thriller']",0.0,0.0,0.0,0.0,1.0,0.0,0.0,0.0,0.0,0.0,0.0,0.0,0.0,0.0,0.0,0.0,0.0,0.0
1733.0,Afterglow (1997),Drama|Romance,1585.0,"['Drama', 'Romance']",0.0,0.0,0.0,0.0,1.0,0.0,0.0,0.0,0.0,0.0,0.0,0.0,0.0,0.0,0.0,0.0,0.0,0.0
1734.0,My Life in Pink (Ma vie en rose) (1997),Comedy|Drama,1586.0,"['Comedy', 'Drama']",0.0,0.0,0.0,0.0,0.0,0.0,1.0,0.0,0.0,0.0,0.0,0.0,0.0,0.0,0.0,0.0,0.0,0.0
1735.0,Great Expectations (1998),Drama|Romance,1587.0,"['Drama', 'Romance']",1.0,0.0,0.0,0.0,1.0,0.0,0.0,0.0,0.0,0.0,0.0,0.0,0.0,0.0,0.0,0.0,0.0,0.0
1739.0,3 Ninjas: High Noon On Mega Mountain (1998),Action|Children's,1588.0,"['Action', ""Children's""]",0.0,0.0,0.0,0.0,0.0,0.0,0.0,1.0,0.0,0.0,0.0,0.0,0.0,0.0,0.0,0.0,1.0,0.0
1741.0,"Midaq Alley (Callejón de los milagros, El) (1995)",Drama,1589.0,['Drama'],0.0,0.0,0.0,0.0,1.0,0.0,0.0,1.0,0.0,0.0,0.0,0.0,0.0,0.0,0.0,0.0,0.0,0.0
1743.0,Arguing the World (1996),Documentary,1590.0,['Documentary'],0.0,0.0,0.0,0.0,0.0,0.0,0.0,1.0,0.0,0.0,0.0,0.0,0.0,0.0,0.0,0.0,0.0,0.0
1744.0,Firestorm (1998),Action|Adventure|Thriller,1591.0,"['Action', 'Adventure', 'Thriller']",0.0,0.0,0.0,0.0,0.0,0.0,0.0,1.0,0.0,0.0,0.0,0.0,0.0,0.0,0.0,0.0,0.0,0.0
1746.0,Senseless (1998),Comedy,1592.0,['Comedy'],0.0,0.0,0.0,0.0,1.0,0.0,0.0,0.0,0.0,0.0,0.0,0.0,0.0,1.0,0.0,0.0,0.0,0.0
1747.0,Wag the Dog (1997),Comedy|Drama,1593.0,"['Comedy', 'Drama']",0.0,0.0,0.0,0.0,1.0,0.0,0.0,0.0,0.0,0.0,0.0,0.0,0.0,0.0,0.0,0.0,0.0,0.0
1748.0,Dark City (1998),Film-Noir|Sci-Fi|Thriller,1594.0,"['Film-Noir', 'Sci-Fi', 'Thriller']",1.0,0.0,0.0,0.0,0.0,0.0,0.0,1.0,0.0,0.0,0.0,0.0,0.0,0.0,1.0,1.0,0.0,0.0
1749.0,"Leading Man, The (1996)",Romance,1595.0,['Romance'],0.0,0.0,0.0,0.0,0.0,0.0,0.0,1.0,0.0,0.0,0.0,0.0,0.0,0.0,0.0,0.0,0.0,0.0
1750.0,Star Kid (1997),Adventure|Children's|Fantasy|Sci-Fi,1596.0,"['Adventure', ""Children's"", 'Fantasy', 'Sci-Fi']",0.0,0.0,0.0,0.0,1.0,0.0,0.0,0.0,0.0,0.0,0.0,0.0,0.0,1.0,0.0,0.0,0.0,0.0
1752.0,Hard Rain (1998),Action|Thriller,1597.0,"['Action', 'Thriller']",0.0,0.0,0.0,0.0,0.0,0.0,0.0,1.0,0.0,0.0,0.0,0.0,0.0,0.0,0.0,0.0,0.0,0.0
1753.0,Half Baked (1998),Comedy,1598.0,['Comedy'],0.0,0.0,0.0,0.0,0.0,0.0,0.0,1.0,0.0,0.0,0.0,0.0,0.0,0.0,0.0,0.0,0.0,0.0
1754.0,Fallen (1998),Action|Mystery|Thriller,1599.0,"['Action', 'Mystery', 'Thriller']",0.0,1.0,1.0,1.0,0.0,0.0,0.0,0.0,1.0,0.0,0.0,0.0,0.0,0.0,0.0,0.0,0.0,0.0
1755.0,Shooting Fish (1997),Romance,1600.0,['Romance'],1.0,0.0,0.0,0.0,0.0,0.0,0.0,0.0,0.0,0.0,0.0,0.0,0.0,0.0,1.0,0.0,0.0,0.0
1756.0,"Prophecy II, The (1998)",Horror,1601.0,['Horror'],0.0,0.0,0.0,0.0,1.0,0.0,0.0,0.0,0.0,0.0,0.0,0.0,0.0,0.0,0.0,0.0,0.0,0.0
1758.0,Dangerous Beauty (1998),Drama,1602.0,['Drama'],0.0,0.0,0.0,0.0,1.0,0.0,0.0,1.0,0.0,0.0,0.0,0.0,0.0,0.0,0.0,0.0,0.0,0.0
1759.0,Four Days in September (1997),Drama,1603.0,['Drama'],0.0,0.0,0.0,0.0,1.0,0.0,0.0,0.0,0.0,0.0,0.0,0.0,0.0,0.0,0.0,0.0,0.0,0.0
1760.0,Spice World (1997),Comedy|Musical,1604.0,"['Comedy', 'Musical']",0.0,1.0,0.0,0.0,1.0,0.0,0.0,0.0,0.0,0.0,0.0,0.0,0.0,0.0,0.0,0.0,0.0,0.0
1762.0,Deep Rising (1998),Action|Horror|Sci-Fi,1605.0,"['Action', 'Horror', 'Sci-Fi']",0.0,0.0,0.0,0.0,1.0,0.0,0.0,1.0,0.0,0.0,0.0,0.0,0.0,1.0,0.0,0.0,0.0,0.0
1764.0,Tainted (1998),Comedy|Thriller,1606.0,"['Comedy', 'Thriller']",0.0,0.0,0.0,0.0,0.0,0.0,0.0,0.0,0.0,0.0,0.0,0.0,0.0,0.0,0.0,1.0,0.0,0.0
1767.0,Music From Another Room (1998),Drama|Romance,1607.0,"['Drama', 'Romance']",0.0,0.0,0.0,0.0,0.0,0.0,0.0,0.0,0.0,0.0,1.0,0.0,0.0,0.0,0.0,1.0,0.0,0.0
1769.0,"Replacement Killers, The (1998)",Action|Thriller,1608.0,"['Action', 'Thriller']",0.0,0.0,0.0,0.0,0.0,0.0,0.0,1.0,0.0,0.0,0.0,0.0,0.0,0.0,0.0,0.0,0.0,0.0
1770.0,B. Monkey (1998),Romance|Thriller,1609.0,"['Romance', 'Thriller']",0.0,1.0,0.0,0.0,1.0,0.0,0.0,0.0,0.0,0.0,0.0,0.0,0.0,1.0,0.0,0.0,0.0,0.0
1771.0,Night Flier (1997),Horror,1610.0,['Horror'],0.0,0.0,0.0,0.0,1.0,0.0,0.0,1.0,0.0,0.0,0.0,0.0,0.0,1.0,0.0,0.0,0.0,0.0
1772.0,Blues Brothers 2000 (1998),Action|Comedy|Musical,1611.0,"['Action', 'Comedy', 'Musical']",0.0,0.0,0.0,0.0,1.0,0.0,0.0,0.0,0.0,0.0,0.0,0.0,0.0,0.0,0.0,0.0,0.0,0.0
1773.0,Tokyo Fist (1995),Action|Drama,1612.0,"['Action', 'Drama']",0.0,0.0,0.0,0.0,0.0,0.0,0.0,1.0,0.0,0.0,0.0,0.0,0.0,1.0,0.0,0.0,0.0,0.0
1777.0,"Wedding Singer, The (1998)",Comedy|Romance,1613.0,"['Comedy', 'Romance']",0.0,0.0,0.0,0.0,0.0,0.0,0.0,1.0,0.0,0.0,0.0,0.0,0.0,0.0,0.0,0.0,0.0,0.0
1779.0,Sphere (1998),Adventure|Sci-Fi|Thriller,1614.0,"['Adventure', 'Sci-Fi', 'Thriller']",0.0,0.0,0.0,0.0,0.0,0.0,1.0,0.0,0.0,0.0,0.0,0.0,0.0,0.0,0.0,0.0,0.0,0.0
1780.0,Ayn Rand: A Sense of Life (1997),Documentary,1615.0,['Documentary'],0.0,0.0,0.0,0.0,0.0,0.0,0.0,1.0,0.0,0.0,0.0,0.0,0.0,1.0,0.0,0.0,0.0,0.0
1782.0,Little City (1998),Comedy|Romance,1616.0,"['Comedy', 'Romance']",0.0,0.0,0.0,0.0,1.0,0.0,0.0,1.0,0.0,0.0,0.0,0.0,0.0,0.0,0.0,0.0,0.0,0.0
1783.0,Palmetto (1998),Film-Noir|Mystery|Thriller,1617.0,"['Film-Noir', 'Mystery', 'Thriller']",0.0,0.0,0.0,0.0,0.0,0.0,0.0,1.0,0.0,0.0,0.0,0.0,0.0,0.0,0.0,0.0,0.0,0.0
1784.0,As Good As It Gets (1997),Comedy|Drama,1618.0,"['Comedy', 'Drama']",0.0,0.0,0.0,0.0,1.0,0.0,0.0,0.0,0.0,0.0,0.0,0.0,0.0,1.0,0.0,0.0,0.0,0.0
1785.0,King of New York (1990),Action|Crime,1619.0,"['Action', 'Crime']",0.0,0.0,1.0,1.0,0.0,0.0,0.0,0.0,0.0,0.0,0.0,0.0,0.0,0.0,0.0,0.0,0.0,0.0
1787.0,"Paralyzing Fear: The Story of Polio in America, A (1998)",Documentary,1620.0,['Documentary'],0.0,0.0,0.0,0.0,0.0,0.0,0.0,1.0,0.0,0.0,0.0,0.0,0.0,0.0,0.0,1.0,0.0,0.0
1788.0,Men With Guns (1997),Action|Drama,1621.0,"['Action', 'Drama']",0.0,0.0,0.0,0.0,0.0,0.0,0.0,0.0,0.0,0.0,0.0,0.0,1.0,0.0,1.0,1.0,0.0,0.0
1791.0,Twilight (1998),Crime|Drama,1622.0,"['Crime', 'Drama']",0.0,0.0,0.0,0.0,1.0,0.0,0.0,0.0,0.0,0.0,0.0,0.0,0.0,0.0,0.0,0.0,0.0,0.0
1792.0,U.S. Marshalls (1998),Action|Thriller,1623.0,"['Action', 'Thriller']",1.0,0.0,0.0,0.0,0.0,1.0,0.0,0.0,0.0,0.0,0.0,0.0,0.0,1.0,0.0,0.0,0.0,0.0
1793.0,Welcome to Woop-Woop (1997),Comedy,1624.0,['Comedy'],0.0,0.0,0.0,0.0,0.0,0.0,0.0,1.0,0.0,0.0,0.0,0.0,1.0,0.0,0.0,0.0,0.0,0.0
1794.0,Love and Death on Long Island (1997),Comedy|Drama,1625.0,"['Comedy', 'Drama']",0.0,0.0,0.0,0.0,1.0,0.0,0.0,1.0,0.0,0.0,0.0,0.0,0.0,0.0,0.0,0.0,0.0,0.0
1795.0,"Callejón de los milagros, El (1995)",Drama,1626.0,['Drama'],0.0,0.0,0.0,0.0,0.0,0.0,0.0,1.0,0.0,0.0,0.0,0.0,0.0,0.0,0.0,0.0,0.0,0.0
1796.0,In God's Hands (1998),Action|Drama,1627.0,"['Action', 'Drama']",1.0,0.0,0.0,0.0,1.0,0.0,0.0,1.0,0.0,0.0,0.0,0.0,0.0,0.0,0.0,0.0,0.0,0.0
1797.0,Everest (1998),Documentary,1628.0,['Documentary'],1.0,1.0,0.0,0.0,0.0,0.0,0.0,0.0,0.0,0.0,0.0,0.0,0.0,0.0,1.0,1.0,0.0,0.0
1798.0,Hush (1998),Thriller,1629.0,['Thriller'],1.0,0.0,0.0,0.0,1.0,1.0,0.0,1.0,0.0,0.0,0.0,0.0,0.0,0.0,0.0,0.0,0.0,0.0
1799.0,Suicide Kings (1997),Crime|Drama,1630.0,"['Crime', 'Drama']",0.0,0.0,0.0,1.0,1.0,0.0,0.0,0.0,0.0,0.0,0.0,0.0,0.0,0.0,0.0,0.0,0.0,0.0
1801.0,"Man in the Iron Mask, The (1998)",Action|Drama|Romance,1631.0,"['Action', 'Drama', 'Romance']",0.0,0.0,1.0,1.0,0.0,0.0,0.0,0.0,1.0,0.0,0.0,0.0,0.0,0.0,0.0,0.0,1.0,0.0
1804.0,"Newton Boys, The (1998)",Crime|Drama,1632.0,"['Crime', 'Drama']",0.0,0.0,0.0,0.0,0.0,0.0,0.0,0.0,0.0,0.0,0.0,0.0,0.0,0.0,1.0,1.0,0.0,0.0
1805.0,Wild Things (1998),Crime|Drama|Mystery|Thriller,1633.0,"['Crime', 'Drama', 'Mystery', 'Thriller']",0.0,0.0,0.0,0.0,0.0,0.0,0.0,1.0,0.0,0.0,0.0,0.0,0.0,0.0,0.0,0.0,0.0,0.0
1806.0,Paulie (1998),Adventure|Children's|Comedy,1634.0,"['Adventure', ""Children's"", 'Comedy']",0.0,0.0,0.0,0.0,1.0,0.0,0.0,0.0,0.0,0.0,0.0,0.0,0.0,0.0,0.0,0.0,0.0,0.0
1807.0,"Cool Dry Place, A (1998)",Drama,1635.0,['Drama'],0.0,0.0,0.0,0.0,0.0,0.0,0.0,0.0,0.0,0.0,1.0,0.0,0.0,0.0,1.0,0.0,0.0,0.0
1809.0,Hana-bi (1997),Comedy|Crime|Drama,1636.0,"['Comedy', 'Crime', 'Drama']",0.0,0.0,0.0,0.0,0.0,0.0,0.0,1.0,0.0,0.0,0.0,0.0,0.0,1.0,0.0,0.0,1.0,0.0
1810.0,Primary Colors (1998),Drama,1637.0,['Drama'],0.0,0.0,0.0,0.0,0.0,0.0,0.0,0.0,0.0,0.0,0.0,1.0,0.0,0.0,0.0,0.0,0.0,0.0
1811.0,"Niagara, Niagara (1997)",Drama,1638.0,['Drama'],0.0,0.0,0.0,0.0,0.0,0.0,0.0,0.0,0.0,0.0,0.0,0.0,0.0,0.0,0.0,0.0,1.0,0.0
1812.0,Wide Awake (1998),Children's|Comedy|Drama,1639.0,"[""Children's"", 'Comedy', 'Drama']",0.0,0.0,0.0,0.0,0.0,0.0,0.0,0.0,0.0,0.0,0.0,0.0,0.0,0.0,0.0,0.0,0.0,1.0
1814.0,"Price Above Rubies, A (1998)",Drama,1640.0,['Drama'],0.0,0.0,0.0,0.0,0.0,0.0,0.0,1.0,0.0,0.0,0.0,0.0,0.0,0.0,0.0,0.0,0.0,0.0
1815.0,Eden (1997),Drama,1641.0,['Drama'],0.0,0.0,0.0,0.0,0.0,0.0,0.0,1.0,0.0,0.0,0.0,0.0,0.0,0.0,0.0,0.0,0.0,0.0
1816.0,Two Girls and a Guy (1997),Comedy|Drama,1642.0,"['Comedy', 'Drama']",0.0,1.0,0.0,0.0,0.0,0.0,0.0,0.0,0.0,0.0,0.0,0.0,0.0,0.0,0.0,0.0,0.0,0.0
1817.0,No Looking Back (1998),Comedy|Drama|Romance,1643.0,"['Comedy', 'Drama', 'Romance']",0.0,0.0,0.0,0.0,0.0,0.0,0.0,0.0,0.0,0.0,0.0,1.0,0.0,0.0,0.0,0.0,0.0,0.0
1820.0,"Proposition, The (1998)",Drama,1644.0,['Drama'],0.0,0.0,0.0,0.0,1.0,0.0,0.0,0.0,0.0,0.0,0.0,0.0,0.0,0.0,0.0,0.0,0.0,0.0
1821.0,"Object of My Affection, The (1998)",Comedy|Romance,1645.0,"['Comedy', 'Romance']",0.0,0.0,0.0,0.0,0.0,0.0,0.0,1.0,0.0,0.0,0.0,0.0,0.0,0.0,0.0,0.0,0.0,0.0
1822.0,Meet the Deedles (1998),Children's|Comedy,1646.0,"[""Children's"", 'Comedy']",0.0,0.0,0.0,0.0,0.0,0.0,0.0,1.0,0.0,0.0,0.0,0.0,0.0,0.0,0.0,0.0,1.0,0.0
1824.0,Homegrown (1998),Comedy|Thriller,1647.0,"['Comedy', 'Thriller']",0.0,0.0,0.0,0.0,1.0,0.0,0.0,0.0,0.0,0.0,0.0,0.0,0.0,0.0,0.0,0.0,0.0,0.0
1825.0,"Player's Club, The (1998)",Action|Drama,1648.0,"['Action', 'Drama']",0.0,0.0,0.0,0.0,0.0,0.0,0.0,1.0,0.0,0.0,0.0,0.0,0.0,0.0,0.0,0.0,0.0,0.0
1826.0,Barney's Great Adventure (1998),Adventure|Children's,1649.0,"['Adventure', ""Children's""]",0.0,0.0,0.0,0.0,0.0,0.0,0.0,1.0,0.0,0.0,0.0,0.0,0.0,0.0,0.0,0.0,1.0,0.0
1827.0,"Big One, The (1997)",Comedy|Documentary,1650.0,"['Comedy', 'Documentary']",0.0,0.0,0.0,0.0,0.0,0.0,0.0,1.0,0.0,0.0,0.0,0.0,0.0,0.0,0.0,0.0,0.0,0.0
1829.0,Chinese Box (1997),Drama|Romance,1651.0,"['Drama', 'Romance']",0.0,0.0,0.0,0.0,0.0,0.0,0.0,1.0,0.0,0.0,0.0,0.0,0.0,0.0,0.0,0.0,0.0,0.0
1830.0,Follow the Bitch (1998),Comedy,1652.0,['Comedy'],0.0,0.0,0.0,0.0,0.0,0.0,0.0,1.0,0.0,0.0,0.0,0.0,0.0,0.0,0.0,0.0,0.0,0.0
1831.0,Lost in Space (1998),Action|Sci-Fi|Thriller,1653.0,"['Action', 'Sci-Fi', 'Thriller']",0.0,0.0,0.0,0.0,0.0,0.0,0.0,1.0,0.0,0.0,0.0,0.0,0.0,0.0,0.0,0.0,0.0,0.0
1832.0,Heaven's Burning (1997),Action|Drama,1654.0,"['Action', 'Drama']",0.0,0.0,0.0,0.0,0.0,0.0,0.0,1.0,0.0,0.0,0.0,0.0,0.0,1.0,0.0,0.0,1.0,0.0
1833.0,Mercury Rising (1998),Action|Drama|Thriller,1655.0,"['Action', 'Drama', 'Thriller']",0.0,0.0,0.0,0.0,0.0,1.0,0.0,1.0,0.0,0.0,0.0,0.0,0.0,0.0,0.0,0.0,0.0,0.0
1834.0,"Spanish Prisoner, The (1997)",Drama|Thriller,1656.0,"['Drama', 'Thriller']",0.0,0.0,0.0,0.0,0.0,0.0,0.0,1.0,0.0,0.0,0.0,0.0,0.0,1.0,0.0,0.0,0.0,0.0
1835.0,City of Angels (1998),Romance,1657.0,['Romance'],0.0,0.0,0.0,0.0,0.0,0.0,0.0,0.0,0.0,0.0,0.0,1.0,0.0,1.0,0.0,0.0,0.0,0.0
1836.0,"Last Days of Disco, The (1998)",Drama,1658.0,['Drama'],0.0,0.0,0.0,0.0,1.0,0.0,0.0,0.0,0.0,0.0,0.0,0.0,0.0,0.0,0.0,0.0,0.0,0.0
1837.0,"Odd Couple II, The (1998)",Comedy,1659.0,['Comedy'],0.0,0.0,0.0,0.0,0.0,0.0,0.0,1.0,0.0,0.0,0.0,0.0,0.0,0.0,0.0,0.0,0.0,0.0
1839.0,My Giant (1998),Comedy,1660.0,['Comedy'],0.0,0.0,0.0,0.0,0.0,0.0,0.0,1.0,0.0,0.0,0.0,0.0,1.0,0.0,0.0,0.0,0.0,0.0
1840.0,He Got Game (1998),Drama,1661.0,['Drama'],0.0,0.0,0.0,0.0,0.0,0.0,0.0,0.0,0.0,0.0,0.0,1.0,0.0,0.0,0.0,0.0,0.0,0.0
1841.0,"Gingerbread Man, The (1998)",Drama|Thriller,1662.0,"['Drama', 'Thriller']",0.0,0.0,0.0,0.0,0.0,0.0,0.0,1.0,0.0,0.0,0.0,0.0,0.0,0.0,0.0,0.0,0.0,0.0
1842.0,Illtown (1996),Crime|Drama,1663.0,"['Crime', 'Drama']",1.0,0.0,0.0,0.0,0.0,1.0,0.0,1.0,0.0,0.0,0.0,0.0,0.0,0.0,0.0,1.0,0.0,0.0
1843.0,Slappy and the Stinkers (1998),Children's|Comedy,1664.0,"[""Children's"", 'Comedy']",1.0,0.0,0.0,0.0,0.0,0.0,0.0,1.0,0.0,0.0,0.0,0.0,0.0,0.0,0.0,0.0,0.0,0.0
1844.0,Live Flesh (1997),Drama,1665.0,['Drama'],0.0,0.0,0.0,0.0,0.0,0.0,0.0,1.0,0.0,0.0,0.0,0.0,0.0,0.0,0.0,0.0,0.0,0.0
1845.0,Zero Effect (1998),Comedy|Thriller,1666.0,"['Comedy', 'Thriller']",0.0,0.0,0.0,0.0,0.0,0.0,0.0,1.0,0.0,0.0,0.0,0.0,0.0,0.0,0.0,0.0,0.0,0.0
1846.0,Nil By Mouth (1997),Drama,1667.0,['Drama'],0.0,0.0,0.0,0.0,0.0,0.0,0.0,1.0,0.0,0.0,0.0,0.0,0.0,0.0,0.0,0.0,0.0,0.0
1848.0,"Borrowers, The (1997)",Adventure|Children's|Comedy|Fantasy,1668.0,"['Adventure', ""Children's"", 'Comedy', 'Fantasy']",0.0,0.0,0.0,0.0,0.0,0.0,0.0,1.0,0.0,0.0,0.0,0.0,0.0,1.0,0.0,0.0,0.0,0.0
1849.0,Prince Valiant (1997),Adventure,1669.0,['Adventure'],0.0,0.0,0.0,0.0,0.0,0.0,0.0,1.0,0.0,0.0,0.0,0.0,0.0,0.0,0.0,0.0,1.0,0.0
1850.0,"I Love You, Don't Touch Me! (1998)",Drama|Romance,1670.0,"['Drama', 'Romance']",0.0,0.0,0.0,0.0,0.0,0.0,0.0,1.0,0.0,0.0,0.0,0.0,0.0,0.0,0.0,0.0,0.0,0.0
1851.0,Leather Jacket Love Story (1997),Drama|Romance,1671.0,"['Drama', 'Romance']",0.0,0.0,0.0,0.0,0.0,0.0,0.0,1.0,0.0,0.0,0.0,0.0,0.0,0.0,0.0,0.0,0.0,0.0
1852.0,Love Walked In (1998),Drama|Thriller,1672.0,"['Drama', 'Thriller']",0.0,0.0,0.0,0.0,1.0,0.0,0.0,0.0,0.0,0.0,0.0,0.0,0.0,0.0,0.0,0.0,0.0,0.0
1853.0,"Alan Smithee Film: Burn Hollywood Burn, An (1997)",Comedy,1673.0,['Comedy'],0.0,0.0,0.0,0.0,0.0,0.0,0.0,1.0,0.0,0.0,0.0,0.0,1.0,0.0,0.0,0.0,0.0,0.0
1854.0,Kissing a Fool (1998),Comedy|Romance,1674.0,"['Comedy', 'Romance']",0.0,0.0,0.0,0.0,1.0,0.0,0.0,0.0,0.0,0.0,0.0,0.0,0.0,0.0,1.0,0.0,0.0,0.0
1855.0,Krippendorf's Tribe (1998),Comedy,1675.0,['Comedy'],0.0,0.0,0.0,0.0,1.0,0.0,0.0,0.0,0.0,0.0,0.0,0.0,0.0,0.0,0.0,0.0,0.0,0.0
1856.0,Kurt & Courtney (1998),Documentary|Musical,1676.0,"['Documentary', 'Musical']",0.0,1.0,0.0,1.0,0.0,0.0,0.0,0.0,1.0,0.0,0.0,0.0,0.0,0.0,0.0,0.0,0.0,0.0
1857.0,"Real Blonde, The (1997)",Comedy,1677.0,['Comedy'],0.0,0.0,0.0,0.0,1.0,0.0,0.0,1.0,0.0,0.0,0.0,0.0,0.0,0.0,0.0,0.0,0.0,0.0
1858.0,Mr. Nice Guy (1997),Action|Comedy,1678.0,"['Action', 'Comedy']",0.0,0.0,0.0,0.0,0.0,0.0,0.0,0.0,0.0,0.0,1.0,0.0,0.0,0.0,0.0,0.0,0.0,0.0
1859.0,Taste of Cherry (1997),Drama,1679.0,['Drama'],0.0,0.0,0.0,0.0,0.0,0.0,0.0,0.0,0.0,0.0,1.0,0.0,0.0,0.0,0.0,0.0,0.0,0.0
1860.0,Character (Karakter) (1997),Drama,1680.0,['Drama'],0.0,0.0,0.0,0.0,0.0,0.0,0.0,0.0,0.0,0.0,1.0,0.0,0.0,0.0,0.0,0.0,0.0,0.0
1861.0,Junk Mail (1997),Comedy|Thriller,1681.0,"['Comedy', 'Thriller']",0.0,0.0,0.0,0.0,0.0,0.0,0.0,0.0,0.0,0.0,1.0,0.0,0.0,0.0,0.0,0.0,0.0,0.0
1862.0,Species II (1998),Horror|Sci-Fi,1682.0,"['Horror', 'Sci-Fi']",0.0,0.0,0.0,0.0,0.0,0.0,0.0,0.0,0.0,0.0,1.0,0.0,0.0,0.0,0.0,0.0,0.0,0.0
1863.0,Major League: Back to the Minors (1998),Comedy,1683.0,['Comedy'],0.0,0.0,0.0,0.0,0.0,0.0,0.0,0.0,0.0,0.0,1.0,0.0,0.0,0.0,0.0,0.0,0.0,0.0
1864.0,Sour Grapes (1998),Comedy,1684.0,['Comedy'],0.0,0.0,0.0,0.0,0.0,0.0,0.0,0.0,0.0,0.0,1.0,0.0,0.0,0.0,0.0,0.0,0.0,0.0
1865.0,Wild Man Blues (1998),Documentary,1685.0,['Documentary'],0.0,0.0,0.0,0.0,0.0,0.0,0.0,0.0,0.0,0.0,1.0,0.0,0.0,0.0,0.0,0.0,0.0,0.0
1866.0,"Big Hit, The (1998)",Action|Comedy,1686.0,"['Action', 'Comedy']",0.0,0.0,0.0,0.0,0.0,0.0,0.0,0.0,0.0,0.0,1.0,0.0,0.0,0.0,0.0,0.0,0.0,0.0
1867.0,Tarzan and the Lost City (1998),Action|Adventure,1687.0,"['Action', 'Adventure']",0.0,0.0,0.0,0.0,0.0,0.0,0.0,0.0,0.0,0.0,1.0,0.0,0.0,0.0,0.0,0.0,0.0,0.0
1868.0,"Truce, The (1996)",Drama|War,1688.0,"['Drama', 'War']",0.0,0.0,0.0,0.0,0.0,0.0,0.0,0.0,0.0,0.0,1.0,0.0,0.0,0.0,0.0,0.0,0.0,0.0
1869.0,Black Dog (1998),Action|Thriller,1689.0,"['Action', 'Thriller']",0.0,0.0,0.0,0.0,0.0,0.0,0.0,0.0,0.0,0.0,1.0,0.0,0.0,0.0,0.0,0.0,0.0,0.0
1870.0,"Dancer, Texas Pop. 81 (1998)",Comedy|Drama,1690.0,"['Comedy', 'Drama']",0.0,0.0,0.0,0.0,0.0,0.0,0.0,0.0,0.0,0.0,1.0,0.0,0.0,0.0,0.0,0.0,0.0,0.0
1871.0,"Friend of the Deceased, A (1997)",Comedy|Drama,1691.0,"['Comedy', 'Drama']",0.0,0.0,0.0,0.0,0.0,0.0,0.0,0.0,0.0,0.0,1.0,0.0,0.0,0.0,0.0,0.0,0.0,0.0
1872.0,Go Now (1995),Drama,1692.0,['Drama'],0.0,0.0,0.0,0.0,0.0,0.0,0.0,0.0,0.0,0.0,1.0,0.0,0.0,0.0,0.0,0.0,0.0,0.0
1873.0,"Misérables, Les (1998)",Drama,1693.0,['Drama'],0.0,0.0,0.0,0.0,0.0,0.0,0.0,0.0,0.0,0.0,1.0,0.0,0.0,0.0,0.0,0.0,0.0,0.0
1874.0,Still Breathing (1997),Comedy|Romance,1694.0,"['Comedy', 'Romance']",0.0,0.0,0.0,0.0,0.0,0.0,0.0,0.0,0.0,0.0,1.0,0.0,0.0,0.0,0.0,0.0,0.0,0.0
1875.0,Clockwatchers (1997),Comedy,1695.0,['Comedy'],0.0,0.0,0.0,0.0,0.0,0.0,0.0,0.0,0.0,0.0,1.0,0.0,0.0,0.0,0.0,0.0,0.0,0.0
1876.0,Deep Impact (1998),Action|Drama|Sci-Fi|Thriller,1696.0,"['Action', 'Drama', 'Sci-Fi', 'Thriller']",0.0,0.0,0.0,0.0,0.0,0.0,0.0,0.0,0.0,0.0,1.0,0.0,0.0,0.0,0.0,0.0,0.0,0.0
1877.0,Little Men (1998),Drama,1697.0,['Drama'],0.0,0.0,0.0,0.0,0.0,0.0,0.0,0.0,0.0,0.0,1.0,0.0,0.0,0.0,0.0,0.0,0.0,0.0
1878.0,Woo (1998),Comedy|Romance,1698.0,"['Comedy', 'Romance']",0.0,0.0,0.0,0.0,0.0,0.0,0.0,0.0,0.0,0.0,1.0,0.0,0.0,0.0,0.0,0.0,0.0,0.0
1879.0,"Hanging Garden, The (1997)",Drama,1699.0,['Drama'],0.0,0.0,0.0,0.0,0.0,0.0,0.0,0.0,0.0,0.0,1.0,0.0,0.0,0.0,0.0,0.0,0.0,0.0
1880.0,Lawn Dogs (1997),Drama,1700.0,['Drama'],0.0,0.0,0.0,0.0,0.0,0.0,0.0,0.0,0.0,0.0,1.0,0.0,0.0,0.0,0.0,0.0,0.0,0.0
1881.0,Quest for Camelot (1998),Adventure|Animation|Children's|Fantasy,1701.0,"['Adventure', 'Animation', ""Children's"", 'Fantasy']",0.0,0.0,0.0,0.0,0.0,0.0,0.0,0.0,0.0,0.0,1.0,0.0,0.0,0.0,0.0,0.0,0.0,0.0
1882.0,Godzilla (1998),Action|Sci-Fi,1702.0,"['Action', 'Sci-Fi']",0.0,0.0,0.0,0.0,0.0,0.0,0.0,0.0,0.0,0.0,1.0,0.0,0.0,0.0,0.0,0.0,0.0,0.0
1883.0,Bulworth (1998),Comedy,1703.0,['Comedy'],0.0,0.0,0.0,0.0,0.0,0.0,0.0,0.0,0.0,0.0,1.0,0.0,0.0,0.0,0.0,1.0,0.0,0.0
1884.0,Fear and Loathing in Las Vegas (1998),Comedy|Drama,1704.0,"['Comedy', 'Drama']",0.0,0.0,0.0,0.0,0.0,0.0,0.0,0.0,0.0,0.0,1.0,0.0,0.0,0.0,0.0,1.0,0.0,0.0
1885.0,"Opposite of Sex, The (1998)",Comedy|Drama,1705.0,"['Comedy', 'Drama']",0.0,0.0,0.0,0.0,0.0,0.0,0.0,0.0,0.0,0.0,1.0,0.0,0.0,0.0,0.0,1.0,0.0,0.0
1886.0,I Got the Hook Up (1998),Comedy,1706.0,['Comedy'],0.0,0.0,0.0,0.0,0.0,0.0,0.0,0.0,0.0,0.0,1.0,0.0,0.0,0.0,0.0,0.0,0.0,0.0
1887.0,Almost Heroes (1998),Adventure|Comedy,1707.0,"['Adventure', 'Comedy']",0.0,0.0,0.0,0.0,0.0,0.0,0.0,0.0,0.0,0.0,1.0,0.0,0.0,0.0,0.0,0.0,0.0,0.0
1888.0,Hope Floats (1998),Comedy|Drama|Romance,1708.0,"['Comedy', 'Drama', 'Romance']",0.0,0.0,0.0,0.0,0.0,0.0,0.0,0.0,0.0,0.0,1.0,0.0,0.0,0.0,0.0,0.0,0.0,0.0
1889.0,Insomnia (1997),Thriller,1709.0,['Thriller'],1.0,0.0,0.0,0.0,1.0,1.0,0.0,1.0,0.0,0.0,0.0,0.0,0.0,0.0,0.0,0.0,0.0,0.0
1890.0,Little Boy Blue (1997),Drama,1710.0,['Drama'],1.0,0.0,0.0,0.0,1.0,1.0,0.0,1.0,0.0,0.0,0.0,0.0,0.0,0.0,0.0,0.0,0.0,0.0
1891.0,"Ugly, The (1997)",Horror|Thriller,1711.0,"['Horror', 'Thriller']",1.0,0.0,0.0,0.0,1.0,1.0,0.0,1.0,0.0,0.0,0.0,0.0,0.0,0.0,0.0,0.0,0.0,0.0
1892.0,"Perfect Murder, A (1998)",Mystery|Thriller,1712.0,"['Mystery', 'Thriller']",0.0,0.0,0.0,0.0,1.0,0.0,0.0,0.0,0.0,0.0,1.0,0.0,0.0,0.0,0.0,0.0,0.0,0.0
1893.0,Beyond Silence (1996),Drama,1713.0,['Drama'],0.0,0.0,0.0,0.0,1.0,0.0,0.0,0.0,0.0,0.0,1.0,0.0,0.0,0.0,0.0,0.0,0.0,0.0
1894.0,Six Days Seven Nights (1998),Adventure|Comedy|Romance,1714.0,"['Adventure', 'Comedy', 'Romance']",0.0,1.0,0.0,1.0,0.0,0.0,0.0,0.0,1.0,0.0,0.0,0.0,0.0,0.0,0.0,0.0,0.0,0.0
1895.0,Can't Hardly Wait (1998),Comedy|Drama|Romance,1715.0,"['Comedy', 'Drama', 'Romance']",1.0,1.0,0.0,0.0,0.0,0.0,0.0,0.0,0.0,0.0,0.0,0.0,0.0,1.0,0.0,0.0,0.0,0.0
1896.0,Cousin Bette (1998),Comedy,1716.0,['Comedy'],0.0,0.0,0.0,0.0,1.0,0.0,0.0,0.0,0.0,0.0,0.0,0.0,0.0,0.0,0.0,0.0,0.0,0.0
1897.0,High Art (1998),Drama|Romance,1717.0,"['Drama', 'Romance']",0.0,0.0,0.0,0.0,0.0,1.0,0.0,1.0,0.0,1.0,0.0,0.0,0.0,0.0,0.0,0.0,0.0,0.0
1898.0,"Land Girls, The (1998)",Drama|War,1718.0,"['Drama', 'War']",0.0,0.0,0.0,0.0,0.0,0.0,0.0,0.0,0.0,0.0,0.0,0.0,0.0,0.0,1.0,1.0,0.0,0.0
1899.0,Passion in the Desert (1998),Adventure|Drama,1719.0,"['Adventure', 'Drama']",0.0,0.0,0.0,0.0,0.0,0.0,0.0,0.0,0.0,0.0,0.0,0.0,0.0,0.0,1.0,0.0,0.0,0.0
1900.0,"Children of Heaven, The (Bacheha-Ye Aseman) (1997)",Drama,1720.0,['Drama'],0.0,0.0,0.0,0.0,1.0,0.0,0.0,0.0,0.0,0.0,0.0,0.0,0.0,0.0,1.0,0.0,0.0,0.0
1901.0,Dear Jesse (1997),Documentary,1721.0,['Documentary'],0.0,0.0,0.0,0.0,1.0,0.0,0.0,0.0,0.0,0.0,0.0,0.0,0.0,0.0,1.0,0.0,0.0,1.0
1902.0,Dream for an Insomniac (1996),Drama|Romance,1722.0,"['Drama', 'Romance']",1.0,1.0,0.0,0.0,0.0,0.0,0.0,0.0,0.0,0.0,0.0,0.0,0.0,0.0,0.0,0.0,0.0,0.0
1903.0,Hav Plenty (1997),Comedy,1723.0,['Comedy'],0.0,0.0,0.0,1.0,1.0,0.0,0.0,0.0,0.0,0.0,0.0,0.0,0.0,0.0,0.0,0.0,0.0,0.0
1904.0,Henry Fool (1997),Comedy|Drama,1724.0,"['Comedy', 'Drama']",0.0,0.0,0.0,1.0,1.0,0.0,0.0,0.0,1.0,0.0,0.0,0.0,0.0,0.0,0.0,0.0,0.0,0.0
1905.0,Marie Baie Des Anges (1997),Drama,1725.0,['Drama'],0.0,0.0,0.0,1.0,1.0,0.0,0.0,0.0,0.0,0.0,0.0,0.0,0.0,0.0,0.0,0.0,0.0,1.0
1906.0,Mr. Jealousy (1997),Comedy|Romance,1726.0,"['Comedy', 'Romance']",0.0,0.0,0.0,1.0,0.0,0.0,0.0,0.0,1.0,0.0,0.0,1.0,0.0,0.0,0.0,0.0,0.0,0.0
1907.0,Mulan (1998),Animation|Children's,1727.0,"['Animation', ""Children's""]",0.0,0.0,1.0,1.0,0.0,0.0,0.0,0.0,0.0,0.0,0.0,0.0,0.0,0.0,0.0,0.0,0.0,0.0
1908.0,Resurrection Man (1998),Drama|Thriller,1728.0,"['Drama', 'Thriller']",1.0,0.0,0.0,0.0,0.0,0.0,0.0,1.0,0.0,0.0,0.0,0.0,0.0,0.0,0.0,0.0,0.0,0.0
1909.0,"X-Files: Fight the Future, The (1998)",Mystery|Sci-Fi|Thriller,1729.0,"['Mystery', 'Sci-Fi', 'Thriller']",0.0,0.0,0.0,0.0,0.0,0.0,0.0,1.0,0.0,0.0,0.0,0.0,0.0,1.0,0.0,0.0,0.0,0.0
1910.0,I Went Down (1997),Action|Comedy|Crime,1730.0,"['Action', 'Comedy', 'Crime']",0.0,0.0,0.0,0.0,0.0,0.0,0.0,0.0,1.0,0.0,0.0,0.0,0.0,0.0,1.0,0.0,0.0,0.0
1911.0,Doctor Dolittle (1998),Comedy,1731.0,['Comedy'],0.0,0.0,0.0,0.0,0.0,0.0,0.0,1.0,0.0,0.0,0.0,0.0,0.0,0.0,0.0,0.0,0.0,0.0
1912.0,Out of Sight (1998),Action|Crime|Romance,1732.0,"['Action', 'Crime', 'Romance']",1.0,0.0,0.0,0.0,0.0,1.0,0.0,1.0,0.0,0.0,0.0,0.0,0.0,0.0,0.0,0.0,0.0,0.0
1913.0,Picnic at Hanging Rock (1975),Drama|Mystery,1733.0,"['Drama', 'Mystery']",0.0,0.0,0.0,0.0,0.0,0.0,0.0,1.0,0.0,0.0,0.0,0.0,1.0,0.0,0.0,0.0,0.0,0.0
1914.0,Smoke Signals (1998),Comedy|Drama,1734.0,"['Comedy', 'Drama']",0.0,0.0,0.0,0.0,0.0,0.0,0.0,1.0,0.0,0.0,0.0,0.0,0.0,1.0,0.0,0.0,0.0,0.0
1915.0,Voyage to the Beginning of the World (1997),Drama,1735.0,['Drama'],0.0,0.0,0.0,0.0,0.0,0.0,0.0,0.0,0.0,0.0,1.0,0.0,0.0,0.0,0.0,1.0,0.0,0.0
1916.0,Buffalo 66 (1998),Action|Comedy|Drama,1736.0,"['Action', 'Comedy', 'Drama']",0.0,0.0,0.0,0.0,1.0,1.0,0.0,0.0,0.0,0.0,0.0,0.0,0.0,0.0,0.0,0.0,0.0,0.0
1917.0,Armageddon (1998),Action|Adventure|Sci-Fi|Thriller,1737.0,"['Action', 'Adventure', 'Sci-Fi', 'Thriller']",1.0,0.0,0.0,0.0,0.0,0.0,0.0,1.0,0.0,0.0,0.0,0.0,0.0,0.0,0.0,0.0,1.0,0.0
1918.0,Lethal Weapon 4 (1998),Action|Comedy|Crime|Drama,1738.0,"['Action', 'Comedy', 'Crime', 'Drama']",0.0,0.0,0.0,0.0,1.0,0.0,0.0,0.0,0.0,0.0,0.0,0.0,0.0,1.0,0.0,0.0,0.0,0.0
1919.0,Madeline (1998),Children's|Comedy,1739.0,"[""Children's"", 'Comedy']",0.0,0.0,0.0,1.0,1.0,0.0,0.0,0.0,0.0,0.0,0.0,0.0,0.0,0.0,0.0,0.0,0.0,0.0
1920.0,Small Soldiers (1998),Animation|Children's|Fantasy|War,1740.0,"['Animation', ""Children's"", 'Fantasy', 'War']",0.0,0.0,0.0,1.0,1.0,0.0,0.0,0.0,0.0,0.0,0.0,0.0,0.0,0.0,0.0,0.0,0.0,0.0
1921.0,Pi (1998),Sci-Fi|Thriller,1741.0,"['Sci-Fi', 'Thriller']",0.0,0.0,1.0,1.0,0.0,0.0,0.0,0.0,0.0,0.0,0.0,0.0,0.0,0.0,0.0,0.0,0.0,0.0
1922.0,Whatever (1998),Drama,1742.0,['Drama'],0.0,0.0,0.0,0.0,0.0,0.0,0.0,0.0,0.0,0.0,0.0,0.0,0.0,0.0,1.0,0.0,0.0,0.0
1923.0,There's Something About Mary (1998),Comedy,1743.0,['Comedy'],0.0,0.0,0.0,1.0,1.0,0.0,0.0,0.0,0.0,0.0,0.0,0.0,0.0,0.0,0.0,0.0,0.0,0.0
1924.0,Plan 9 from Outer Space (1958),Horror|Sci-Fi,1744.0,"['Horror', 'Sci-Fi']",0.0,0.0,0.0,1.0,1.0,0.0,0.0,0.0,0.0,0.0,0.0,0.0,0.0,0.0,0.0,0.0,0.0,0.0
1925.0,Wings (1927),Drama|Romance|War,1745.0,"['Drama', 'Romance', 'War']",0.0,1.0,0.0,1.0,1.0,0.0,0.0,0.0,0.0,0.0,0.0,0.0,0.0,0.0,0.0,0.0,0.0,0.0
1926.0,"Broadway Melody, The (1929)",Musical,1746.0,['Musical'],0.0,0.0,0.0,1.0,1.0,0.0,0.0,0.0,0.0,0.0,0.0,0.0,0.0,0.0,1.0,0.0,0.0,0.0
1927.0,All Quiet on the Western Front (1930),War,1747.0,['War'],0.0,1.0,0.0,1.0,0.0,0.0,0.0,0.0,0.0,0.0,0.0,0.0,0.0,0.0,0.0,0.0,0.0,0.0
1928.0,Cimarron (1931),Western,1748.0,['Western'],0.0,0.0,0.0,1.0,1.0,0.0,0.0,0.0,0.0,0.0,0.0,0.0,0.0,0.0,0.0,0.0,0.0,0.0
1929.0,Grand Hotel (1932),Drama,1749.0,['Drama'],1.0,1.0,0.0,1.0,1.0,0.0,0.0,0.0,0.0,0.0,0.0,0.0,0.0,0.0,0.0,0.0,0.0,0.0
1930.0,Cavalcade (1933),Drama,1750.0,['Drama'],0.0,0.0,0.0,1.0,1.0,0.0,0.0,0.0,0.0,0.0,0.0,0.0,0.0,0.0,0.0,0.0,0.0,0.0
1931.0,Mutiny on the Bounty (1935),Adventure,1751.0,['Adventure'],0.0,1.0,0.0,1.0,0.0,0.0,0.0,0.0,1.0,0.0,0.0,0.0,0.0,0.0,0.0,0.0,0.0,0.0
1932.0,"Great Ziegfeld, The (1936)",Musical,1752.0,['Musical'],0.0,0.0,0.0,0.0,1.0,0.0,0.0,0.0,0.0,0.0,0.0,0.0,0.0,0.0,0.0,0.0,0.0,0.0
1933.0,"Life of Émile Zola, The (1937)",Drama,1753.0,['Drama'],0.0,1.0,0.0,1.0,0.0,0.0,0.0,1.0,0.0,0.0,0.0,0.0,0.0,1.0,0.0,0.0,0.0,0.0
1934.0,You Can't Take It With You (1938),Comedy,1754.0,['Comedy'],0.0,1.0,0.0,1.0,0.0,0.0,0.0,0.0,0.0,0.0,0.0,0.0,0.0,0.0,1.0,0.0,0.0,0.0
1935.0,How Green Was My Valley (1941),Drama,1755.0,['Drama'],0.0,0.0,0.0,1.0,0.0,0.0,0.0,0.0,0.0,0.0,0.0,0.0,0.0,0.0,0.0,0.0,0.0,0.0
1936.0,Mrs. Miniver (1942),Drama|War,1756.0,"['Drama', 'War']",0.0,0.0,1.0,1.0,0.0,0.0,0.0,0.0,0.0,0.0,0.0,0.0,0.0,0.0,0.0,0.0,0.0,0.0
1937.0,Going My Way (1944),Comedy,1757.0,['Comedy'],0.0,0.0,0.0,0.0,1.0,0.0,0.0,0.0,0.0,0.0,0.0,1.0,0.0,0.0,0.0,0.0,0.0,0.0
1938.0,"Lost Weekend, The (1945)",Drama,1758.0,['Drama'],0.0,1.0,0.0,1.0,1.0,0.0,0.0,0.0,0.0,0.0,0.0,0.0,0.0,0.0,0.0,0.0,0.0,0.0
1939.0,"Best Years of Our Lives, The (1946)",Drama|War,1759.0,"['Drama', 'War']",0.0,1.0,0.0,1.0,1.0,0.0,0.0,0.0,0.0,0.0,0.0,0.0,0.0,0.0,0.0,0.0,0.0,0.0
1940.0,Gentleman's Agreement (1947),Drama,1760.0,['Drama'],0.0,0.0,0.0,1.0,1.0,0.0,0.0,0.0,0.0,0.0,0.0,0.0,0.0,0.0,0.0,0.0,0.0,0.0
1941.0,Hamlet (1948),Drama,1761.0,['Drama'],0.0,0.0,0.0,1.0,1.0,0.0,0.0,0.0,0.0,0.0,0.0,0.0,0.0,0.0,1.0,0.0,0.0,0.0
1942.0,All the King's Men (1949),Drama,1762.0,['Drama'],0.0,1.0,0.0,1.0,1.0,0.0,0.0,0.0,1.0,0.0,0.0,0.0,0.0,0.0,1.0,0.0,0.0,0.0
1943.0,"Greatest Show on Earth, The (1952)",Drama,1763.0,['Drama'],0.0,0.0,0.0,0.0,1.0,0.0,0.0,0.0,0.0,0.0,0.0,0.0,0.0,0.0,0.0,0.0,0.0,1.0
1944.0,From Here to Eternity (1953),Drama|Romance|War,1764.0,"['Drama', 'Romance', 'War']",0.0,1.0,0.0,1.0,0.0,0.0,0.0,0.0,0.0,0.0,0.0,0.0,0.0,0.0,0.0,0.0,0.0,0.0
1945.0,On the Waterfront (1954),Crime|Drama,1765.0,"['Crime', 'Drama']",0.0,1.0,0.0,1.0,0.0,0.0,0.0,0.0,0.0,0.0,0.0,0.0,0.0,0.0,0.0,0.0,0.0,0.0
1946.0,Marty (1955),Drama|Romance,1766.0,"['Drama', 'Romance']",1.0,0.0,0.0,0.0,0.0,0.0,0.0,0.0,0.0,0.0,0.0,0.0,0.0,0.0,0.0,1.0,0.0,0.0
1947.0,West Side Story (1961),Musical|Romance,1767.0,"['Musical', 'Romance']",0.0,0.0,0.0,1.0,0.0,0.0,0.0,1.0,0.0,0.0,0.0,0.0,0.0,0.0,0.0,0.0,0.0,0.0
1948.0,Tom Jones (1963),Comedy,1768.0,['Comedy'],0.0,0.0,0.0,0.0,1.0,0.0,0.0,0.0,0.0,0.0,0.0,0.0,0.0,0.0,0.0,0.0,0.0,0.0
1949.0,"Man for All Seasons, A (1966)",Drama,1769.0,['Drama'],0.0,0.0,0.0,0.0,0.0,0.0,1.0,0.0,0.0,0.0,0.0,0.0,0.0,0.0,0.0,0.0,0.0,0.0
1950.0,In the Heat of the Night (1967),Drama|Mystery,1770.0,"['Drama', 'Mystery']",0.0,0.0,0.0,0.0,0.0,0.0,0.0,1.0,0.0,0.0,0.0,0.0,0.0,1.0,0.0,0.0,0.0,0.0
1951.0,Oliver! (1968),Musical,1771.0,['Musical'],0.0,0.0,0.0,0.0,0.0,0.0,0.0,1.0,0.0,0.0,0.0,0.0,0.0,1.0,0.0,0.0,0.0,0.0
1952.0,Midnight Cowboy (1969),Drama,1772.0,['Drama'],0.0,0.0,0.0,0.0,1.0,0.0,1.0,0.0,0.0,0.0,0.0,0.0,0.0,0.0,0.0,0.0,0.0,0.0
1953.0,"French Connection, The (1971)",Action|Crime|Drama|Thriller,1773.0,"['Action', 'Crime', 'Drama', 'Thriller']",0.0,0.0,0.0,0.0,1.0,0.0,0.0,1.0,0.0,0.0,0.0,0.0,0.0,1.0,0.0,0.0,0.0,0.0
1954.0,Rocky (1976),Action|Drama,1774.0,"['Action', 'Drama']",0.0,0.0,0.0,0.0,0.0,0.0,0.0,0.0,0.0,1.0,0.0,0.0,0.0,0.0,0.0,0.0,0.0,0.0
1955.0,Kramer Vs. Kramer (1979),Drama,1775.0,['Drama'],0.0,0.0,0.0,0.0,0.0,0.0,0.0,1.0,0.0,0.0,0.0,0.0,0.0,1.0,0.0,0.0,1.0,0.0
1956.0,Ordinary People (1980),Drama,1776.0,['Drama'],0.0,0.0,0.0,0.0,0.0,0.0,0.0,1.0,0.0,0.0,0.0,0.0,0.0,0.0,0.0,0.0,0.0,0.0
1957.0,Chariots of Fire (1981),Drama,1777.0,['Drama'],0.0,0.0,0.0,0.0,0.0,0.0,0.0,1.0,0.0,0.0,0.0,0.0,0.0,0.0,0.0,0.0,0.0,0.0
1958.0,Terms of Endearment (1983),Comedy|Drama,1778.0,"['Comedy', 'Drama']",0.0,0.0,0.0,0.0,0.0,0.0,0.0,1.0,0.0,0.0,0.0,0.0,0.0,0.0,0.0,0.0,0.0,0.0
1959.0,Out of Africa (1985),Drama|Romance,1779.0,"['Drama', 'Romance']",0.0,0.0,0.0,0.0,0.0,0.0,0.0,1.0,0.0,0.0,0.0,0.0,0.0,0.0,0.0,0.0,0.0,0.0
1960.0,"Last Emperor, The (1987)",Drama|War,1780.0,"['Drama', 'War']",0.0,0.0,0.0,0.0,1.0,0.0,0.0,0.0,0.0,0.0,0.0,0.0,0.0,0.0,0.0,0.0,0.0,0.0
1961.0,Rain Man (1988),Drama,1781.0,['Drama'],0.0,0.0,0.0,0.0,1.0,0.0,0.0,0.0,0.0,0.0,0.0,0.0,0.0,0.0,0.0,0.0,0.0,0.0
1962.0,Driving Miss Daisy (1989),Drama,1782.0,['Drama'],0.0,0.0,0.0,0.0,0.0,0.0,0.0,1.0,0.0,0.0,0.0,0.0,0.0,0.0,0.0,0.0,0.0,0.0
1963.0,Take the Money and Run (1969),Comedy,1783.0,['Comedy'],0.0,0.0,0.0,0.0,0.0,0.0,0.0,1.0,0.0,0.0,0.0,0.0,0.0,0.0,0.0,0.0,1.0,0.0
1964.0,Klute (1971),Drama|Mystery,1784.0,"['Drama', 'Mystery']",0.0,0.0,0.0,0.0,0.0,0.0,0.0,1.0,0.0,0.0,0.0,0.0,1.0,0.0,0.0,0.0,0.0,0.0
1965.0,Repo Man (1984),Comedy|Sci-Fi,1785.0,"['Comedy', 'Sci-Fi']",0.0,1.0,0.0,1.0,0.0,0.0,0.0,0.0,0.0,0.0,0.0,0.0,0.0,0.0,0.0,0.0,0.0,0.0
1966.0,Metropolitan (1990),Comedy,1786.0,['Comedy'],0.0,0.0,1.0,1.0,1.0,0.0,0.0,0.0,0.0,0.0,0.0,1.0,0.0,0.0,0.0,0.0,0.0,0.0
1967.0,Labyrinth (1986),Adventure|Children's|Fantasy,1787.0,"['Adventure', ""Children's"", 'Fantasy']",0.0,0.0,0.0,1.0,0.0,0.0,0.0,1.0,0.0,0.0,0.0,0.0,0.0,0.0,0.0,0.0,0.0,0.0
1968.0,"Breakfast Club, The (1985)",Comedy|Drama,1788.0,"['Comedy', 'Drama']",0.0,0.0,1.0,1.0,1.0,0.0,0.0,0.0,0.0,0.0,0.0,1.0,0.0,1.0,0.0,0.0,0.0,0.0
1969.0,"Nightmare on Elm Street Part 2: Freddy's Revenge, A (1985)",Horror,1789.0,['Horror'],0.0,0.0,1.0,1.0,1.0,0.0,0.0,0.0,0.0,0.0,0.0,1.0,0.0,1.0,0.0,0.0,0.0,0.0
1970.0,"Nightmare on Elm Street 3: Dream Warriors, A (1987)",Horror,1790.0,['Horror'],0.0,0.0,0.0,1.0,1.0,0.0,0.0,0.0,0.0,0.0,0.0,0.0,0.0,0.0,0.0,0.0,0.0,0.0
1971.0,"Nightmare on Elm Street 4: The Dream Master, A (1988)",Horror,1791.0,['Horror'],0.0,0.0,0.0,1.0,0.0,0.0,0.0,0.0,0.0,0.0,0.0,1.0,0.0,0.0,0.0,0.0,0.0,0.0
1972.0,"Nightmare on Elm Street 5: The Dream Child, A (1989)",Horror,1792.0,['Horror'],0.0,0.0,0.0,1.0,0.0,0.0,0.0,0.0,0.0,0.0,0.0,1.0,0.0,0.0,0.0,0.0,0.0,0.0
1973.0,Freddy's Dead: The Final Nightmare (1991),Horror,1793.0,['Horror'],0.0,0.0,1.0,1.0,0.0,0.0,0.0,0.0,0.0,0.0,0.0,0.0,0.0,0.0,0.0,0.0,0.0,0.0
1974.0,Friday the 13th (1980),Horror,1794.0,['Horror'],0.0,0.0,0.0,0.0,0.0,0.0,0.0,1.0,1.0,0.0,0.0,0.0,0.0,0.0,0.0,0.0,0.0,0.0
1975.0,Friday the 13th Part 2 (1981),Horror,1795.0,['Horror'],0.0,0.0,1.0,1.0,0.0,0.0,0.0,0.0,1.0,0.0,0.0,1.0,0.0,0.0,0.0,0.0,0.0,0.0
1976.0,Friday the 13th Part 3: 3D (1982),Horror,1796.0,['Horror'],0.0,1.0,0.0,0.0,1.0,0.0,0.0,0.0,0.0,0.0,0.0,1.0,0.0,0.0,0.0,0.0,0.0,0.0
1977.0,Friday the 13th: The Final Chapter (1984),Horror,1797.0,['Horror'],0.0,0.0,1.0,1.0,0.0,0.0,0.0,0.0,0.0,0.0,0.0,0.0,0.0,0.0,0.0,0.0,0.0,0.0
1978.0,Friday the 13th Part V: A New Beginning (1985),Horror,1798.0,['Horror'],0.0,0.0,1.0,1.0,0.0,0.0,0.0,0.0,0.0,0.0,0.0,0.0,0.0,0.0,0.0,0.0,0.0,0.0
1979.0,Friday the 13th Part VI: Jason Lives (1986),Horror,1799.0,['Horror'],0.0,0.0,0.0,1.0,0.0,0.0,0.0,0.0,0.0,0.0,0.0,0.0,0.0,0.0,1.0,0.0,0.0,0.0
1980.0,Friday the 13th Part VII: The New Blood (1988),Horror,1800.0,['Horror'],0.0,0.0,1.0,1.0,0.0,0.0,0.0,0.0,0.0,0.0,0.0,1.0,0.0,0.0,0.0,0.0,0.0,0.0
1981.0,Friday the 13th Part VIII: Jason Takes Manhattan (1989),Horror,1801.0,['Horror'],0.0,1.0,0.0,1.0,0.0,0.0,0.0,0.0,1.0,0.0,0.0,0.0,0.0,0.0,1.0,0.0,0.0,0.0
1982.0,Halloween (1978),Horror,1802.0,['Horror'],1.0,1.0,0.0,0.0,0.0,0.0,0.0,0.0,0.0,0.0,0.0,0.0,0.0,0.0,1.0,0.0,0.0,0.0
1983.0,Halloween II (1981),Horror,1803.0,['Horror'],0.0,0.0,0.0,1.0,1.0,0.0,0.0,0.0,0.0,0.0,0.0,0.0,0.0,0.0,0.0,0.0,0.0,0.0
1984.0,Halloween III: Season of the Witch (1983),Horror,1804.0,['Horror'],0.0,0.0,1.0,1.0,0.0,0.0,0.0,0.0,0.0,0.0,0.0,1.0,0.0,0.0,0.0,0.0,0.0,0.0
1985.0,Halloween 4: The Return of Michael Myers (1988),Horror,1805.0,['Horror'],0.0,0.0,0.0,1.0,0.0,0.0,0.0,0.0,0.0,0.0,1.0,0.0,0.0,0.0,0.0,0.0,0.0,0.0
1986.0,Halloween 5: The Revenge of Michael Myers (1989),Horror,1806.0,['Horror'],0.0,0.0,0.0,1.0,1.0,0.0,0.0,0.0,0.0,0.0,0.0,0.0,0.0,0.0,0.0,0.0,0.0,0.0
1987.0,Prom Night (1980),Horror,1807.0,['Horror'],0.0,1.0,1.0,1.0,0.0,0.0,0.0,0.0,0.0,0.0,0.0,1.0,0.0,0.0,0.0,0.0,0.0,0.0
1988.0,Hello Mary Lou: Prom Night II (1987),Horror,1808.0,['Horror'],0.0,0.0,0.0,0.0,1.0,0.0,0.0,0.0,1.0,0.0,0.0,0.0,0.0,1.0,0.0,0.0,0.0,0.0
1989.0,Prom Night III: The Last Kiss (1989),Horror,1809.0,['Horror'],0.0,1.0,0.0,0.0,0.0,0.0,0.0,1.0,0.0,0.0,0.0,0.0,0.0,0.0,0.0,0.0,0.0,0.0
1990.0,Prom Night IV: Deliver Us From Evil (1992),Horror,1810.0,['Horror'],0.0,0.0,1.0,1.0,1.0,0.0,0.0,0.0,0.0,0.0,0.0,1.0,0.0,0.0,0.0,0.0,0.0,0.0
1991.0,Child's Play (1988),Horror,1811.0,['Horror'],0.0,1.0,0.0,1.0,0.0,0.0,0.0,0.0,0.0,0.0,0.0,0.0,0.0,0.0,0.0,0.0,0.0,0.0
1992.0,Child's Play 2 (1990),Horror,1812.0,['Horror'],0.0,0.0,0.0,0.0,0.0,0.0,0.0,1.0,0.0,0.0,0.0,0.0,0.0,0.0,0.0,0.0,0.0,0.0
1993.0,Child's Play 3 (1992),Horror,1813.0,['Horror'],1.0,1.0,0.0,0.0,0.0,0.0,0.0,0.0,1.0,0.0,0.0,0.0,0.0,0.0,1.0,0.0,0.0,0.0
1994.0,Poltergeist (1982),Horror|Thriller,1814.0,"['Horror', 'Thriller']",0.0,0.0,0.0,0.0,0.0,0.0,0.0,1.0,0.0,0.0,0.0,0.0,0.0,0.0,0.0,0.0,1.0,0.0
1995.0,Poltergeist II: The Other Side (1986),Horror|Thriller,1815.0,"['Horror', 'Thriller']",0.0,0.0,0.0,0.0,0.0,0.0,0.0,0.0,0.0,0.0,1.0,0.0,0.0,0.0,0.0,1.0,0.0,0.0
1996.0,Poltergeist III (1988),Horror|Thriller,1816.0,"['Horror', 'Thriller']",0.0,0.0,0.0,0.0,1.0,0.0,0.0,0.0,0.0,0.0,0.0,0.0,0.0,1.0,0.0,0.0,0.0,0.0
1997.0,"Exorcist, The (1973)",Horror,1817.0,['Horror'],0.0,0.0,0.0,0.0,1.0,0.0,0.0,0.0,0.0,0.0,0.0,0.0,0.0,0.0,0.0,0.0,0.0,0.0
1998.0,Exorcist II: The Heretic (1977),Horror,1818.0,['Horror'],0.0,0.0,0.0,0.0,1.0,1.0,0.0,0.0,0.0,0.0,0.0,0.0,0.0,0.0,0.0,1.0,0.0,0.0
1999.0,"Exorcist III, The (1990)",Horror,1819.0,['Horror'],0.0,0.0,0.0,0.0,1.0,0.0,0.0,0.0,0.0,0.0,0.0,0.0,0.0,0.0,0.0,0.0,0.0,0.0
2000.0,Lethal Weapon (1987),Action|Comedy|Crime|Drama,1820.0,"['Action', 'Comedy', 'Crime', 'Drama']",0.0,0.0,0.0,0.0,0.0,1.0,0.0,1.0,0.0,0.0,0.0,0.0,0.0,0.0,0.0,0.0,0.0,0.0
2001.0,Lethal Weapon 2 (1989),Action|Comedy|Crime|Drama,1821.0,"['Action', 'Comedy', 'Crime', 'Drama']",0.0,0.0,0.0,0.0,0.0,0.0,0.0,0.0,0.0,0.0,1.0,0.0,0.0,0.0,0.0,1.0,0.0,0.0
2002.0,Lethal Weapon 3 (1992),Action|Comedy|Crime|Drama,1822.0,"['Action', 'Comedy', 'Crime', 'Drama']",0.0,0.0,0.0,0.0,0.0,0.0,0.0,1.0,0.0,0.0,0.0,0.0,0.0,0.0,0.0,0.0,0.0,0.0
2003.0,Gremlins (1984),Comedy|Horror,1823.0,"['Comedy', 'Horror']",1.0,1.0,0.0,0.0,0.0,0.0,0.0,0.0,0.0,0.0,0.0,0.0,0.0,0.0,0.0,0.0,0.0,0.0
2004.0,Gremlins 2: The New Batch (1990),Comedy|Horror,1824.0,"['Comedy', 'Horror']",0.0,1.0,1.0,1.0,0.0,0.0,0.0,0.0,0.0,0.0,0.0,0.0,0.0,0.0,1.0,0.0,0.0,0.0
2005.0,"Goonies, The (1985)",Adventure|Children's|Fantasy,1825.0,"['Adventure', ""Children's"", 'Fantasy']",0.0,0.0,0.0,0.0,0.0,0.0,0.0,1.0,0.0,0.0,0.0,0.0,0.0,0.0,1.0,0.0,0.0,0.0
2006.0,"Mask of Zorro, The (1998)",Action|Adventure|Romance,1826.0,"['Action', 'Adventure', 'Romance']",0.0,0.0,0.0,0.0,0.0,0.0,0.0,0.0,0.0,0.0,1.0,0.0,0.0,0.0,0.0,1.0,0.0,0.0
2007.0,Polish Wedding (1998),Comedy,1827.0,['Comedy'],0.0,0.0,0.0,0.0,0.0,0.0,0.0,0.0,0.0,0.0,1.0,0.0,0.0,0.0,0.0,0.0,0.0,0.0
2008.0,"This World, Then the Fireworks (1996)",Crime|Drama|Film-Noir,1828.0,"['Crime', 'Drama', 'Film-Noir']",0.0,0.0,0.0,0.0,0.0,0.0,0.0,1.0,0.0,0.0,1.0,0.0,0.0,0.0,0.0,0.0,0.0,0.0
2009.0,Soylent Green (1973),Sci-Fi|Thriller,1829.0,"['Sci-Fi', 'Thriller']",0.0,0.0,0.0,0.0,0.0,0.0,0.0,0.0,0.0,0.0,1.0,0.0,0.0,0.0,0.0,1.0,0.0,0.0
2010.0,Metropolis (1926),Sci-Fi,1830.0,['Sci-Fi'],0.0,0.0,0.0,0.0,0.0,0.0,0.0,0.0,0.0,0.0,1.0,0.0,0.0,0.0,0.0,1.0,0.0,0.0
2011.0,Back to the Future Part II (1989),Comedy|Sci-Fi,1831.0,"['Comedy', 'Sci-Fi']",0.0,0.0,1.0,1.0,0.0,0.0,0.0,0.0,0.0,0.0,0.0,0.0,0.0,0.0,0.0,0.0,0.0,0.0
2012.0,Back to the Future Part III (1990),Comedy|Sci-Fi|Western,1832.0,"['Comedy', 'Sci-Fi', 'Western']",0.0,0.0,0.0,0.0,1.0,0.0,0.0,0.0,0.0,0.0,0.0,0.0,0.0,0.0,0.0,0.0,0.0,0.0
2013.0,"Poseidon Adventure, The (1972)",Action|Adventure,1833.0,"['Action', 'Adventure']",0.0,0.0,0.0,0.0,0.0,0.0,0.0,1.0,0.0,0.0,0.0,0.0,0.0,1.0,0.0,0.0,0.0,0.0
2014.0,Freaky Friday (1977),Children's|Comedy,1834.0,"[""Children's"", 'Comedy']",1.0,0.0,0.0,0.0,0.0,1.0,0.0,0.0,0.0,0.0,0.0,0.0,1.0,0.0,0.0,1.0,0.0,0.0
2015.0,"Absent Minded Professor, The (1961)",Children's|Comedy|Fantasy,1835.0,"[""Children's"", 'Comedy', 'Fantasy']",0.0,0.0,0.0,0.0,0.0,0.0,0.0,1.0,0.0,0.0,0.0,0.0,0.0,1.0,0.0,0.0,0.0,0.0
2016.0,"Apple Dumpling Gang Rides Again, The (1979)",Children's|Comedy|Western,1836.0,"[""Children's"", 'Comedy', 'Western']",0.0,0.0,0.0,0.0,1.0,0.0,0.0,0.0,0.0,0.0,0.0,0.0,0.0,0.0,0.0,0.0,0.0,0.0
2017.0,Babes in Toyland (1961),Children's|Fantasy|Musical,1837.0,"[""Children's"", 'Fantasy', 'Musical']",0.0,0.0,0.0,0.0,0.0,0.0,1.0,0.0,0.0,0.0,0.0,0.0,0.0,0.0,0.0,0.0,0.0,0.0
2018.0,Bambi (1942),Animation|Children's,1838.0,"['Animation', ""Children's""]",0.0,0.0,0.0,0.0,0.0,1.0,0.0,1.0,0.0,0.0,0.0,0.0,0.0,1.0,0.0,0.0,0.0,0.0
2019.0,Seven Samurai (The Magnificent Seven) (Shichinin no samurai) (1954),Action|Drama,1839.0,"['Action', 'Drama']",0.0,0.0,0.0,0.0,0.0,0.0,0.0,1.0,0.0,0.0,0.0,0.0,0.0,0.0,0.0,0.0,0.0,0.0
2020.0,Dangerous Liaisons (1988),Drama|Romance,1840.0,"['Drama', 'Romance']",0.0,0.0,0.0,0.0,0.0,0.0,0.0,1.0,0.0,0.0,0.0,0.0,0.0,0.0,0.0,0.0,0.0,0.0
2021.0,Dune (1984),Fantasy|Sci-Fi,1841.0,"['Fantasy', 'Sci-Fi']",0.0,1.0,0.0,0.0,1.0,0.0,0.0,0.0,0.0,0.0,0.0,0.0,0.0,0.0,0.0,0.0,0.0,0.0
2022.0,"Last Temptation of Christ, The (1988)",Drama,1842.0,['Drama'],0.0,0.0,0.0,0.0,1.0,0.0,0.0,0.0,0.0,0.0,0.0,0.0,0.0,0.0,0.0,0.0,0.0,0.0
2023.0,"Godfather: Part III, The (1990)",Action|Crime|Drama,1843.0,"['Action', 'Crime', 'Drama']",0.0,1.0,0.0,0.0,0.0,0.0,0.0,0.0,0.0,0.0,0.0,1.0,0.0,0.0,0.0,0.0,0.0,0.0
2024.0,"Rapture, The (1991)",Drama|Mystery,1844.0,"['Drama', 'Mystery']",0.0,0.0,0.0,0.0,1.0,0.0,0.0,0.0,0.0,0.0,0.0,0.0,0.0,0.0,0.0,0.0,0.0,0.0
2025.0,Lolita (1997),Drama|Romance,1845.0,"['Drama', 'Romance']",0.0,0.0,1.0,1.0,0.0,0.0,0.0,0.0,0.0,0.0,0.0,0.0,0.0,0.0,0.0,0.0,0.0,0.0
2026.0,Disturbing Behavior (1998),Horror|Thriller,1846.0,"['Horror', 'Thriller']",0.0,0.0,1.0,1.0,0.0,0.0,0.0,1.0,1.0,0.0,0.0,0.0,0.0,0.0,0.0,0.0,0.0,0.0
2027.0,Mafia! (1998),Comedy|Crime,1847.0,"['Comedy', 'Crime']",0.0,0.0,1.0,1.0,0.0,0.0,0.0,0.0,0.0,0.0,0.0,0.0,0.0,0.0,0.0,0.0,0.0,0.0
2028.0,Saving Private Ryan (1998),Action|Drama|War,1848.0,"['Action', 'Drama', 'War']",0.0,0.0,0.0,1.0,0.0,0.0,0.0,0.0,1.0,0.0,0.0,0.0,0.0,0.0,1.0,0.0,0.0,0.0
2029.0,Billy's Hollywood Screen Kiss (1997),Comedy|Romance,1849.0,"['Comedy', 'Romance']",0.0,0.0,1.0,1.0,1.0,0.0,0.0,0.0,0.0,0.0,0.0,0.0,0.0,0.0,0.0,0.0,0.0,0.0
2031.0,"$1,000,000 Duck (1971)",Children's|Comedy,1850.0,"[""Children's"", 'Comedy']",0.0,1.0,0.0,0.0,0.0,0.0,0.0,0.0,1.0,0.0,0.0,0.0,0.0,1.0,0.0,0.0,0.0,0.0
2032.0,"Barefoot Executive, The (1971)",Children's|Comedy,1851.0,"[""Children's"", 'Comedy']",0.0,0.0,0.0,0.0,1.0,0.0,0.0,0.0,0.0,0.0,0.0,0.0,0.0,0.0,0.0,0.0,0.0,0.0
2033.0,"Black Cauldron, The (1985)",Animation|Children's,1852.0,"['Animation', ""Children's""]",0.0,0.0,0.0,0.0,1.0,0.0,0.0,1.0,0.0,0.0,0.0,0.0,0.0,1.0,0.0,0.0,0.0,0.0
2034.0,"Black Hole, The (1979)",Sci-Fi,1853.0,['Sci-Fi'],0.0,0.0,0.0,0.0,0.0,0.0,0.0,1.0,0.0,0.0,0.0,0.0,0.0,1.0,0.0,0.0,0.0,0.0
2035.0,Blackbeard's Ghost (1968),Children's|Comedy,1854.0,"[""Children's"", 'Comedy']",0.0,0.0,0.0,0.0,0.0,0.0,0.0,1.0,0.0,0.0,0.0,0.0,0.0,0.0,0.0,0.0,0.0,0.0
2036.0,Blank Check (1994),Children's|Comedy,1855.0,"[""Children's"", 'Comedy']",0.0,0.0,0.0,0.0,1.0,0.0,0.0,0.0,0.0,0.0,1.0,0.0,0.0,0.0,0.0,0.0,0.0,0.0
2037.0,Candleshoe (1977),Adventure|Children's|Comedy,1856.0,"['Adventure', ""Children's"", 'Comedy']",0.0,0.0,0.0,0.0,1.0,0.0,0.0,0.0,0.0,0.0,1.0,0.0,0.0,0.0,0.0,0.0,0.0,0.0
2038.0,"Cat from Outer Space, The (1978)",Children's|Comedy|Sci-Fi,1857.0,"[""Children's"", 'Comedy', 'Sci-Fi']",0.0,0.0,0.0,0.0,1.0,0.0,0.0,0.0,0.0,0.0,0.0,0.0,0.0,0.0,0.0,0.0,0.0,0.0
2039.0,Cheetah (1989),Adventure|Children's,1858.0,"['Adventure', ""Children's""]",0.0,0.0,0.0,0.0,1.0,0.0,0.0,0.0,0.0,0.0,0.0,0.0,0.0,0.0,0.0,0.0,0.0,0.0
2040.0,"Computer Wore Tennis Shoes, The (1970)",Children's|Comedy,1859.0,"[""Children's"", 'Comedy']",0.0,0.0,0.0,1.0,1.0,0.0,0.0,0.0,0.0,0.0,0.0,0.0,0.0,0.0,0.0,0.0,0.0,0.0
2041.0,Condorman (1981),Action|Adventure|Children's|Comedy,1860.0,"['Action', 'Adventure', ""Children's"", 'Comedy']",1.0,1.0,0.0,0.0,0.0,0.0,0.0,0.0,0.0,0.0,0.0,0.0,0.0,0.0,0.0,0.0,0.0,0.0
2042.0,D2: The Mighty Ducks (1994),Children's|Comedy,1861.0,"[""Children's"", 'Comedy']",0.0,0.0,0.0,0.0,0.0,0.0,0.0,1.0,0.0,0.0,0.0,0.0,0.0,1.0,0.0,0.0,0.0,0.0
2043.0,Darby O'Gill and the Little People (1959),Adventure|Children's|Fantasy,1862.0,"['Adventure', ""Children's"", 'Fantasy']",0.0,0.0,0.0,0.0,1.0,0.0,0.0,0.0,0.0,0.0,0.0,0.0,0.0,0.0,0.0,0.0,0.0,0.0
2044.0,"Devil and Max Devlin, The (1981)",Comedy,1863.0,['Comedy'],0.0,0.0,0.0,0.0,1.0,0.0,0.0,1.0,0.0,0.0,0.0,0.0,0.0,0.0,0.0,0.0,0.0,0.0
2045.0,"Far Off Place, A (1993)",Adventure|Children's|Drama|Romance,1864.0,"['Adventure', ""Children's"", 'Drama', 'Romance']",0.0,0.0,0.0,0.0,0.0,0.0,0.0,0.0,0.0,0.0,0.0,0.0,0.0,1.0,0.0,0.0,0.0,0.0
2046.0,Flight of the Navigator (1986),Adventure|Children's|Sci-Fi,1865.0,"['Adventure', ""Children's"", 'Sci-Fi']",0.0,0.0,0.0,0.0,0.0,1.0,0.0,0.0,0.0,0.0,1.0,0.0,0.0,0.0,0.0,0.0,0.0,0.0
2047.0,"Gnome-Mobile, The (1967)",Children's,1866.0,"[""Children's""]",0.0,0.0,0.0,0.0,0.0,1.0,0.0,0.0,0.0,0.0,1.0,0.0,0.0,0.0,0.0,0.0,0.0,0.0
2048.0,"Great Mouse Detective, The (1986)",Animation|Children's,1867.0,"['Animation', ""Children's""]",0.0,0.0,0.0,0.0,0.0,0.0,0.0,0.0,0.0,0.0,1.0,0.0,0.0,0.0,0.0,1.0,0.0,0.0
2049.0,"Happiest Millionaire, The (1967)",Comedy|Musical,1868.0,"['Comedy', 'Musical']",0.0,1.0,0.0,1.0,0.0,0.0,0.0,0.0,1.0,0.0,0.0,0.0,0.0,0.0,0.0,0.0,0.0,0.0
2050.0,Herbie Goes Bananas (1980),Adventure|Children's|Comedy,1869.0,"['Adventure', ""Children's"", 'Comedy']",0.0,1.0,0.0,1.0,0.0,0.0,0.0,0.0,1.0,0.0,0.0,0.0,0.0,0.0,0.0,0.0,0.0,0.0
2051.0,Herbie Goes to Monte Carlo (1977),Adventure|Children's|Comedy,1870.0,"['Adventure', ""Children's"", 'Comedy']",0.0,0.0,0.0,0.0,1.0,0.0,0.0,0.0,0.0,0.0,1.0,0.0,0.0,0.0,0.0,0.0,0.0,0.0
2052.0,Hocus Pocus (1993),Children's|Comedy,1871.0,"[""Children's"", 'Comedy']",0.0,0.0,0.0,0.0,0.0,0.0,0.0,1.0,0.0,0.0,0.0,0.0,0.0,0.0,0.0,0.0,0.0,0.0
2053.0,"Honey, I Blew Up the Kid (1992)",Children's|Comedy|Sci-Fi,1872.0,"[""Children's"", 'Comedy', 'Sci-Fi']",0.0,0.0,0.0,0.0,0.0,0.0,0.0,1.0,0.0,0.0,0.0,0.0,0.0,0.0,0.0,0.0,0.0,0.0
2054.0,"Honey, I Shrunk the Kids (1989)",Adventure|Children's|Comedy|Fantasy|Sci-Fi,1873.0,"['Adventure', ""Children's"", 'Comedy', 'Fantasy', 'Sci-Fi']",0.0,0.0,0.0,0.0,0.0,0.0,0.0,1.0,0.0,0.0,0.0,0.0,0.0,1.0,0.0,0.0,0.0,0.0
2055.0,Hot Lead and Cold Feet (1978),Comedy|Western,1874.0,"['Comedy', 'Western']",1.0,1.0,0.0,0.0,0.0,0.0,0.0,0.0,0.0,0.0,1.0,0.0,0.0,0.0,0.0,0.0,0.0,0.0
2056.0,In Search of the Castaways (1962),Adventure|Children's,1875.0,"['Adventure', ""Children's""]",0.0,0.0,0.0,0.0,0.0,0.0,0.0,1.0,0.0,0.0,0.0,0.0,0.0,1.0,0.0,0.0,0.0,0.0
2057.0,"Incredible Journey, The (1963)",Adventure|Children's,1876.0,"['Adventure', ""Children's""]",0.0,0.0,0.0,0.0,1.0,0.0,0.0,0.0,0.0,0.0,0.0,0.0,0.0,0.0,0.0,0.0,0.0,0.0
2058.0,"Negotiator, The (1998)",Action|Thriller,1877.0,"['Action', 'Thriller']",1.0,0.0,0.0,0.0,1.0,0.0,0.0,0.0,0.0,0.0,0.0,0.0,0.0,0.0,0.0,0.0,0.0,0.0
2059.0,"Parent Trap, The (1998)",Children's|Drama,1878.0,"[""Children's"", 'Drama']",0.0,0.0,0.0,0.0,1.0,0.0,0.0,1.0,0.0,0.0,0.0,0.0,0.0,1.0,0.0,0.0,0.0,0.0
2060.0,BASEketball (1998),Comedy,1879.0,['Comedy'],0.0,0.0,0.0,0.0,1.0,0.0,0.0,0.0,0.0,0.0,0.0,0.0,0.0,0.0,0.0,0.0,0.0,0.0
2061.0,Full Tilt Boogie (1997),Documentary,1880.0,['Documentary'],0.0,1.0,0.0,0.0,0.0,0.0,0.0,0.0,1.0,0.0,0.0,0.0,0.0,0.0,1.0,0.0,0.0,0.0
2062.0,"Governess, The (1998)",Drama|Romance,1881.0,"['Drama', 'Romance']",0.0,0.0,0.0,0.0,1.0,0.0,0.0,0.0,1.0,0.0,0.0,0.0,0.0,0.0,0.0,0.0,0.0,0.0
2063.0,Seventh Heaven (Le Septième ciel) (1997),Drama|Romance,1882.0,"['Drama', 'Romance']",0.0,0.0,0.0,0.0,0.0,0.0,0.0,1.0,0.0,0.0,0.0,0.0,0.0,1.0,0.0,0.0,0.0,0.0
2064.0,Roger & Me (1989),Comedy|Documentary,1883.0,"['Comedy', 'Documentary']",0.0,0.0,0.0,0.0,0.0,0.0,0.0,0.0,0.0,0.0,0.0,0.0,0.0,0.0,0.0,1.0,0.0,0.0
2065.0,"Purple Rose of Cairo, The (1985)",Comedy|Drama|Romance,1884.0,"['Comedy', 'Drama', 'Romance']",0.0,0.0,0.0,0.0,1.0,0.0,0.0,0.0,0.0,0.0,0.0,0.0,0.0,0.0,0.0,1.0,0.0,0.0
2066.0,Out of the Past (1947),Film-Noir,1885.0,['Film-Noir'],0.0,0.0,0.0,0.0,0.0,0.0,0.0,0.0,0.0,0.0,0.0,0.0,0.0,0.0,0.0,1.0,0.0,0.0
2067.0,Doctor Zhivago (1965),Drama|Romance|War,1886.0,"['Drama', 'Romance', 'War']",0.0,0.0,0.0,0.0,0.0,0.0,0.0,0.0,0.0,0.0,0.0,0.0,0.0,0.0,0.0,1.0,0.0,0.0
2068.0,Fanny and Alexander (1982),Drama,1887.0,['Drama'],0.0,0.0,0.0,0.0,0.0,0.0,0.0,0.0,0.0,0.0,0.0,0.0,0.0,0.0,0.0,1.0,0.0,0.0
2069.0,"Trip to Bountiful, The (1985)",Drama,1888.0,['Drama'],0.0,0.0,0.0,0.0,0.0,0.0,0.0,0.0,0.0,0.0,0.0,0.0,0.0,0.0,0.0,1.0,0.0,0.0
2070.0,Tender Mercies (1983),Drama,1889.0,['Drama'],0.0,0.0,0.0,0.0,0.0,0.0,0.0,1.0,0.0,1.0,0.0,0.0,0.0,0.0,0.0,1.0,0.0,0.0
2071.0,And the Band Played On (1993),Drama,1890.0,['Drama'],0.0,0.0,0.0,0.0,0.0,0.0,0.0,0.0,0.0,0.0,0.0,0.0,0.0,0.0,0.0,1.0,0.0,0.0
2072.0,"'burbs, The (1989)",Comedy,1891.0,['Comedy'],0.0,0.0,0.0,0.0,0.0,0.0,0.0,0.0,0.0,0.0,0.0,0.0,1.0,0.0,0.0,1.0,0.0,0.0
2073.0,Fandango (1985),Comedy,1892.0,['Comedy'],0.0,0.0,0.0,0.0,0.0,0.0,0.0,0.0,0.0,0.0,0.0,0.0,0.0,0.0,0.0,1.0,0.0,0.0
2074.0,"Night Porter, The (Il Portiere di notte) (1974)",Drama,1893.0,['Drama'],0.0,0.0,0.0,0.0,0.0,0.0,0.0,0.0,0.0,1.0,0.0,0.0,0.0,0.0,0.0,1.0,0.0,0.0
2075.0,Mephisto (1981),Drama|War,1894.0,"['Drama', 'War']",0.0,0.0,0.0,0.0,0.0,0.0,0.0,0.0,0.0,0.0,0.0,0.0,1.0,0.0,0.0,1.0,0.0,0.0
2076.0,Blue Velvet (1986),Drama|Mystery,1895.0,"['Drama', 'Mystery']",0.0,0.0,0.0,0.0,0.0,0.0,0.0,1.0,0.0,0.0,0.0,0.0,0.0,0.0,0.0,0.0,0.0,0.0
2077.0,"Journey of Natty Gann, The (1985)",Adventure|Children's,1896.0,"['Adventure', ""Children's""]",0.0,0.0,1.0,0.0,0.0,0.0,0.0,0.0,0.0,0.0,0.0,0.0,0.0,0.0,0.0,0.0,0.0,0.0
2078.0,"Jungle Book, The (1967)",Animation|Children's|Comedy|Musical,1897.0,"['Animation', ""Children's"", 'Comedy', 'Musical']",0.0,0.0,0.0,0.0,0.0,0.0,0.0,1.0,0.0,0.0,0.0,0.0,0.0,0.0,0.0,0.0,0.0,0.0
2079.0,Kidnapped (1960),Children's|Drama,1898.0,"[""Children's"", 'Drama']",0.0,0.0,0.0,0.0,1.0,0.0,0.0,0.0,0.0,0.0,0.0,0.0,0.0,0.0,0.0,0.0,0.0,0.0
2080.0,Lady and the Tramp (1955),Animation|Children's|Comedy|Musical|Romance,1899.0,"['Animation', ""Children's"", 'Comedy', 'Musical', 'Romance']",0.0,0.0,0.0,0.0,0.0,0.0,0.0,1.0,0.0,0.0,0.0,0.0,0.0,0.0,0.0,0.0,0.0,0.0
2081.0,"Little Mermaid, The (1989)",Animation|Children's|Comedy|Musical|Romance,1900.0,"['Animation', ""Children's"", 'Comedy', 'Musical', 'Romance']",1.0,1.0,0.0,0.0,0.0,0.0,0.0,0.0,1.0,0.0,0.0,0.0,0.0,0.0,0.0,0.0,0.0,0.0
2082.0,"Mighty Ducks, The (1992)",Children's|Comedy,1901.0,"[""Children's"", 'Comedy']",1.0,0.0,0.0,0.0,0.0,1.0,0.0,1.0,0.0,0.0,0.0,0.0,0.0,0.0,0.0,0.0,0.0,0.0
2083.0,"Muppet Christmas Carol, The (1992)",Children's|Musical,1902.0,"[""Children's"", 'Musical']",0.0,0.0,0.0,0.0,1.0,0.0,0.0,0.0,0.0,0.0,0.0,0.0,0.0,0.0,0.0,0.0,0.0,0.0
2084.0,Newsies (1992),Children's|Musical,1903.0,"[""Children's"", 'Musical']",1.0,0.0,0.0,0.0,0.0,0.0,0.0,0.0,0.0,0.0,0.0,0.0,0.0,0.0,0.0,0.0,0.0,0.0
2085.0,101 Dalmatians (1961),Animation|Children's,1904.0,"['Animation', ""Children's""]",0.0,0.0,0.0,0.0,0.0,0.0,0.0,1.0,0.0,0.0,0.0,0.0,0.0,0.0,0.0,0.0,0.0,0.0
2086.0,One Magic Christmas (1985),Drama|Fantasy,1905.0,"['Drama', 'Fantasy']",0.0,0.0,0.0,0.0,0.0,0.0,1.0,0.0,0.0,0.0,0.0,0.0,0.0,0.0,0.0,0.0,0.0,0.0
2087.0,Peter Pan (1953),Animation|Children's|Fantasy|Musical,1906.0,"['Animation', ""Children's"", 'Fantasy', 'Musical']",0.0,0.0,0.0,0.0,0.0,0.0,0.0,1.0,0.0,0.0,0.0,0.0,0.0,0.0,0.0,0.0,0.0,0.0
2088.0,Popeye (1980),Adventure|Comedy|Musical,1907.0,"['Adventure', 'Comedy', 'Musical']",0.0,0.0,0.0,0.0,0.0,0.0,0.0,1.0,0.0,0.0,0.0,0.0,0.0,0.0,0.0,0.0,0.0,0.0
2089.0,"Rescuers Down Under, The (1990)",Animation|Children's,1908.0,"['Animation', ""Children's""]",0.0,0.0,0.0,0.0,0.0,0.0,0.0,1.0,0.0,0.0,0.0,0.0,0.0,0.0,0.0,1.0,1.0,0.0
2090.0,"Rescuers, The (1977)",Animation|Children's,1909.0,"['Animation', ""Children's""]",0.0,0.0,0.0,0.0,0.0,0.0,0.0,0.0,0.0,1.0,0.0,0.0,0.0,0.0,0.0,1.0,0.0,0.0
2091.0,Return from Witch Mountain (1978),Children's|Sci-Fi,1910.0,"[""Children's"", 'Sci-Fi']",0.0,0.0,0.0,0.0,0.0,0.0,0.0,0.0,0.0,0.0,0.0,0.0,0.0,0.0,0.0,1.0,0.0,0.0
2092.0,"Return of Jafar, The (1993)",Animation|Children's|Musical,1911.0,"['Animation', ""Children's"", 'Musical']",0.0,0.0,0.0,0.0,1.0,0.0,0.0,0.0,0.0,0.0,0.0,0.0,0.0,0.0,0.0,0.0,0.0,0.0
2093.0,Return to Oz (1985),Adventure|Children's|Fantasy|Sci-Fi,1912.0,"['Adventure', ""Children's"", 'Fantasy', 'Sci-Fi']",0.0,0.0,0.0,0.0,0.0,0.0,0.0,0.0,0.0,0.0,0.0,0.0,1.0,0.0,0.0,1.0,0.0,0.0
2094.0,"Rocketeer, The (1991)",Action|Adventure|Sci-Fi,1913.0,"['Action', 'Adventure', 'Sci-Fi']",0.0,0.0,0.0,0.0,0.0,0.0,0.0,1.0,0.0,0.0,0.0,0.0,0.0,0.0,0.0,0.0,0.0,0.0
2095.0,"Shaggy D.A., The (1976)",Children's|Comedy,1914.0,"[""Children's"", 'Comedy']",0.0,0.0,0.0,0.0,1.0,0.0,0.0,0.0,0.0,0.0,0.0,0.0,1.0,1.0,0.0,1.0,0.0,0.0
2096.0,Sleeping Beauty (1959),Animation|Children's|Musical,1915.0,"['Animation', ""Children's"", 'Musical']",0.0,0.0,0.0,0.0,0.0,1.0,0.0,0.0,0.0,0.0,0.0,0.0,0.0,0.0,0.0,1.0,0.0,0.0
2097.0,Something Wicked This Way Comes (1983),Children's|Horror,1916.0,"[""Children's"", 'Horror']",0.0,0.0,0.0,0.0,0.0,0.0,0.0,0.0,0.0,0.0,0.0,0.0,0.0,0.0,0.0,1.0,0.0,0.0
2098.0,Son of Flubber (1963),Children's|Comedy,1917.0,"[""Children's"", 'Comedy']",0.0,0.0,0.0,0.0,0.0,0.0,0.0,0.0,0.0,0.0,0.0,0.0,0.0,0.0,0.0,1.0,0.0,0.0
2099.0,Song of the South (1946),Adventure|Animation|Children's|Musical,1918.0,"['Adventure', 'Animation', ""Children's"", 'Musical']",0.0,0.0,0.0,0.0,0.0,0.0,0.0,0.0,0.0,0.0,0.0,0.0,0.0,0.0,0.0,1.0,0.0,0.0
2100.0,Splash (1984),Comedy|Fantasy|Romance,1919.0,"['Comedy', 'Fantasy', 'Romance']",0.0,0.0,0.0,0.0,1.0,0.0,0.0,0.0,0.0,0.0,0.0,1.0,0.0,0.0,0.0,0.0,0.0,0.0
2101.0,Squanto: A Warrior's Tale (1994),Adventure|Drama,1920.0,"['Adventure', 'Drama']",0.0,0.0,0.0,0.0,0.0,0.0,0.0,0.0,0.0,0.0,0.0,0.0,0.0,0.0,0.0,1.0,0.0,0.0
2102.0,Steamboat Willie (1940),Animation|Children's|Comedy|Musical,1921.0,"['Animation', ""Children's"", 'Comedy', 'Musical']",0.0,0.0,0.0,0.0,1.0,0.0,0.0,0.0,0.0,0.0,0.0,0.0,0.0,1.0,0.0,0.0,0.0,0.0
2103.0,Tall Tale (1994),Adventure|Children's,1922.0,"['Adventure', ""Children's""]",0.0,0.0,0.0,0.0,1.0,0.0,0.0,0.0,0.0,0.0,0.0,1.0,0.0,0.0,0.0,0.0,0.0,0.0
2104.0,Tex (1982),Drama,1923.0,['Drama'],0.0,0.0,0.0,0.0,0.0,0.0,0.0,1.0,0.0,0.0,0.0,0.0,0.0,0.0,0.0,0.0,0.0,0.0
2105.0,Tron (1982),Action|Adventure|Fantasy|Sci-Fi,1924.0,"['Action', 'Adventure', 'Fantasy', 'Sci-Fi']",0.0,0.0,0.0,0.0,0.0,0.0,0.0,0.0,0.0,0.0,0.0,0.0,1.0,0.0,0.0,1.0,0.0,0.0
2106.0,Swing Kids (1993),Drama|War,1925.0,"['Drama', 'War']",0.0,0.0,0.0,0.0,0.0,0.0,0.0,0.0,0.0,0.0,0.0,0.0,0.0,0.0,0.0,1.0,0.0,0.0
2107.0,Halloween: H20 (1998),Horror|Thriller,1926.0,"['Horror', 'Thriller']",0.0,0.0,0.0,0.0,1.0,0.0,0.0,0.0,0.0,0.0,0.0,0.0,0.0,0.0,0.0,0.0,0.0,0.0
2108.0,L.A. Story (1991),Comedy|Romance,1927.0,"['Comedy', 'Romance']",0.0,0.0,0.0,0.0,0.0,0.0,0.0,1.0,0.0,0.0,0.0,0.0,0.0,0.0,0.0,0.0,0.0,0.0
2109.0,"Jerk, The (1979)",Comedy,1928.0,['Comedy'],0.0,0.0,0.0,0.0,0.0,0.0,0.0,0.0,0.0,0.0,0.0,0.0,0.0,0.0,0.0,1.0,0.0,0.0
2110.0,Dead Men Don't Wear Plaid (1982),Comedy|Crime|Thriller,1929.0,"['Comedy', 'Crime', 'Thriller']",0.0,0.0,0.0,0.0,0.0,1.0,0.0,1.0,0.0,0.0,0.0,0.0,0.0,0.0,0.0,0.0,0.0,0.0
2111.0,"Man with Two Brains, The (1983)",Comedy,1930.0,['Comedy'],0.0,0.0,0.0,0.0,0.0,0.0,0.0,0.0,0.0,0.0,0.0,0.0,0.0,0.0,1.0,1.0,0.0,0.0
2112.0,Grand Canyon (1991),Crime|Drama,1931.0,"['Crime', 'Drama']",0.0,0.0,0.0,0.0,0.0,0.0,0.0,1.0,0.0,0.0,0.0,0.0,0.0,0.0,0.0,0.0,0.0,0.0
2113.0,Graveyard Shift (1990),Horror|Thriller,1932.0,"['Horror', 'Thriller']",0.0,0.0,0.0,0.0,0.0,0.0,0.0,1.0,0.0,0.0,0.0,0.0,0.0,0.0,0.0,0.0,0.0,0.0
2114.0,"Outsiders, The (1983)",Drama,1933.0,['Drama'],0.0,0.0,0.0,0.0,0.0,0.0,0.0,1.0,0.0,0.0,0.0,0.0,0.0,0.0,0.0,0.0,1.0,0.0
2115.0,Indiana Jones and the Temple of Doom (1984),Action|Adventure,1934.0,"['Action', 'Adventure']",0.0,0.0,0.0,0.0,0.0,0.0,0.0,1.0,0.0,0.0,0.0,0.0,0.0,0.0,0.0,0.0,0.0,0.0
2116.0,"Lord of the Rings, The (1978)",Adventure|Animation|Children's|Sci-Fi,1935.0,"['Adventure', 'Animation', ""Children's"", 'Sci-Fi']",0.0,0.0,0.0,0.0,0.0,0.0,0.0,1.0,0.0,0.0,0.0,0.0,0.0,0.0,0.0,0.0,0.0,0.0
2117.0,Nineteen Eighty-Four (1984),Drama|Sci-Fi,1936.0,"['Drama', 'Sci-Fi']",0.0,0.0,0.0,0.0,1.0,0.0,0.0,1.0,0.0,0.0,0.0,0.0,0.0,0.0,0.0,0.0,0.0,0.0
2118.0,"Dead Zone, The (1983)",Horror|Thriller,1937.0,"['Horror', 'Thriller']",0.0,0.0,0.0,0.0,1.0,0.0,0.0,1.0,0.0,0.0,0.0,0.0,0.0,0.0,0.0,0.0,0.0,0.0
2119.0,Maximum Overdrive (1986),Horror,1938.0,['Horror'],0.0,0.0,0.0,0.0,0.0,0.0,0.0,1.0,0.0,0.0,0.0,0.0,0.0,0.0,0.0,0.0,0.0,0.0
2120.0,Needful Things (1993),Drama|Horror,1939.0,"['Drama', 'Horror']",0.0,0.0,0.0,0.0,1.0,0.0,0.0,0.0,0.0,0.0,0.0,0.0,0.0,0.0,0.0,0.0,0.0,0.0
2121.0,Cujo (1983),Horror|Thriller,1940.0,"['Horror', 'Thriller']",0.0,0.0,0.0,0.0,0.0,0.0,0.0,1.0,0.0,0.0,0.0,0.0,0.0,0.0,0.0,0.0,0.0,0.0
2122.0,Children of the Corn (1984),Horror|Thriller,1941.0,"['Horror', 'Thriller']",0.0,0.0,0.0,0.0,1.0,0.0,0.0,1.0,0.0,0.0,0.0,0.0,0.0,1.0,0.0,0.0,0.0,0.0
2123.0,All Dogs Go to Heaven (1989),Animation|Children's,1942.0,"['Animation', ""Children's""]",0.0,0.0,0.0,0.0,1.0,0.0,0.0,0.0,0.0,0.0,0.0,0.0,0.0,1.0,0.0,0.0,0.0,0.0
2124.0,"Addams Family, The (1991)",Comedy,1943.0,['Comedy'],0.0,0.0,0.0,0.0,1.0,0.0,0.0,1.0,0.0,0.0,0.0,0.0,0.0,0.0,0.0,0.0,0.0,0.0
2125.0,Ever After: A Cinderella Story (1998),Drama|Romance,1944.0,"['Drama', 'Romance']",0.0,0.0,0.0,0.0,1.0,0.0,0.0,0.0,0.0,0.0,0.0,0.0,0.0,0.0,0.0,0.0,0.0,0.0
2126.0,Snake Eyes (1998),Action|Crime|Mystery|Thriller,1945.0,"['Action', 'Crime', 'Mystery', 'Thriller']",0.0,0.0,0.0,0.0,1.0,0.0,0.0,0.0,0.0,0.0,0.0,0.0,0.0,0.0,0.0,0.0,0.0,0.0
2127.0,"First Love, Last Rites (1997)",Drama|Romance,1946.0,"['Drama', 'Romance']",0.0,0.0,0.0,0.0,1.0,0.0,0.0,1.0,0.0,0.0,0.0,0.0,0.0,1.0,0.0,0.0,0.0,0.0
2128.0,Safe Men (1998),Comedy,1947.0,['Comedy'],0.0,0.0,0.0,0.0,1.0,0.0,0.0,0.0,0.0,0.0,0.0,0.0,0.0,0.0,0.0,0.0,0.0,0.0
2129.0,"Saltmen of Tibet, The (1997)",Documentary,1948.0,['Documentary'],0.0,0.0,0.0,0.0,0.0,0.0,0.0,1.0,0.0,0.0,0.0,0.0,0.0,0.0,0.0,0.0,0.0,0.0
2130.0,Atlantic City (1980),Crime|Drama|Romance,1949.0,"['Crime', 'Drama', 'Romance']",0.0,0.0,0.0,0.0,1.0,0.0,0.0,0.0,0.0,0.0,0.0,0.0,0.0,0.0,0.0,0.0,0.0,0.0
2131.0,Autumn Sonata (Höstsonaten ) (1978),Drama,1950.0,['Drama'],0.0,0.0,0.0,0.0,1.0,0.0,0.0,1.0,0.0,0.0,0.0,0.0,0.0,0.0,0.0,0.0,0.0,0.0
2132.0,Who's Afraid of Virginia Woolf? (1966),Drama,1951.0,['Drama'],1.0,0.0,0.0,0.0,1.0,0.0,0.0,0.0,1.0,0.0,0.0,0.0,0.0,0.0,0.0,0.0,0.0,0.0
2133.0,Adventures in Babysitting (1987),Adventure|Comedy,1952.0,"['Adventure', 'Comedy']",0.0,0.0,0.0,0.0,0.0,0.0,0.0,1.0,0.0,0.0,0.0,0.0,0.0,0.0,0.0,0.0,0.0,0.0
2134.0,Weird Science (1985),Comedy,1953.0,['Comedy'],0.0,0.0,0.0,0.0,1.0,0.0,0.0,0.0,0.0,0.0,0.0,0.0,0.0,0.0,0.0,0.0,0.0,0.0
2135.0,Doctor Dolittle (1967),Adventure|Musical,1954.0,"['Adventure', 'Musical']",0.0,0.0,0.0,0.0,0.0,0.0,0.0,0.0,0.0,0.0,1.0,0.0,0.0,0.0,1.0,0.0,0.0,0.0
2136.0,"Nutty Professor, The (1963)",Comedy,1955.0,['Comedy'],0.0,0.0,0.0,0.0,1.0,0.0,0.0,0.0,0.0,0.0,0.0,0.0,0.0,1.0,0.0,0.0,0.0,0.0
2137.0,Charlotte's Web (1973),Animation|Children's,1956.0,"['Animation', ""Children's""]",1.0,0.0,0.0,0.0,0.0,0.0,0.0,0.0,0.0,0.0,0.0,0.0,0.0,0.0,0.0,0.0,0.0,0.0
2138.0,Watership Down (1978),Animation|Children's|Drama|Fantasy,1957.0,"['Animation', ""Children's"", 'Drama', 'Fantasy']",0.0,0.0,0.0,0.0,1.0,0.0,0.0,0.0,0.0,0.0,0.0,0.0,0.0,1.0,0.0,0.0,0.0,0.0
2139.0,"Secret of NIMH, The (1982)",Animation|Children's,1958.0,"['Animation', ""Children's""]",1.0,0.0,0.0,0.0,0.0,1.0,0.0,0.0,0.0,0.0,0.0,0.0,0.0,0.0,0.0,0.0,0.0,0.0
2140.0,"Dark Crystal, The (1982)",Children's|Fantasy|Sci-Fi,1959.0,"[""Children's"", 'Fantasy', 'Sci-Fi']",0.0,0.0,0.0,0.0,1.0,0.0,0.0,0.0,0.0,0.0,0.0,0.0,0.0,0.0,0.0,0.0,0.0,0.0
2141.0,"American Tail, An (1986)",Animation|Children's|Comedy,1960.0,"['Animation', ""Children's"", 'Comedy']",0.0,0.0,0.0,0.0,1.0,0.0,0.0,1.0,0.0,0.0,0.0,0.0,0.0,1.0,0.0,0.0,0.0,0.0
2142.0,"American Tail: Fievel Goes West, An (1991)",Animation|Children's|Comedy,1961.0,"['Animation', ""Children's"", 'Comedy']",0.0,0.0,0.0,0.0,0.0,0.0,0.0,0.0,0.0,0.0,0.0,0.0,0.0,0.0,0.0,1.0,0.0,0.0
2143.0,Legend (1985),Adventure|Fantasy|Romance,1962.0,"['Adventure', 'Fantasy', 'Romance']",0.0,0.0,0.0,0.0,0.0,0.0,0.0,1.0,0.0,0.0,0.0,0.0,0.0,0.0,0.0,0.0,0.0,0.0
2144.0,Sixteen Candles (1984),Comedy,1963.0,['Comedy'],0.0,1.0,0.0,0.0,1.0,0.0,0.0,0.0,0.0,0.0,0.0,0.0,0.0,0.0,0.0,0.0,0.0,0.0
2145.0,Pretty in Pink (1986),Comedy|Drama|Romance,1964.0,"['Comedy', 'Drama', 'Romance']",0.0,0.0,0.0,0.0,1.0,0.0,0.0,0.0,0.0,0.0,0.0,0.0,0.0,1.0,0.0,0.0,0.0,0.0
2146.0,St. Elmo's Fire (1985),Drama|Romance,1965.0,"['Drama', 'Romance']",0.0,0.0,0.0,0.0,0.0,0.0,0.0,0.0,0.0,0.0,0.0,0.0,1.0,0.0,0.0,1.0,0.0,0.0
2147.0,"Clan of the Cave Bear, The (1986)",Drama,1966.0,['Drama'],0.0,0.0,0.0,0.0,0.0,1.0,0.0,1.0,0.0,0.0,0.0,0.0,0.0,0.0,0.0,0.0,0.0,0.0
2148.0,House (1986),Comedy|Horror,1967.0,"['Comedy', 'Horror']",0.0,0.0,0.0,0.0,0.0,0.0,0.0,1.0,0.0,0.0,0.0,0.0,0.0,0.0,0.0,0.0,0.0,0.0
2149.0,House II: The Second Story (1987),Comedy|Horror,1968.0,"['Comedy', 'Horror']",0.0,0.0,0.0,0.0,0.0,0.0,0.0,1.0,0.0,0.0,0.0,0.0,0.0,0.0,0.0,0.0,0.0,0.0
2150.0,"Gods Must Be Crazy, The (1980)",Comedy,1969.0,['Comedy'],0.0,0.0,0.0,0.0,0.0,0.0,0.0,1.0,0.0,0.0,0.0,0.0,0.0,0.0,0.0,0.0,0.0,0.0
2151.0,"Gods Must Be Crazy II, The (1989)",Comedy,1970.0,['Comedy'],1.0,0.0,0.0,0.0,0.0,0.0,0.0,0.0,0.0,0.0,0.0,0.0,0.0,0.0,0.0,1.0,0.0,0.0
2152.0,Air Bud: Golden Receiver (1998),Children's|Comedy,1971.0,"[""Children's"", 'Comedy']",1.0,1.0,0.0,0.0,0.0,0.0,0.0,0.0,0.0,0.0,0.0,0.0,0.0,0.0,1.0,0.0,0.0,0.0
2153.0,"Avengers, The (1998)",Action|Adventure,1972.0,"['Action', 'Adventure']",0.0,0.0,0.0,0.0,0.0,0.0,0.0,1.0,0.0,0.0,0.0,0.0,0.0,0.0,0.0,0.0,0.0,0.0
2154.0,How Stella Got Her Groove Back (1998),Drama|Romance,1973.0,"['Drama', 'Romance']",0.0,0.0,0.0,0.0,0.0,0.0,0.0,1.0,0.0,0.0,0.0,0.0,0.0,0.0,0.0,0.0,0.0,0.0
2155.0,"Slums of Beverly Hills, The (1998)",Comedy,1974.0,['Comedy'],1.0,0.0,0.0,0.0,0.0,1.0,0.0,0.0,0.0,0.0,0.0,0.0,0.0,0.0,0.0,1.0,0.0,0.0
2156.0,"Best Man, The (Il Testimone dello sposo) (1997)",Comedy|Drama,1975.0,"['Comedy', 'Drama']",0.0,0.0,0.0,0.0,0.0,0.0,0.0,0.0,0.0,0.0,1.0,0.0,0.0,0.0,0.0,1.0,0.0,0.0
2157.0,"Chambermaid on the Titanic, The (1998)",Romance,1976.0,['Romance'],0.0,0.0,0.0,0.0,0.0,1.0,0.0,0.0,0.0,0.0,0.0,0.0,0.0,0.0,0.0,0.0,0.0,0.0
2158.0,"Henry: Portrait of a Serial Killer, Part 2 (1996)",Crime|Horror,1977.0,"['Crime', 'Horror']",0.0,0.0,0.0,0.0,0.0,1.0,0.0,0.0,0.0,0.0,0.0,0.0,0.0,0.0,0.0,0.0,0.0,0.0
2159.0,Henry: Portrait of a Serial Killer (1990),Crime|Horror,1978.0,"['Crime', 'Horror']",0.0,0.0,0.0,0.0,1.0,0.0,0.0,1.0,0.0,0.0,0.0,0.0,0.0,0.0,0.0,0.0,0.0,0.0
2160.0,Rosemary's Baby (1968),Horror|Thriller,1979.0,"['Horror', 'Thriller']",0.0,0.0,0.0,0.0,0.0,0.0,0.0,1.0,0.0,0.0,0.0,0.0,0.0,0.0,0.0,0.0,0.0,0.0
2161.0,"NeverEnding Story, The (1984)",Adventure|Children's|Fantasy,1980.0,"['Adventure', ""Children's"", 'Fantasy']",0.0,0.0,0.0,0.0,0.0,0.0,0.0,1.0,0.0,0.0,0.0,0.0,0.0,0.0,0.0,0.0,0.0,0.0
2162.0,"NeverEnding Story II: The Next Chapter, The (1990)",Adventure|Children's|Fantasy,1981.0,"['Adventure', ""Children's"", 'Fantasy']",0.0,0.0,0.0,0.0,0.0,0.0,0.0,1.0,0.0,0.0,0.0,0.0,0.0,0.0,0.0,0.0,0.0,0.0
2163.0,Attack of the Killer Tomatoes! (1980),Comedy|Horror,1982.0,"['Comedy', 'Horror']",0.0,0.0,0.0,0.0,1.0,0.0,0.0,0.0,0.0,0.0,0.0,0.0,0.0,0.0,0.0,0.0,0.0,0.0
2164.0,Surf Nazis Must Die (1987),Drama,1983.0,['Drama'],0.0,0.0,0.0,0.0,0.0,0.0,0.0,0.0,0.0,0.0,0.0,0.0,0.0,0.0,1.0,1.0,1.0,0.0
2165.0,Your Friends and Neighbors (1998),Drama,1984.0,['Drama'],1.0,0.0,0.0,0.0,0.0,0.0,0.0,0.0,0.0,0.0,1.0,0.0,0.0,0.0,1.0,1.0,0.0,0.0
2166.0,Return to Paradise (1998),Drama|Romance,1985.0,"['Drama', 'Romance']",0.0,0.0,0.0,0.0,1.0,0.0,0.0,1.0,0.0,0.0,0.0,0.0,0.0,0.0,0.0,0.0,0.0,0.0
2167.0,Blade (1998),Action|Adventure|Horror,1986.0,"['Action', 'Adventure', 'Horror']",0.0,0.0,0.0,0.0,1.0,0.0,0.0,1.0,0.0,0.0,0.0,0.0,0.0,0.0,0.0,0.0,0.0,0.0
2168.0,Dance with Me (1998),Drama|Romance,1987.0,"['Drama', 'Romance']",0.0,0.0,0.0,0.0,0.0,0.0,0.0,1.0,0.0,0.0,0.0,0.0,0.0,1.0,0.0,0.0,0.0,0.0
2169.0,Dead Man on Campus (1998),Comedy,1988.0,['Comedy'],0.0,0.0,0.0,0.0,0.0,0.0,0.0,0.0,0.0,0.0,0.0,0.0,0.0,1.0,0.0,0.0,0.0,0.0
2170.0,Wrongfully Accused (1998),Action|Comedy,1989.0,"['Action', 'Comedy']",0.0,0.0,0.0,0.0,0.0,0.0,0.0,1.0,0.0,0.0,0.0,0.0,0.0,0.0,0.0,0.0,0.0,0.0
2171.0,"Next Stop, Wonderland (1998)",Comedy|Drama|Romance,1990.0,"['Comedy', 'Drama', 'Romance']",0.0,0.0,1.0,1.0,0.0,0.0,0.0,0.0,0.0,0.0,0.0,0.0,0.0,0.0,0.0,0.0,0.0,0.0
2172.0,"Strike! (a.k.a. All I Wanna Do, The Hairy Bird) (1998)",Comedy,1991.0,['Comedy'],0.0,0.0,0.0,0.0,1.0,0.0,0.0,0.0,0.0,0.0,0.0,0.0,0.0,0.0,0.0,0.0,0.0,0.0
2173.0,"Navigator: A Mediaeval Odyssey, The (1988)",Adventure|Fantasy|Sci-Fi,1992.0,"['Adventure', 'Fantasy', 'Sci-Fi']",0.0,0.0,0.0,0.0,1.0,0.0,0.0,0.0,0.0,0.0,0.0,0.0,0.0,0.0,0.0,0.0,0.0,0.0
2174.0,Beetlejuice (1988),Comedy|Fantasy,1993.0,"['Comedy', 'Fantasy']",0.0,0.0,0.0,0.0,0.0,0.0,0.0,1.0,0.0,0.0,0.0,0.0,0.0,1.0,0.0,0.0,0.0,0.0
2175.0,Déjà Vu (1997),Drama|Romance,1994.0,"['Drama', 'Romance']",0.0,0.0,0.0,0.0,0.0,0.0,0.0,0.0,0.0,0.0,0.0,0.0,0.0,0.0,0.0,1.0,0.0,0.0
2176.0,Rope (1948),Thriller,1995.0,['Thriller'],0.0,0.0,0.0,0.0,1.0,0.0,0.0,0.0,0.0,0.0,0.0,0.0,0.0,0.0,0.0,0.0,0.0,0.0
2177.0,Family Plot (1976),Comedy|Thriller,1996.0,"['Comedy', 'Thriller']",0.0,0.0,0.0,0.0,1.0,0.0,0.0,0.0,0.0,0.0,0.0,1.0,0.0,0.0,0.0,0.0,0.0,0.0
2178.0,Frenzy (1972),Thriller,1997.0,['Thriller'],0.0,0.0,0.0,0.0,1.0,0.0,0.0,0.0,0.0,0.0,0.0,0.0,0.0,0.0,0.0,0.0,0.0,0.0
2179.0,Topaz (1969),Thriller,1998.0,['Thriller'],0.0,0.0,0.0,0.0,1.0,0.0,0.0,0.0,0.0,0.0,0.0,0.0,0.0,0.0,0.0,0.0,0.0,0.0
2180.0,Torn Curtain (1966),Thriller,1999.0,['Thriller'],0.0,0.0,0.0,0.0,0.0,0.0,0.0,1.0,0.0,0.0,0.0,1.0,0.0,0.0,0.0,0.0,0.0,0.0
2181.0,Marnie (1964),Thriller,2000.0,['Thriller'],0.0,0.0,0.0,0.0,0.0,0.0,0.0,1.0,0.0,0.0,0.0,0.0,0.0,0.0,0.0,0.0,0.0,0.0
2182.0,"Wrong Man, The (1956)",Drama|Film-Noir|Thriller,2001.0,"['Drama', 'Film-Noir', 'Thriller']",0.0,0.0,0.0,0.0,0.0,0.0,0.0,1.0,0.0,0.0,0.0,0.0,0.0,0.0,0.0,0.0,0.0,0.0
2183.0,"Man Who Knew Too Much, The (1956)",Thriller,2002.0,['Thriller'],0.0,0.0,0.0,0.0,1.0,0.0,0.0,0.0,0.0,0.0,0.0,0.0,0.0,0.0,0.0,0.0,0.0,0.0
2184.0,"Trouble with Harry, The (1955)",Mystery|Thriller,2003.0,"['Mystery', 'Thriller']",1.0,0.0,0.0,0.0,0.0,0.0,0.0,1.0,0.0,0.0,0.0,0.0,0.0,0.0,0.0,0.0,0.0,0.0
2185.0,I Confess (1953),Thriller,2004.0,['Thriller'],1.0,0.0,0.0,0.0,0.0,1.0,0.0,0.0,0.0,0.0,0.0,0.0,0.0,0.0,0.0,0.0,0.0,0.0
2186.0,Strangers on a Train (1951),Film-Noir|Thriller,2005.0,"['Film-Noir', 'Thriller']",0.0,0.0,0.0,0.0,0.0,0.0,0.0,1.0,0.0,0.0,0.0,0.0,0.0,0.0,0.0,0.0,0.0,0.0
2187.0,Stage Fright (1950),Mystery|Thriller,2006.0,"['Mystery', 'Thriller']",0.0,0.0,0.0,0.0,0.0,0.0,0.0,1.0,0.0,0.0,0.0,0.0,0.0,0.0,0.0,0.0,0.0,0.0
2188.0,54 (1998),Drama,2007.0,['Drama'],0.0,0.0,0.0,0.0,0.0,0.0,0.0,0.0,0.0,0.0,0.0,0.0,1.0,0.0,1.0,0.0,0.0,0.0
2189.0,I Married A Strange Person (1997),Animation,2008.0,['Animation'],0.0,0.0,0.0,0.0,0.0,0.0,0.0,1.0,0.0,0.0,0.0,0.0,0.0,0.0,0.0,0.0,0.0,0.0
2190.0,Why Do Fools Fall In Love? (1998),Drama,2009.0,['Drama'],0.0,0.0,0.0,0.0,0.0,0.0,0.0,1.0,0.0,0.0,0.0,0.0,0.0,0.0,0.0,0.0,0.0,0.0
2191.0,"Merry War, A (1997)",Comedy,2010.0,['Comedy'],0.0,0.0,0.0,0.0,0.0,0.0,0.0,1.0,0.0,0.0,0.0,0.0,0.0,0.0,0.0,0.0,0.0,0.0
2192.0,See the Sea (Regarde la mer) (1997),Drama,2011.0,['Drama'],0.0,0.0,0.0,0.0,0.0,0.0,0.0,0.0,0.0,0.0,1.0,0.0,0.0,0.0,0.0,1.0,0.0,0.0
2193.0,Willow (1988),Action|Adventure|Fantasy,2012.0,"['Action', 'Adventure', 'Fantasy']",0.0,0.0,0.0,0.0,0.0,0.0,0.0,1.0,0.0,0.0,0.0,0.0,0.0,1.0,0.0,0.0,0.0,0.0
2194.0,"Untouchables, The (1987)",Action|Crime|Drama,2013.0,"['Action', 'Crime', 'Drama']",0.0,0.0,0.0,0.0,1.0,0.0,0.0,0.0,0.0,0.0,0.0,0.0,0.0,0.0,0.0,0.0,0.0,0.0
2195.0,Dirty Work (1998),Comedy,2014.0,['Comedy'],0.0,0.0,0.0,0.0,1.0,0.0,0.0,0.0,0.0,0.0,0.0,0.0,0.0,0.0,0.0,0.0,0.0,0.0
2196.0,Knock Off (1998),Action,2015.0,['Action'],0.0,0.0,0.0,0.0,0.0,0.0,0.0,1.0,0.0,0.0,0.0,0.0,0.0,0.0,0.0,1.0,0.0,0.0
2197.0,Firelight (1997),Drama,2016.0,['Drama'],0.0,0.0,0.0,0.0,1.0,0.0,0.0,0.0,0.0,0.0,0.0,0.0,0.0,0.0,0.0,0.0,0.0,0.0
2198.0,Modulations (1998),Documentary,2017.0,['Documentary'],1.0,1.0,0.0,0.0,0.0,0.0,0.0,0.0,0.0,0.0,0.0,0.0,0.0,0.0,1.0,1.0,1.0,0.0
2200.0,Under Capricorn (1949),Drama,2018.0,['Drama'],0.0,0.0,0.0,0.0,1.0,0.0,0.0,1.0,0.0,0.0,0.0,0.0,0.0,0.0,0.0,0.0,0.0,0.0
2201.0,"Paradine Case, The (1947)",Drama,2019.0,['Drama'],0.0,0.0,0.0,0.0,1.0,0.0,0.0,0.0,0.0,0.0,0.0,0.0,0.0,0.0,0.0,0.0,0.0,0.0
2202.0,Lifeboat (1944),Drama|Thriller|War,2020.0,"['Drama', 'Thriller', 'War']",0.0,0.0,0.0,0.0,0.0,0.0,0.0,1.0,0.0,0.0,0.0,0.0,0.0,0.0,0.0,1.0,0.0,0.0
2203.0,Shadow of a Doubt (1943),Film-Noir|Thriller,2021.0,"['Film-Noir', 'Thriller']",0.0,0.0,0.0,0.0,0.0,0.0,0.0,0.0,0.0,0.0,1.0,0.0,0.0,0.0,0.0,0.0,0.0,0.0
2204.0,Saboteur (1942),Thriller,2022.0,['Thriller'],0.0,0.0,0.0,0.0,0.0,0.0,0.0,0.0,0.0,0.0,1.0,0.0,0.0,0.0,0.0,0.0,0.0,0.0
2205.0,Mr. & Mrs. Smith (1941),Comedy,2023.0,['Comedy'],0.0,0.0,0.0,0.0,0.0,0.0,0.0,1.0,0.0,0.0,0.0,0.0,0.0,0.0,0.0,0.0,0.0,0.0
2206.0,Suspicion (1941),Mystery|Thriller,2024.0,"['Mystery', 'Thriller']",0.0,0.0,0.0,0.0,0.0,0.0,1.0,0.0,0.0,0.0,0.0,0.0,0.0,0.0,0.0,0.0,0.0,0.0
2207.0,Jamaica Inn (1939),Drama,2025.0,['Drama'],0.0,0.0,0.0,0.0,1.0,0.0,0.0,0.0,0.0,0.0,0.0,0.0,0.0,1.0,0.0,0.0,0.0,0.0
2208.0,"Lady Vanishes, The (1938)",Comedy|Mystery|Romance|Thriller,2026.0,"['Comedy', 'Mystery', 'Romance', 'Thriller']",0.0,0.0,0.0,0.0,0.0,1.0,0.0,1.0,0.0,0.0,0.0,0.0,0.0,0.0,0.0,0.0,0.0,0.0
2209.0,Young and Innocent (1937),Crime|Thriller,2027.0,"['Crime', 'Thriller']",0.0,0.0,0.0,0.0,0.0,0.0,0.0,1.0,0.0,0.0,0.0,0.0,0.0,0.0,0.0,0.0,0.0,0.0
2210.0,Sabotage (1936),Thriller,2028.0,['Thriller'],1.0,0.0,0.0,0.0,0.0,0.0,0.0,0.0,0.0,0.0,0.0,0.0,0.0,0.0,0.0,1.0,0.0,0.0
2211.0,Secret Agent (1936),Thriller,2029.0,['Thriller'],0.0,0.0,0.0,0.0,1.0,0.0,0.0,0.0,0.0,0.0,0.0,0.0,0.0,0.0,0.0,0.0,0.0,0.0
2212.0,"Man Who Knew Too Much, The (1934)",Thriller,2030.0,['Thriller'],0.0,0.0,0.0,0.0,0.0,0.0,0.0,1.0,0.0,0.0,0.0,0.0,0.0,0.0,0.0,0.0,0.0,0.0
2213.0,Waltzes from Vienna (1933),Comedy|Musical,2031.0,"['Comedy', 'Musical']",0.0,0.0,0.0,0.0,0.0,0.0,0.0,1.0,0.0,0.0,0.0,0.0,0.0,0.0,0.0,0.0,0.0,0.0
2214.0,Number Seventeen (1932),Thriller,2032.0,['Thriller'],0.0,0.0,0.0,0.0,0.0,0.0,0.0,0.0,0.0,0.0,1.0,0.0,1.0,0.0,0.0,1.0,0.0,0.0
2215.0,Rich and Strange (1932),Comedy|Romance,2033.0,"['Comedy', 'Romance']",0.0,0.0,0.0,0.0,1.0,0.0,0.0,0.0,0.0,0.0,0.0,0.0,0.0,1.0,0.0,0.0,0.0,0.0
2217.0,Elstree Calling (1930),Comedy|Musical,2034.0,"['Comedy', 'Musical']",0.0,0.0,0.0,0.0,0.0,0.0,0.0,1.0,0.0,0.0,0.0,0.0,0.0,0.0,0.0,0.0,0.0,0.0
2218.0,Juno and Paycock (1930),Drama,2035.0,['Drama'],0.0,0.0,0.0,0.0,1.0,0.0,0.0,0.0,0.0,0.0,0.0,0.0,0.0,0.0,0.0,0.0,0.0,0.0
2219.0,Murder! (1930),Mystery|Thriller,2036.0,"['Mystery', 'Thriller']",0.0,0.0,0.0,0.0,0.0,0.0,0.0,1.0,0.0,0.0,0.0,0.0,0.0,0.0,0.0,0.0,0.0,0.0
2221.0,Blackmail (1929),Thriller,2037.0,['Thriller'],0.0,0.0,0.0,0.0,0.0,0.0,0.0,1.0,0.0,0.0,0.0,0.0,0.0,0.0,0.0,0.0,0.0,0.0
2223.0,"Farmer's Wife, The (1928)",Comedy,2038.0,['Comedy'],1.0,0.0,0.0,0.0,0.0,0.0,0.0,0.0,0.0,0.0,0.0,0.0,0.0,0.0,0.0,0.0,0.0,0.0
2226.0,"Ring, The (1927)",Drama,2039.0,['Drama'],0.0,0.0,0.0,0.0,1.0,0.0,0.0,0.0,0.0,0.0,0.0,0.0,0.0,0.0,0.0,0.0,0.0,0.0
2227.0,"Lodger, The (1926)",Thriller,2040.0,['Thriller'],0.0,0.0,0.0,0.0,0.0,0.0,0.0,1.0,0.0,0.0,0.0,0.0,0.0,0.0,0.0,0.0,0.0,0.0
2231.0,Rounders (1998),Crime|Drama,2041.0,"['Crime', 'Drama']",0.0,0.0,1.0,1.0,1.0,0.0,0.0,0.0,0.0,0.0,0.0,0.0,0.0,0.0,0.0,0.0,0.0,0.0
2232.0,Cube (1997),Sci-Fi|Thriller,2042.0,"['Sci-Fi', 'Thriller']",0.0,0.0,0.0,0.0,1.0,0.0,0.0,0.0,0.0,0.0,0.0,0.0,0.0,0.0,0.0,0.0,0.0,0.0
2233.0,Digging to China (1998),Drama,2043.0,['Drama'],0.0,0.0,0.0,0.0,0.0,0.0,0.0,1.0,0.0,0.0,0.0,0.0,0.0,0.0,0.0,0.0,0.0,0.0
2234.0,Let's Talk About Sex (1998),Drama,2044.0,['Drama'],0.0,0.0,0.0,0.0,0.0,0.0,0.0,1.0,0.0,0.0,0.0,0.0,0.0,0.0,0.0,0.0,0.0,0.0
2235.0,One Man's Hero (1999),Drama|War,2045.0,"['Drama', 'War']",0.0,0.0,0.0,0.0,1.0,0.0,0.0,0.0,0.0,0.0,0.0,0.0,0.0,0.0,0.0,0.0,0.0,0.0
2236.0,Simon Birch (1998),Drama,2046.0,['Drama'],0.0,0.0,0.0,0.0,0.0,0.0,0.0,1.0,0.0,0.0,0.0,0.0,0.0,0.0,0.0,0.0,0.0,0.0
2237.0,Without Limits (1998),Drama,2047.0,['Drama'],0.0,0.0,0.0,0.0,1.0,0.0,0.0,0.0,0.0,0.0,0.0,0.0,0.0,0.0,0.0,0.0,0.0,0.0
2238.0,Seven Beauties (Pasqualino Settebellezze) (1976),Comedy|Drama,2048.0,"['Comedy', 'Drama']",0.0,0.0,0.0,0.0,0.0,0.0,0.0,1.0,0.0,0.0,0.0,0.0,0.0,0.0,0.0,0.0,0.0,0.0
2239.0,Swept Away (Travolti da un insolito destino nell'azzurro mare d'Agosto) (1975),Comedy|Drama,2049.0,"['Comedy', 'Drama']",1.0,0.0,0.0,0.0,0.0,0.0,0.0,0.0,0.0,0.0,0.0,0.0,0.0,0.0,1.0,0.0,0.0,0.0
2240.0,My Bodyguard (1980),Drama,2050.0,['Drama'],1.0,0.0,0.0,0.0,0.0,0.0,0.0,0.0,0.0,0.0,0.0,0.0,0.0,0.0,1.0,0.0,0.0,0.0
2241.0,Class (1983),Comedy,2051.0,['Comedy'],1.0,0.0,0.0,0.0,0.0,0.0,0.0,0.0,0.0,0.0,0.0,0.0,0.0,0.0,1.0,0.0,0.0,0.0
2242.0,"Grandview, U.S.A. (1984)",Drama,2052.0,['Drama'],1.0,1.0,0.0,0.0,0.0,0.0,0.0,0.0,0.0,0.0,1.0,0.0,0.0,0.0,0.0,0.0,0.0,0.0
2243.0,Broadcast News (1987),Comedy|Drama|Romance,2053.0,"['Comedy', 'Drama', 'Romance']",1.0,1.0,0.0,0.0,0.0,0.0,0.0,0.0,0.0,0.0,1.0,0.0,0.0,0.0,0.0,0.0,0.0,0.0
2244.0,"Allnighter, The (1987)",Comedy|Romance,2054.0,"['Comedy', 'Romance']",1.0,1.0,0.0,0.0,0.0,0.0,0.0,0.0,0.0,0.0,1.0,0.0,0.0,0.0,0.0,0.0,0.0,0.0
2245.0,Working Girl (1988),Comedy|Drama,2055.0,"['Comedy', 'Drama']",0.0,0.0,0.0,0.0,1.0,0.0,0.0,0.0,0.0,0.0,0.0,0.0,0.0,1.0,0.0,0.0,0.0,0.0
2246.0,Stars and Bars (1988),Comedy,2056.0,['Comedy'],1.0,1.0,0.0,0.0,0.0,0.0,0.0,1.0,0.0,0.0,0.0,0.0,0.0,0.0,0.0,0.0,0.0,0.0
2247.0,Married to the Mob (1988),Comedy,2057.0,['Comedy'],0.0,0.0,0.0,0.0,1.0,0.0,0.0,0.0,0.0,0.0,0.0,0.0,0.0,0.0,0.0,0.0,0.0,0.0
2248.0,Say Anything... (1989),Comedy|Drama|Romance,2058.0,"['Comedy', 'Drama', 'Romance']",0.0,0.0,0.0,0.0,1.0,0.0,0.0,0.0,0.0,0.0,0.0,0.0,0.0,0.0,0.0,0.0,0.0,0.0
2249.0,My Blue Heaven (1990),Comedy,2059.0,['Comedy'],1.0,1.0,0.0,0.0,0.0,0.0,0.0,0.0,0.0,0.0,0.0,0.0,0.0,0.0,0.0,0.0,0.0,0.0
2250.0,Men Don't Leave (1990),Drama,2060.0,['Drama'],0.0,0.0,0.0,0.0,1.0,0.0,0.0,1.0,0.0,0.0,0.0,0.0,0.0,0.0,0.0,0.0,0.0,0.0
2251.0,"Cabinet of Dr. Ramirez, The (1991)",Comedy,2061.0,['Comedy'],0.0,0.0,0.0,0.0,1.0,0.0,0.0,0.0,0.0,0.0,0.0,0.0,0.0,0.0,0.0,0.0,0.0,0.0
2252.0,Hero (1992),Comedy|Drama,2062.0,"['Comedy', 'Drama']",1.0,0.0,0.0,0.0,0.0,0.0,0.0,0.0,0.0,0.0,0.0,0.0,0.0,0.0,0.0,0.0,0.0,0.0
2253.0,Toys (1992),Action|Comedy|Fantasy,2063.0,"['Action', 'Comedy', 'Fantasy']",0.0,0.0,0.0,0.0,0.0,0.0,0.0,0.0,0.0,0.0,1.0,0.0,0.0,0.0,1.0,0.0,0.0,0.0
2254.0,Choices (1981),Drama,2064.0,['Drama'],0.0,0.0,0.0,0.0,1.0,0.0,0.0,0.0,0.0,0.0,0.0,0.0,0.0,0.0,0.0,0.0,0.0,0.0
2255.0,Young Doctors in Love (1982),Comedy,2065.0,['Comedy'],0.0,0.0,0.0,0.0,1.0,0.0,0.0,0.0,0.0,0.0,0.0,0.0,0.0,0.0,0.0,0.0,0.0,0.0
2256.0,Parasite (1982),Horror|Sci-Fi,2066.0,"['Horror', 'Sci-Fi']",0.0,0.0,0.0,0.0,1.0,0.0,0.0,0.0,0.0,0.0,0.0,0.0,0.0,0.0,0.0,0.0,0.0,0.0
2257.0,No Small Affair (1984),Comedy|Romance,2067.0,"['Comedy', 'Romance']",0.0,0.0,0.0,0.0,1.0,0.0,0.0,0.0,0.0,0.0,0.0,0.0,0.0,0.0,0.0,0.0,0.0,0.0
2258.0,Master Ninja I (1984),Action,2068.0,['Action'],0.0,0.0,0.0,0.0,1.0,0.0,0.0,0.0,0.0,0.0,0.0,0.0,0.0,0.0,0.0,0.0,0.0,0.0
2259.0,Blame It on Rio (1984),Comedy|Romance,2069.0,"['Comedy', 'Romance']",0.0,0.0,0.0,0.0,1.0,0.0,0.0,0.0,0.0,0.0,0.0,0.0,0.0,0.0,0.0,0.0,0.0,0.0
2260.0,Wisdom (1986),Action|Crime,2070.0,"['Action', 'Crime']",0.0,0.0,0.0,1.0,1.0,0.0,0.0,0.0,0.0,0.0,0.0,0.0,0.0,0.0,0.0,0.0,0.0,0.0
2261.0,One Crazy Summer (1986),Comedy,2071.0,['Comedy'],0.0,0.0,0.0,0.0,1.0,0.0,0.0,0.0,0.0,0.0,0.0,0.0,0.0,1.0,0.0,0.0,0.0,0.0
2262.0,About Last Night... (1986),Comedy|Drama|Romance,2072.0,"['Comedy', 'Drama', 'Romance']",0.0,0.0,0.0,0.0,0.0,0.0,0.0,1.0,0.0,0.0,0.0,0.0,0.0,0.0,0.0,0.0,0.0,0.0
2263.0,"Seventh Sign, The (1988)",Thriller,2073.0,['Thriller'],0.0,0.0,0.0,0.0,1.0,1.0,0.0,0.0,0.0,0.0,0.0,0.0,0.0,0.0,0.0,0.0,0.0,0.0
2264.0,We're No Angels (1989),Drama,2074.0,['Drama'],0.0,0.0,0.0,0.0,0.0,0.0,0.0,1.0,0.0,0.0,0.0,0.0,0.0,1.0,0.0,0.0,0.0,0.0
2265.0,Nothing But Trouble (1991),Adventure|Comedy,2075.0,"['Adventure', 'Comedy']",0.0,0.0,0.0,0.0,0.0,1.0,0.0,0.0,0.0,0.0,1.0,0.0,0.0,0.0,0.0,1.0,0.0,0.0
2266.0,"Butcher's Wife, The (1991)",Comedy|Romance,2076.0,"['Comedy', 'Romance']",0.0,0.0,0.0,0.0,1.0,0.0,0.0,0.0,0.0,0.0,0.0,0.0,0.0,0.0,0.0,0.0,0.0,0.0
2267.0,Mortal Thoughts (1991),Mystery|Thriller,2077.0,"['Mystery', 'Thriller']",0.0,0.0,0.0,0.0,0.0,1.0,0.0,0.0,0.0,0.0,0.0,0.0,0.0,0.0,0.0,1.0,0.0,0.0
2268.0,"Few Good Men, A (1992)",Crime|Drama,2078.0,"['Crime', 'Drama']",0.0,0.0,0.0,0.0,1.0,0.0,0.0,1.0,0.0,0.0,0.0,0.0,0.0,0.0,0.0,0.0,0.0,0.0
2269.0,Indecent Proposal (1993),Drama,2079.0,['Drama'],1.0,0.0,0.0,0.0,0.0,0.0,0.0,0.0,0.0,0.0,0.0,0.0,0.0,0.0,1.0,0.0,0.0,0.0
2271.0,Permanent Midnight (1998),Drama,2080.0,['Drama'],0.0,0.0,0.0,0.0,1.0,0.0,0.0,0.0,0.0,0.0,0.0,0.0,0.0,0.0,0.0,0.0,0.0,0.0
2272.0,One True Thing (1998),Drama,2081.0,['Drama'],0.0,0.0,0.0,0.0,1.0,0.0,0.0,0.0,0.0,0.0,0.0,0.0,0.0,1.0,0.0,0.0,0.0,0.0
2273.0,Rush Hour (1998),Action|Thriller,2082.0,"['Action', 'Thriller']",0.0,0.0,0.0,0.0,0.0,0.0,0.0,1.0,0.0,0.0,0.0,0.0,0.0,0.0,0.0,0.0,0.0,0.0
2275.0,Six-String Samurai (1998),Action|Adventure|Sci-Fi,2083.0,"['Action', 'Adventure', 'Sci-Fi']",0.0,1.0,0.0,1.0,0.0,0.0,0.0,0.0,1.0,0.0,0.0,0.0,0.0,0.0,0.0,0.0,0.0,0.0
2276.0,"Soldier's Daughter Never Cries, A (1998)",Drama,2084.0,['Drama'],0.0,0.0,0.0,1.0,0.0,0.0,0.0,1.0,0.0,0.0,0.0,0.0,0.0,0.0,0.0,0.0,0.0,0.0
2277.0,Somewhere in the City (1997),Drama,2085.0,['Drama'],0.0,0.0,0.0,0.0,0.0,0.0,0.0,0.0,0.0,0.0,0.0,0.0,0.0,0.0,0.0,0.0,0.0,1.0
2278.0,Ronin (1998),Action|Crime|Thriller,2086.0,"['Action', 'Crime', 'Thriller']",1.0,0.0,0.0,0.0,0.0,0.0,0.0,0.0,0.0,0.0,0.0,0.0,0.0,0.0,0.0,0.0,1.0,0.0
2279.0,Urban Legend (1998),Horror|Thriller,2087.0,"['Horror', 'Thriller']",1.0,0.0,0.0,0.0,0.0,0.0,0.0,0.0,0.0,0.0,0.0,0.0,0.0,0.0,0.0,0.0,0.0,0.0
2280.0,Clay Pigeons (1998),Crime,2088.0,['Crime'],1.0,0.0,0.0,0.0,0.0,0.0,0.0,0.0,0.0,0.0,0.0,0.0,0.0,0.0,0.0,0.0,1.0,0.0
2281.0,Monument Ave. (1998),Crime,2089.0,['Crime'],1.0,1.0,0.0,0.0,1.0,0.0,0.0,0.0,0.0,0.0,0.0,0.0,0.0,1.0,0.0,0.0,0.0,0.0
2282.0,Pecker (1998),Comedy|Drama,2090.0,"['Comedy', 'Drama']",1.0,1.0,0.0,0.0,1.0,0.0,0.0,0.0,0.0,0.0,0.0,0.0,0.0,1.0,0.0,0.0,0.0,0.0
2283.0,"Sheltering Sky, The (1990)",Drama,2091.0,['Drama'],0.0,0.0,0.0,0.0,1.0,0.0,0.0,0.0,0.0,0.0,0.0,0.0,0.0,0.0,1.0,0.0,0.0,0.0
2284.0,Bandit Queen (1994),Drama,2092.0,['Drama'],0.0,0.0,0.0,0.0,1.0,0.0,0.0,0.0,0.0,0.0,0.0,0.0,0.0,0.0,1.0,0.0,0.0,0.0
2285.0,If.... (1968),Drama,2093.0,['Drama'],1.0,0.0,0.0,0.0,0.0,0.0,0.0,1.0,0.0,0.0,0.0,0.0,0.0,0.0,0.0,0.0,0.0,0.0
2286.0,"Fiendish Plot of Dr. Fu Manchu, The (1980)",Comedy,2094.0,['Comedy'],1.0,0.0,0.0,0.0,0.0,0.0,0.0,1.0,0.0,0.0,0.0,0.0,0.0,0.0,0.0,0.0,0.0,0.0
2287.0,Them! (1954),Sci-Fi|Thriller|War,2095.0,"['Sci-Fi', 'Thriller', 'War']",1.0,0.0,0.0,0.0,0.0,0.0,0.0,1.0,0.0,0.0,0.0,0.0,0.0,0.0,0.0,0.0,0.0,0.0
2288.0,"Thing, The (1982)",Action|Horror|Sci-Fi|Thriller,2096.0,"['Action', 'Horror', 'Sci-Fi', 'Thriller']",1.0,0.0,0.0,0.0,0.0,0.0,0.0,1.0,0.0,0.0,0.0,0.0,0.0,0.0,0.0,0.0,0.0,0.0
2289.0,"Player, The (1992)",Comedy|Drama,2097.0,"['Comedy', 'Drama']",0.0,0.0,0.0,0.0,1.0,0.0,0.0,0.0,0.0,0.0,0.0,0.0,1.0,0.0,0.0,0.0,0.0,0.0
2290.0,Stardust Memories (1980),Comedy|Drama,2098.0,"['Comedy', 'Drama']",1.0,1.0,0.0,0.0,0.0,0.0,0.0,0.0,0.0,0.0,0.0,0.0,1.0,0.0,0.0,0.0,0.0,0.0
2291.0,Edward Scissorhands (1990),Drama|Romance,2099.0,"['Drama', 'Romance']",0.0,0.0,0.0,0.0,0.0,0.0,0.0,1.0,0.0,0.0,0.0,0.0,0.0,1.0,0.0,0.0,0.0,0.0
2292.0,Overnight Delivery (1996),Romance,2100.0,['Romance'],0.0,0.0,0.0,0.0,1.0,0.0,0.0,0.0,0.0,0.0,0.0,0.0,0.0,0.0,0.0,0.0,0.0,0.0
2293.0,Shadrach (1998),Drama,2101.0,['Drama'],0.0,0.0,0.0,0.0,1.0,0.0,0.0,1.0,0.0,0.0,0.0,0.0,0.0,0.0,0.0,0.0,0.0,0.0
2294.0,Antz (1998),Animation|Children's,2102.0,"['Animation', ""Children's""]",0.0,0.0,0.0,0.0,1.0,0.0,0.0,0.0,0.0,0.0,0.0,0.0,0.0,0.0,0.0,0.0,0.0,0.0
2295.0,"Impostors, The (1998)",Comedy,2103.0,['Comedy'],0.0,0.0,0.0,0.0,0.0,0.0,0.0,1.0,0.0,0.0,0.0,0.0,0.0,0.0,0.0,1.0,0.0,0.0
2296.0,"Night at the Roxbury, A (1998)",Comedy,2104.0,['Comedy'],0.0,0.0,0.0,0.0,0.0,0.0,0.0,1.0,0.0,0.0,0.0,0.0,0.0,0.0,0.0,0.0,0.0,0.0
2297.0,What Dreams May Come (1998),Drama|Romance,2105.0,"['Drama', 'Romance']",1.0,1.0,0.0,0.0,0.0,0.0,0.0,1.0,0.0,0.0,0.0,0.0,0.0,0.0,0.0,0.0,0.0,0.0
2298.0,Strangeland (1998),Thriller,2106.0,['Thriller'],1.0,1.0,0.0,0.0,0.0,0.0,0.0,1.0,0.0,0.0,0.0,0.0,0.0,0.0,0.0,0.0,0.0,0.0
2299.0,"Battle of the Sexes, The (1959)",Comedy,2107.0,['Comedy'],0.0,0.0,0.0,0.0,1.0,0.0,0.0,0.0,0.0,0.0,0.0,0.0,0.0,0.0,0.0,0.0,0.0,0.0
2300.0,"Producers, The (1968)",Comedy|Musical,2108.0,"['Comedy', 'Musical']",0.0,0.0,0.0,0.0,1.0,0.0,0.0,0.0,0.0,0.0,0.0,0.0,0.0,1.0,0.0,0.0,0.0,0.0
2301.0,History of the World: Part I (1981),Comedy,2109.0,['Comedy'],0.0,0.0,0.0,0.0,0.0,1.0,0.0,0.0,0.0,0.0,0.0,0.0,0.0,0.0,0.0,0.0,0.0,0.0
2302.0,My Cousin Vinny (1992),Comedy,2110.0,['Comedy'],0.0,0.0,0.0,0.0,1.0,0.0,0.0,1.0,0.0,0.0,0.0,0.0,0.0,1.0,0.0,0.0,0.0,0.0
2303.0,Nashville (1975),Drama|Musical,2111.0,"['Drama', 'Musical']",1.0,0.0,0.0,0.0,0.0,0.0,0.0,1.0,0.0,0.0,0.0,0.0,0.0,0.0,0.0,0.0,1.0,0.0
2304.0,Love Is the Devil (1998),Drama,2112.0,['Drama'],0.0,0.0,0.0,0.0,0.0,0.0,0.0,0.0,0.0,0.0,1.0,0.0,0.0,0.0,1.0,0.0,0.0,0.0
2305.0,Slam (1998),Drama,2113.0,['Drama'],0.0,1.0,0.0,1.0,0.0,0.0,0.0,1.0,0.0,0.0,0.0,0.0,0.0,0.0,0.0,0.0,0.0,0.0
2306.0,Holy Man (1998),Comedy,2114.0,['Comedy'],0.0,1.0,0.0,1.0,0.0,0.0,0.0,1.0,0.0,0.0,0.0,0.0,0.0,0.0,0.0,0.0,0.0,0.0
2307.0,One Tough Cop (1998),Action|Drama,2115.0,"['Action', 'Drama']",0.0,0.0,0.0,0.0,1.0,0.0,0.0,1.0,0.0,0.0,0.0,0.0,0.0,0.0,0.0,0.0,0.0,0.0
2308.0,Detroit 9000 (1973),Action|Crime,2116.0,"['Action', 'Crime']",0.0,0.0,0.0,0.0,0.0,0.0,0.0,1.0,0.0,0.0,0.0,0.0,0.0,0.0,0.0,0.0,0.0,0.0
2309.0,"Inheritors, The (Die Siebtelbauern) (1998)",Drama,2117.0,['Drama'],0.0,0.0,0.0,0.0,0.0,0.0,0.0,1.0,0.0,0.0,0.0,0.0,0.0,0.0,0.0,0.0,0.0,0.0
2310.0,"Mighty, The (1998)",Drama,2118.0,['Drama'],0.0,0.0,0.0,0.0,0.0,0.0,0.0,1.0,0.0,0.0,0.0,0.0,0.0,0.0,0.0,0.0,0.0,0.0
2311.0,2010 (1984),Mystery|Sci-Fi,2119.0,"['Mystery', 'Sci-Fi']",0.0,0.0,0.0,0.0,0.0,0.0,0.0,1.0,0.0,0.0,0.0,0.0,0.0,0.0,0.0,0.0,0.0,0.0
2312.0,Children of a Lesser God (1986),Drama,2120.0,['Drama'],0.0,0.0,0.0,0.0,1.0,0.0,0.0,0.0,0.0,0.0,0.0,0.0,0.0,0.0,0.0,0.0,0.0,0.0
2313.0,"Elephant Man, The (1980)",Drama,2121.0,['Drama'],0.0,0.0,0.0,0.0,0.0,0.0,0.0,1.0,0.0,0.0,0.0,0.0,0.0,0.0,0.0,0.0,0.0,0.0
2314.0,Beloved (1998),Drama,2122.0,['Drama'],0.0,0.0,0.0,0.0,0.0,0.0,0.0,1.0,0.0,0.0,0.0,0.0,0.0,0.0,0.0,1.0,0.0,0.0
2315.0,Bride of Chucky (1998),Horror|Thriller,2123.0,"['Horror', 'Thriller']",0.0,0.0,0.0,0.0,0.0,0.0,0.0,1.0,0.0,0.0,0.0,0.0,0.0,0.0,0.0,0.0,0.0,0.0
2316.0,Practical Magic (1998),Drama|Romance,2124.0,"['Drama', 'Romance']",0.0,0.0,0.0,0.0,0.0,0.0,0.0,1.0,0.0,0.0,0.0,0.0,0.0,0.0,0.0,0.0,0.0,0.0
2317.0,"Alarmist, The (1997)",Comedy,2125.0,['Comedy'],0.0,0.0,0.0,0.0,0.0,0.0,0.0,1.0,0.0,0.0,0.0,0.0,0.0,0.0,0.0,0.0,0.0,1.0
2318.0,Happiness (1998),Comedy,2126.0,['Comedy'],0.0,0.0,0.0,0.0,0.0,0.0,0.0,1.0,0.0,0.0,0.0,0.0,0.0,0.0,0.0,0.0,0.0,0.0
2320.0,Apt Pupil (1998),Drama|Thriller,2127.0,"['Drama', 'Thriller']",0.0,0.0,0.0,0.0,1.0,0.0,0.0,1.0,0.0,0.0,0.0,0.0,0.0,0.0,0.0,0.0,0.0,0.0
2321.0,Pleasantville (1998),Comedy,2128.0,['Comedy'],0.0,0.0,0.0,0.0,0.0,0.0,0.0,1.0,0.0,0.0,0.0,0.0,0.0,0.0,0.0,0.0,0.0,0.0
2322.0,Soldier (1998),Action|Adventure|Sci-Fi|Thriller|War,2129.0,"['Action', 'Adventure', 'Sci-Fi', 'Thriller', 'War']",0.0,0.0,0.0,0.0,0.0,0.0,0.0,0.0,0.0,0.0,0.0,0.0,0.0,0.0,0.0,1.0,0.0,0.0
2323.0,"Cruise, The (1998)",Documentary,2130.0,['Documentary'],0.0,0.0,0.0,0.0,1.0,0.0,0.0,1.0,0.0,0.0,0.0,0.0,0.0,0.0,0.0,0.0,0.0,0.0
2324.0,Life Is Beautiful (La Vita è bella) (1997),Comedy|Drama,2131.0,"['Comedy', 'Drama']",0.0,0.0,0.0,0.0,0.0,0.0,0.0,0.0,0.0,0.0,1.0,0.0,0.0,0.0,1.0,0.0,0.0,0.0
2325.0,Orgazmo (1997),Comedy,2132.0,['Comedy'],0.0,1.0,0.0,1.0,0.0,0.0,0.0,0.0,0.0,0.0,0.0,0.0,0.0,0.0,0.0,0.0,0.0,0.0
2326.0,Shattered Image (1998),Drama|Thriller,2133.0,"['Drama', 'Thriller']",0.0,1.0,0.0,1.0,0.0,0.0,0.0,0.0,0.0,0.0,0.0,0.0,0.0,0.0,1.0,0.0,0.0,0.0
2327.0,Tales from the Darkside: The Movie (1990),Horror,2134.0,['Horror'],0.0,0.0,0.0,0.0,0.0,0.0,0.0,0.0,0.0,0.0,1.0,0.0,0.0,0.0,0.0,0.0,0.0,0.0
2328.0,Vampires (1998),Horror,2135.0,['Horror'],0.0,0.0,0.0,0.0,0.0,0.0,0.0,0.0,0.0,0.0,1.0,0.0,0.0,0.0,0.0,0.0,0.0,0.0
2329.0,American History X (1998),Drama,2136.0,['Drama'],0.0,0.0,0.0,0.0,0.0,0.0,0.0,1.0,1.0,0.0,0.0,0.0,0.0,0.0,0.0,0.0,0.0,0.0
2330.0,Hands on a Hard Body (1996),Documentary,2137.0,['Documentary'],0.0,0.0,0.0,0.0,0.0,0.0,0.0,0.0,0.0,0.0,1.0,0.0,0.0,0.0,1.0,0.0,0.0,0.0
2331.0,Living Out Loud (1998),Comedy|Romance,2138.0,"['Comedy', 'Romance']",0.0,0.0,0.0,0.0,0.0,0.0,0.0,0.0,0.0,0.0,1.0,0.0,0.0,0.0,1.0,0.0,0.0,0.0
2332.0,Belly (1998),Crime|Drama,2139.0,"['Crime', 'Drama']",0.0,0.0,0.0,0.0,0.0,0.0,0.0,0.0,0.0,0.0,1.0,0.0,0.0,0.0,1.0,0.0,0.0,0.0
2333.0,Gods and Monsters (1998),Drama,2140.0,['Drama'],1.0,0.0,0.0,0.0,1.0,0.0,0.0,0.0,0.0,0.0,0.0,0.0,0.0,0.0,0.0,0.0,0.0,0.0
2334.0,"Siege, The (1998)",Action|Thriller,2141.0,"['Action', 'Thriller']",0.0,0.0,0.0,0.0,1.0,1.0,0.0,0.0,0.0,0.0,0.0,0.0,0.0,0.0,0.0,0.0,0.0,0.0
2335.0,"Waterboy, The (1998)",Comedy,2142.0,['Comedy'],0.0,0.0,0.0,0.0,0.0,0.0,0.0,0.0,0.0,0.0,1.0,0.0,0.0,0.0,0.0,0.0,0.0,0.0
2336.0,Elizabeth (1998),Drama,2143.0,['Drama'],0.0,0.0,0.0,0.0,0.0,0.0,0.0,0.0,0.0,0.0,1.0,0.0,0.0,0.0,0.0,0.0,0.0,0.0
2337.0,Velvet Goldmine (1998),Drama,2144.0,['Drama'],0.0,0.0,0.0,0.0,0.0,0.0,0.0,0.0,0.0,0.0,1.0,0.0,0.0,0.0,0.0,0.0,0.0,0.0
2338.0,I Still Know What You Did Last Summer (1998),Horror|Mystery|Thriller,2145.0,"['Horror', 'Mystery', 'Thriller']",0.0,0.0,0.0,0.0,0.0,0.0,0.0,0.0,0.0,0.0,1.0,0.0,0.0,0.0,0.0,0.0,0.0,0.0
2339.0,I'll Be Home For Christmas (1998),Comedy|Romance,2146.0,"['Comedy', 'Romance']",0.0,0.0,0.0,0.0,1.0,0.0,0.0,0.0,0.0,0.0,0.0,0.0,0.0,0.0,0.0,0.0,0.0,0.0
2340.0,Meet Joe Black (1998),Romance,2147.0,['Romance'],0.0,0.0,0.0,0.0,0.0,0.0,0.0,0.0,0.0,0.0,1.0,0.0,0.0,0.0,0.0,0.0,0.0,0.0
2341.0,Dancing at Lughnasa (1998),Drama,2148.0,['Drama'],0.0,0.0,0.0,0.0,0.0,0.0,0.0,0.0,0.0,0.0,1.0,0.0,0.0,0.0,0.0,0.0,0.0,0.0
2342.0,Hard Core Logo (1996),Comedy,2149.0,['Comedy'],0.0,0.0,0.0,0.0,0.0,0.0,0.0,1.0,0.0,0.0,0.0,0.0,0.0,0.0,0.0,0.0,0.0,0.0
2343.0,"Naked Man, The (1998)",Drama,2150.0,['Drama'],0.0,0.0,0.0,0.0,0.0,0.0,0.0,0.0,0.0,0.0,0.0,0.0,1.0,0.0,0.0,0.0,0.0,0.0
2344.0,Runaway Train (1985),Action|Adventure|Drama|Thriller,2151.0,"['Action', 'Adventure', 'Drama', 'Thriller']",1.0,0.0,0.0,0.0,1.0,0.0,0.0,0.0,0.0,0.0,0.0,0.0,0.0,1.0,0.0,1.0,0.0,0.0
2345.0,Desert Bloom (1986),Drama,2152.0,['Drama'],0.0,0.0,0.0,0.0,1.0,0.0,0.0,0.0,0.0,0.0,0.0,0.0,0.0,1.0,0.0,0.0,0.0,0.0
2346.0,"Stepford Wives, The (1975)",Sci-Fi|Thriller,2153.0,"['Sci-Fi', 'Thriller']",0.0,1.0,0.0,0.0,1.0,0.0,0.0,0.0,0.0,0.0,0.0,0.0,0.0,0.0,0.0,0.0,0.0,0.0
2347.0,"Pope of Greenwich Village, The (1984)",Action,2154.0,['Action'],0.0,1.0,0.0,0.0,1.0,0.0,0.0,0.0,0.0,0.0,0.0,0.0,0.0,0.0,0.0,0.0,0.0,0.0
2348.0,Sid and Nancy (1986),Drama,2155.0,['Drama'],0.0,0.0,0.0,0.0,1.0,0.0,0.0,0.0,0.0,0.0,0.0,0.0,0.0,0.0,0.0,0.0,0.0,0.0
2349.0,Mona Lisa (1986),Comedy|Thriller,2156.0,"['Comedy', 'Thriller']",0.0,0.0,0.0,0.0,1.0,0.0,0.0,0.0,0.0,0.0,0.0,0.0,0.0,0.0,0.0,0.0,0.0,0.0
2350.0,Heart Condition (1990),Comedy,2157.0,['Comedy'],0.0,0.0,0.0,0.0,0.0,0.0,0.0,1.0,0.0,0.0,0.0,0.0,0.0,0.0,0.0,0.0,0.0,0.0
2351.0,Nights of Cabiria (Le Notti di Cabiria) (1957),Drama,2158.0,['Drama'],1.0,0.0,0.0,0.0,0.0,0.0,0.0,0.0,0.0,0.0,0.0,0.0,1.0,0.0,0.0,1.0,0.0,0.0
2352.0,"Big Chill, The (1983)",Comedy|Drama,2159.0,"['Comedy', 'Drama']",1.0,0.0,0.0,0.0,0.0,0.0,0.0,0.0,0.0,0.0,0.0,0.0,0.0,0.0,0.0,0.0,1.0,0.0
2353.0,Enemy of the State (1998),Action|Thriller,2160.0,"['Action', 'Thriller']",0.0,1.0,0.0,0.0,0.0,0.0,0.0,0.0,0.0,0.0,0.0,0.0,0.0,0.0,0.0,0.0,0.0,0.0
2354.0,"Rugrats Movie, The (1998)",Animation|Children's|Comedy,2161.0,"['Animation', ""Children's"", 'Comedy']",0.0,0.0,0.0,0.0,1.0,0.0,0.0,0.0,0.0,0.0,0.0,0.0,0.0,0.0,0.0,0.0,0.0,1.0
2355.0,"Bug's Life, A (1998)",Animation|Children's|Comedy,2162.0,"['Animation', ""Children's"", 'Comedy']",0.0,0.0,0.0,0.0,0.0,0.0,0.0,1.0,0.0,0.0,0.0,0.0,0.0,0.0,0.0,1.0,0.0,0.0
2356.0,Celebrity (1998),Comedy,2163.0,['Comedy'],0.0,0.0,0.0,0.0,0.0,0.0,0.0,1.0,0.0,0.0,0.0,0.0,0.0,0.0,0.0,0.0,0.0,0.0
2357.0,Central Station (Central do Brasil) (1998),Drama,2164.0,['Drama'],0.0,0.0,0.0,0.0,0.0,0.0,0.0,1.0,0.0,0.0,0.0,0.0,0.0,1.0,0.0,0.0,0.0,0.0
2358.0,Savior (1998),Drama,2165.0,['Drama'],0.0,0.0,0.0,0.0,1.0,0.0,0.0,0.0,0.0,0.0,0.0,0.0,0.0,1.0,0.0,0.0,0.0,0.0
2359.0,Waking Ned Devine (1998),Comedy,2166.0,['Comedy'],0.0,0.0,0.0,0.0,1.0,0.0,0.0,0.0,0.0,0.0,1.0,0.0,0.0,0.0,0.0,1.0,0.0,0.0
2360.0,"Celebration, The (Festen) (1998)",Drama,2167.0,['Drama'],0.0,0.0,0.0,0.0,1.0,0.0,0.0,0.0,0.0,0.0,0.0,0.0,0.0,0.0,0.0,0.0,0.0,0.0
2361.0,Pink Flamingos (1972),Comedy,2168.0,['Comedy'],0.0,0.0,0.0,0.0,1.0,0.0,0.0,0.0,0.0,0.0,0.0,0.0,0.0,1.0,0.0,0.0,0.0,0.0
2362.0,Glen or Glenda (1953),Drama,2169.0,['Drama'],0.0,0.0,0.0,0.0,0.0,0.0,0.0,1.0,0.0,0.0,0.0,0.0,0.0,0.0,0.0,0.0,0.0,0.0
2363.0,Godzilla (Gojira) (1954),Action|Sci-Fi,2170.0,"['Action', 'Sci-Fi']",1.0,0.0,0.0,0.0,1.0,0.0,0.0,0.0,0.0,0.0,0.0,0.0,0.0,0.0,0.0,0.0,0.0,0.0
2364.0,Godzilla (Gojira) (1984),Action|Sci-Fi,2171.0,"['Action', 'Sci-Fi']",0.0,0.0,0.0,0.0,0.0,0.0,0.0,1.0,0.0,0.0,1.0,0.0,0.0,0.0,0.0,1.0,0.0,0.0
2365.0,King Kong vs. Godzilla (Kingukongu tai Gojira) (1962),Action|Sci-Fi,2172.0,"['Action', 'Sci-Fi']",1.0,0.0,0.0,0.0,0.0,0.0,0.0,0.0,0.0,0.0,0.0,0.0,0.0,0.0,0.0,1.0,0.0,0.0
2366.0,King Kong (1933),Action|Adventure|Horror,2173.0,"['Action', 'Adventure', 'Horror']",0.0,0.0,0.0,0.0,1.0,0.0,0.0,0.0,0.0,0.0,0.0,0.0,0.0,1.0,0.0,0.0,0.0,0.0
2367.0,King Kong (1976),Action|Adventure|Horror,2174.0,"['Action', 'Adventure', 'Horror']",0.0,0.0,0.0,0.0,1.0,0.0,0.0,0.0,0.0,0.0,0.0,0.0,0.0,0.0,0.0,0.0,0.0,0.0
2368.0,King Kong Lives (1986),Action|Adventure|Horror,2175.0,"['Action', 'Adventure', 'Horror']",0.0,0.0,0.0,0.0,0.0,0.0,0.0,1.0,0.0,0.0,0.0,0.0,0.0,0.0,0.0,0.0,0.0,0.0
2369.0,Desperately Seeking Susan (1985),Comedy|Romance,2176.0,"['Comedy', 'Romance']",0.0,0.0,0.0,0.0,0.0,0.0,1.0,0.0,0.0,0.0,0.0,0.0,0.0,0.0,0.0,0.0,0.0,0.0
2370.0,"Emerald Forest, The (1985)",Action|Adventure|Drama,2177.0,"['Action', 'Adventure', 'Drama']",0.0,0.0,1.0,0.0,0.0,0.0,0.0,0.0,0.0,0.0,0.0,0.0,0.0,0.0,1.0,0.0,0.0,0.0
2371.0,Fletch (1985),Comedy,2178.0,['Comedy'],0.0,0.0,0.0,0.0,1.0,0.0,0.0,0.0,0.0,0.0,0.0,0.0,0.0,1.0,0.0,0.0,0.0,0.0
2372.0,Fletch Lives (1989),Comedy,2179.0,['Comedy'],0.0,0.0,0.0,0.0,0.0,0.0,0.0,0.0,0.0,0.0,0.0,0.0,0.0,1.0,0.0,0.0,0.0,0.0
2373.0,Red Sonja (1985),Action|Adventure,2180.0,"['Action', 'Adventure']",0.0,0.0,0.0,0.0,1.0,0.0,0.0,0.0,0.0,0.0,0.0,0.0,0.0,0.0,1.0,0.0,0.0,0.0
2374.0,Gung Ho (1986),Comedy|Drama,2181.0,"['Comedy', 'Drama']",0.0,0.0,0.0,0.0,1.0,0.0,0.0,0.0,0.0,0.0,0.0,0.0,0.0,0.0,0.0,0.0,0.0,0.0
2375.0,"Money Pit, The (1986)",Comedy,2182.0,['Comedy'],0.0,0.0,0.0,0.0,1.0,0.0,0.0,0.0,0.0,0.0,0.0,0.0,0.0,0.0,0.0,0.0,0.0,0.0
2376.0,"View to a Kill, A (1985)",Action,2183.0,['Action'],0.0,0.0,0.0,0.0,0.0,0.0,0.0,1.0,0.0,0.0,0.0,0.0,0.0,0.0,0.0,0.0,0.0,0.0
2377.0,Lifeforce (1985),Horror|Sci-Fi,2184.0,"['Horror', 'Sci-Fi']",0.0,0.0,0.0,0.0,1.0,0.0,0.0,0.0,0.0,0.0,0.0,0.0,0.0,1.0,0.0,0.0,0.0,0.0
2378.0,Police Academy (1984),Comedy,2185.0,['Comedy'],0.0,0.0,0.0,0.0,0.0,0.0,0.0,1.0,0.0,0.0,0.0,0.0,0.0,0.0,0.0,0.0,0.0,0.0
2379.0,Police Academy 2: Their First Assignment (1985),Comedy,2186.0,['Comedy'],0.0,0.0,0.0,0.0,1.0,0.0,0.0,1.0,0.0,0.0,0.0,0.0,0.0,0.0,0.0,0.0,0.0,0.0
2380.0,Police Academy 3: Back in Training (1986),Comedy,2187.0,['Comedy'],0.0,0.0,0.0,0.0,0.0,0.0,0.0,0.0,0.0,0.0,0.0,0.0,0.0,0.0,0.0,1.0,0.0,0.0
2381.0,Police Academy 4: Citizens on Patrol (1987),Comedy,2188.0,['Comedy'],0.0,0.0,0.0,0.0,1.0,0.0,0.0,1.0,0.0,0.0,0.0,0.0,0.0,1.0,0.0,0.0,0.0,0.0
2382.0,Police Academy 5: Assignment: Miami Beach (1988),Comedy,2189.0,['Comedy'],0.0,0.0,0.0,0.0,1.0,0.0,0.0,0.0,0.0,0.0,0.0,0.0,0.0,0.0,0.0,0.0,0.0,0.0
2383.0,Police Academy 6: City Under Siege (1989),Comedy,2190.0,['Comedy'],0.0,0.0,0.0,0.0,1.0,0.0,0.0,0.0,0.0,0.0,0.0,0.0,0.0,0.0,0.0,0.0,0.0,0.0
2384.0,Babe: Pig in the City (1998),Children's|Comedy,2191.0,"[""Children's"", 'Comedy']",0.0,0.0,0.0,0.0,1.0,0.0,0.0,0.0,0.0,0.0,0.0,0.0,0.0,1.0,0.0,0.0,0.0,0.0
2385.0,Home Fries (1998),Comedy|Romance,2192.0,"['Comedy', 'Romance']",0.0,0.0,0.0,0.0,0.0,1.0,0.0,0.0,0.0,0.0,0.0,0.0,0.0,0.0,0.0,0.0,0.0,0.0
2386.0,Jerry Springer: Ringmaster (1998),Drama,2193.0,['Drama'],0.0,0.0,0.0,0.0,0.0,0.0,0.0,1.0,0.0,0.0,0.0,0.0,0.0,0.0,0.0,0.0,0.0,0.0
2387.0,Very Bad Things (1998),Comedy|Crime,2194.0,"['Comedy', 'Crime']",0.0,0.0,0.0,0.0,0.0,0.0,0.0,0.0,0.0,0.0,1.0,0.0,0.0,0.0,0.0,0.0,0.0,0.0
2388.0,Steam: The Turkish Bath (Hamam) (1997),Drama|Romance,2195.0,"['Drama', 'Romance']",0.0,0.0,0.0,0.0,0.0,0.0,0.0,0.0,0.0,0.0,1.0,0.0,0.0,0.0,0.0,0.0,0.0,0.0
2389.0,Psycho (1998),Crime|Horror|Thriller,2196.0,"['Crime', 'Horror', 'Thriller']",0.0,0.0,0.0,0.0,0.0,0.0,0.0,0.0,0.0,0.0,1.0,0.0,0.0,0.0,0.0,0.0,0.0,0.0
2390.0,Little Voice (1998),Comedy,2197.0,['Comedy'],0.0,0.0,0.0,0.0,0.0,0.0,0.0,0.0,0.0,0.0,1.0,0.0,0.0,0.0,0.0,0.0,0.0,0.0
2391.0,"Simple Plan, A (1998)",Crime|Thriller,2198.0,"['Crime', 'Thriller']",0.0,0.0,0.0,0.0,0.0,0.0,0.0,0.0,0.0,0.0,1.0,0.0,0.0,0.0,0.0,0.0,0.0,0.0
2392.0,Jack Frost (1998),Comedy|Drama,2199.0,"['Comedy', 'Drama']",0.0,0.0,0.0,0.0,1.0,0.0,0.0,0.0,0.0,0.0,0.0,0.0,0.0,0.0,0.0,0.0,0.0,0.0
2393.0,Star Trek: Insurrection (1998),Action|Sci-Fi,2200.0,"['Action', 'Sci-Fi']",0.0,0.0,0.0,0.0,0.0,0.0,0.0,0.0,0.0,0.0,1.0,0.0,0.0,0.0,0.0,0.0,0.0,0.0
2394.0,"Prince of Egypt, The (1998)",Animation|Musical,2201.0,"['Animation', 'Musical']",0.0,0.0,0.0,0.0,0.0,0.0,0.0,1.0,0.0,0.0,0.0,0.0,0.0,0.0,0.0,0.0,0.0,0.0
2395.0,Rushmore (1998),Comedy,2202.0,['Comedy'],0.0,0.0,0.0,0.0,0.0,0.0,0.0,1.0,0.0,0.0,0.0,0.0,0.0,0.0,0.0,0.0,0.0,0.0
2396.0,Shakespeare in Love (1998),Comedy|Romance,2203.0,"['Comedy', 'Romance']",0.0,0.0,0.0,0.0,0.0,0.0,0.0,1.0,0.0,0.0,0.0,0.0,0.0,0.0,0.0,0.0,0.0,0.0
2397.0,Mass Appeal (1984),Drama,2204.0,['Drama'],0.0,0.0,0.0,0.0,0.0,0.0,0.0,1.0,0.0,0.0,0.0,0.0,0.0,0.0,0.0,1.0,0.0,0.0
2398.0,Miracle on 34th Street (1947),Drama,2205.0,['Drama'],1.0,0.0,0.0,0.0,0.0,0.0,0.0,1.0,0.0,0.0,0.0,0.0,0.0,0.0,0.0,0.0,0.0,0.0
2399.0,Santa Claus: The Movie (1985),Adventure|Children's|Fantasy,2206.0,"['Adventure', ""Children's"", 'Fantasy']",1.0,0.0,0.0,0.0,0.0,0.0,0.0,0.0,0.0,0.0,1.0,0.0,0.0,0.0,1.0,0.0,0.0,0.0
2400.0,Prancer (1989),Children's|Drama,2207.0,"[""Children's"", 'Drama']",0.0,0.0,0.0,0.0,0.0,0.0,0.0,0.0,0.0,0.0,0.0,0.0,0.0,0.0,1.0,0.0,0.0,0.0
2401.0,Pale Rider (1985),Western,2208.0,['Western'],1.0,0.0,0.0,0.0,0.0,0.0,0.0,0.0,0.0,0.0,0.0,0.0,0.0,0.0,1.0,1.0,0.0,1.0
2402.0,Rambo: First Blood Part II (1985),Action|War,2209.0,"['Action', 'War']",1.0,1.0,0.0,0.0,0.0,0.0,0.0,0.0,0.0,0.0,0.0,0.0,0.0,0.0,1.0,0.0,0.0,0.0
2403.0,First Blood (1982),Action,2210.0,['Action'],1.0,0.0,0.0,0.0,0.0,0.0,0.0,0.0,0.0,0.0,0.0,0.0,0.0,0.0,1.0,0.0,0.0,0.0
2404.0,Rambo III (1988),Action|War,2211.0,"['Action', 'War']",1.0,0.0,0.0,0.0,0.0,0.0,0.0,0.0,0.0,0.0,0.0,0.0,0.0,0.0,1.0,0.0,0.0,0.0
2405.0,"Jewel of the Nile, The (1985)",Action|Adventure|Comedy|Romance,2212.0,"['Action', 'Adventure', 'Comedy', 'Romance']",1.0,0.0,0.0,0.0,0.0,0.0,0.0,0.0,0.0,0.0,0.0,0.0,0.0,0.0,1.0,0.0,0.0,0.0
2406.0,Romancing the Stone (1984),Action|Adventure|Comedy|Romance,2213.0,"['Action', 'Adventure', 'Comedy', 'Romance']",1.0,0.0,0.0,0.0,0.0,0.0,0.0,0.0,0.0,0.0,0.0,0.0,0.0,0.0,1.0,0.0,0.0,0.0
2407.0,Cocoon (1985),Comedy|Sci-Fi,2214.0,"['Comedy', 'Sci-Fi']",1.0,0.0,0.0,0.0,0.0,0.0,0.0,0.0,0.0,0.0,0.0,0.0,0.0,0.0,1.0,0.0,0.0,0.0
2408.0,Cocoon: The Return (1988),Comedy|Sci-Fi,2215.0,"['Comedy', 'Sci-Fi']",1.0,0.0,0.0,0.0,0.0,0.0,0.0,0.0,0.0,0.0,0.0,0.0,0.0,0.0,0.0,0.0,0.0,0.0
2409.0,Rocky II (1979),Action|Drama,2216.0,"['Action', 'Drama']",1.0,0.0,0.0,0.0,0.0,0.0,0.0,0.0,0.0,0.0,0.0,0.0,0.0,0.0,0.0,0.0,0.0,0.0
2410.0,Rocky III (1982),Action|Drama,2217.0,"['Action', 'Drama']",0.0,0.0,0.0,0.0,0.0,0.0,0.0,1.0,0.0,0.0,0.0,0.0,0.0,0.0,0.0,0.0,0.0,0.0
2411.0,Rocky IV (1985),Action|Drama,2218.0,"['Action', 'Drama']",0.0,1.0,0.0,0.0,0.0,0.0,0.0,0.0,0.0,0.0,0.0,0.0,0.0,0.0,0.0,0.0,0.0,0.0
2412.0,Rocky V (1990),Action|Drama,2219.0,"['Action', 'Drama']",0.0,0.0,0.0,0.0,0.0,0.0,1.0,0.0,0.0,0.0,0.0,0.0,0.0,0.0,0.0,0.0,0.0,0.0
2413.0,Clue (1985),Comedy|Mystery,2220.0,"['Comedy', 'Mystery']",0.0,0.0,0.0,0.0,1.0,0.0,0.0,0.0,0.0,0.0,0.0,0.0,0.0,0.0,0.0,0.0,0.0,0.0
2414.0,Young Sherlock Holmes (1985),Action|Adventure|Mystery,2221.0,"['Action', 'Adventure', 'Mystery']",1.0,0.0,0.0,0.0,0.0,1.0,0.0,1.0,0.0,0.0,0.0,0.0,0.0,0.0,0.0,1.0,0.0,0.0
2415.0,Violets Are Blue... (1986),Drama|Romance,2222.0,"['Drama', 'Romance']",0.0,0.0,0.0,0.0,0.0,0.0,0.0,1.0,0.0,0.0,0.0,0.0,0.0,0.0,0.0,0.0,0.0,0.0
2416.0,Back to School (1986),Comedy,2223.0,['Comedy'],0.0,0.0,0.0,0.0,1.0,1.0,0.0,0.0,0.0,0.0,0.0,0.0,0.0,0.0,0.0,1.0,0.0,0.0
2417.0,Heartburn (1986),Comedy|Drama,2224.0,"['Comedy', 'Drama']",0.0,0.0,0.0,0.0,1.0,0.0,0.0,0.0,0.0,0.0,0.0,0.0,0.0,0.0,0.0,0.0,0.0,0.0
2418.0,Nothing in Common (1986),Comedy,2225.0,['Comedy'],0.0,0.0,0.0,0.0,0.0,0.0,0.0,1.0,0.0,0.0,0.0,0.0,0.0,0.0,0.0,0.0,0.0,0.0
2419.0,Extremities (1986),Drama|Thriller,2226.0,"['Drama', 'Thriller']",0.0,0.0,0.0,0.0,1.0,0.0,0.0,0.0,0.0,0.0,0.0,0.0,0.0,0.0,0.0,0.0,0.0,0.0
2420.0,"Karate Kid, The (1984)",Drama,2227.0,['Drama'],0.0,0.0,0.0,0.0,0.0,0.0,0.0,1.0,0.0,0.0,0.0,0.0,0.0,0.0,0.0,0.0,0.0,0.0
2421.0,"Karate Kid, Part II, The (1986)",Action|Adventure|Drama,2228.0,"['Action', 'Adventure', 'Drama']",0.0,0.0,0.0,0.0,0.0,0.0,0.0,0.0,0.0,0.0,1.0,0.0,0.0,0.0,0.0,0.0,0.0,0.0
2422.0,"Karate Kid III, The (1989)",Action|Adventure|Drama,2229.0,"['Action', 'Adventure', 'Drama']",1.0,0.0,0.0,0.0,0.0,0.0,0.0,0.0,0.0,0.0,0.0,0.0,0.0,0.0,1.0,0.0,0.0,0.0
2423.0,Christmas Vacation (1989),Comedy,2230.0,['Comedy'],0.0,0.0,0.0,0.0,0.0,0.0,0.0,0.0,0.0,0.0,1.0,0.0,0.0,0.0,0.0,1.0,0.0,0.0
2424.0,You've Got Mail (1998),Comedy|Romance,2231.0,"['Comedy', 'Romance']",0.0,0.0,0.0,0.0,0.0,0.0,0.0,1.0,0.0,0.0,0.0,0.0,0.0,0.0,0.0,1.0,0.0,0.0
2425.0,"General, The (1998)",Crime,2232.0,['Crime'],0.0,0.0,0.0,0.0,1.0,0.0,0.0,0.0,0.0,0.0,0.0,0.0,0.0,0.0,0.0,0.0,0.0,0.0
2426.0,"Theory of Flight, The (1998)",Comedy|Drama|Romance,2233.0,"['Comedy', 'Drama', 'Romance']",0.0,0.0,0.0,0.0,0.0,0.0,0.0,0.0,0.0,0.0,1.0,0.0,0.0,0.0,1.0,1.0,0.0,0.0
2427.0,"Thin Red Line, The (1998)",Action|Drama|War,2234.0,"['Action', 'Drama', 'War']",0.0,0.0,0.0,0.0,0.0,0.0,0.0,0.0,0.0,0.0,1.0,0.0,0.0,0.0,1.0,1.0,0.0,0.0
2428.0,"Faculty, The (1998)",Horror|Sci-Fi,2235.0,"['Horror', 'Sci-Fi']",0.0,0.0,0.0,0.0,1.0,0.0,0.0,0.0,0.0,0.0,0.0,0.0,0.0,0.0,0.0,0.0,0.0,0.0
2429.0,Mighty Joe Young (1998),Adventure|Children's|Drama,2236.0,"['Adventure', ""Children's"", 'Drama']",0.0,0.0,0.0,0.0,1.0,0.0,0.0,1.0,0.0,0.0,0.0,0.0,0.0,1.0,0.0,0.0,0.0,0.0
2430.0,Mighty Joe Young (1949),Adventure|Children's|Drama,2237.0,"['Adventure', ""Children's"", 'Drama']",0.0,0.0,0.0,0.0,0.0,0.0,0.0,1.0,0.0,0.0,0.0,0.0,0.0,0.0,0.0,0.0,0.0,0.0
2431.0,Patch Adams (1998),Comedy|Drama,2238.0,"['Comedy', 'Drama']",0.0,0.0,0.0,0.0,1.0,0.0,0.0,0.0,0.0,0.0,0.0,0.0,0.0,1.0,0.0,0.0,0.0,0.0
2432.0,Stepmom (1998),Drama,2239.0,['Drama'],0.0,0.0,1.0,1.0,0.0,0.0,0.0,0.0,0.0,0.0,0.0,0.0,0.0,0.0,0.0,0.0,0.0,0.0
2433.0,"Civil Action, A (1998)",Drama,2240.0,['Drama'],0.0,0.0,0.0,0.0,0.0,0.0,0.0,1.0,0.0,0.0,1.0,0.0,0.0,0.0,0.0,0.0,0.0,0.0
2434.0,Down in the Delta (1998),Drama,2241.0,['Drama'],0.0,0.0,0.0,0.0,0.0,1.0,0.0,0.0,0.0,0.0,0.0,0.0,0.0,0.0,0.0,1.0,0.0,0.0
2435.0,Hurlyburly (1998),Drama,2242.0,['Drama'],0.0,0.0,0.0,0.0,0.0,0.0,0.0,1.0,0.0,0.0,0.0,0.0,0.0,0.0,0.0,0.0,0.0,0.0
2436.0,Tea with Mussolini (1999),Comedy,2243.0,['Comedy'],0.0,0.0,0.0,0.0,0.0,0.0,0.0,1.0,0.0,0.0,0.0,0.0,0.0,0.0,0.0,0.0,0.0,0.0
2437.0,Wilde (1997),Drama,2244.0,['Drama'],0.0,0.0,0.0,0.0,0.0,0.0,0.0,0.0,0.0,0.0,0.0,1.0,0.0,0.0,0.0,0.0,0.0,0.0
2438.0,Outside Ozona (1998),Drama|Thriller,2245.0,"['Drama', 'Thriller']",0.0,0.0,1.0,1.0,0.0,0.0,0.0,0.0,0.0,0.0,0.0,0.0,0.0,0.0,0.0,0.0,0.0,0.0
2439.0,Affliction (1997),Drama,2246.0,['Drama'],0.0,0.0,0.0,0.0,1.0,0.0,0.0,0.0,0.0,0.0,0.0,0.0,0.0,0.0,0.0,0.0,0.0,0.0
2440.0,Another Day in Paradise (1998),Drama,2247.0,['Drama'],1.0,0.0,0.0,0.0,0.0,1.0,0.0,0.0,0.0,0.0,0.0,0.0,0.0,0.0,0.0,0.0,0.0,0.0
2441.0,"Hi-Lo Country, The (1998)",Drama|Western,2248.0,"['Drama', 'Western']",0.0,0.0,0.0,0.0,0.0,0.0,0.0,1.0,0.0,0.0,0.0,0.0,0.0,1.0,0.0,0.0,0.0,0.0
2442.0,Hilary and Jackie (1998),Drama,2249.0,['Drama'],0.0,0.0,0.0,0.0,0.0,0.0,0.0,1.0,0.0,0.0,0.0,0.0,0.0,1.0,0.0,0.0,0.0,0.0
2443.0,Playing by Heart (1998),Drama|Romance,2250.0,"['Drama', 'Romance']",1.0,0.0,0.0,0.0,0.0,0.0,0.0,0.0,0.0,0.0,0.0,0.0,0.0,0.0,1.0,1.0,0.0,0.0
2444.0,24 7: Twenty Four Seven (1997),Comedy|Drama,2251.0,"['Comedy', 'Drama']",0.0,0.0,0.0,0.0,1.0,0.0,0.0,0.0,0.0,0.0,0.0,0.0,0.0,1.0,0.0,0.0,0.0,0.0
2445.0,At First Sight (1999),Drama,2252.0,['Drama'],0.0,0.0,0.0,0.0,0.0,0.0,0.0,1.0,0.0,0.0,0.0,0.0,0.0,0.0,0.0,0.0,0.0,0.0
2446.0,In Dreams (1999),Thriller,2253.0,['Thriller'],0.0,0.0,0.0,0.0,1.0,0.0,0.0,0.0,0.0,0.0,0.0,0.0,0.0,0.0,0.0,0.0,0.0,0.0
2447.0,Varsity Blues (1999),Comedy|Drama,2254.0,"['Comedy', 'Drama']",0.0,0.0,0.0,0.0,0.0,0.0,0.0,1.0,0.0,0.0,0.0,0.0,0.0,0.0,0.0,0.0,0.0,0.0
2448.0,Virus (1999),Horror|Sci-Fi,2255.0,"['Horror', 'Sci-Fi']",0.0,0.0,0.0,0.0,0.0,0.0,0.0,1.0,0.0,0.0,0.0,0.0,0.0,0.0,0.0,0.0,0.0,0.0
2449.0,"Garbage Pail Kids Movie, The (1987)",Adventure|Children's,2256.0,"['Adventure', ""Children's""]",0.0,0.0,0.0,0.0,1.0,0.0,0.0,1.0,0.0,0.0,0.0,0.0,0.0,0.0,0.0,0.0,0.0,0.0
2450.0,Howard the Duck (1986),Adventure|Children's|Sci-Fi,2257.0,"['Adventure', ""Children's"", 'Sci-Fi']",0.0,0.0,0.0,0.0,0.0,0.0,0.0,0.0,0.0,0.0,0.0,0.0,0.0,0.0,1.0,0.0,0.0,0.0
2451.0,"Gate, The (1987)",Horror,2258.0,['Horror'],0.0,0.0,0.0,0.0,0.0,0.0,0.0,1.0,0.0,0.0,0.0,0.0,0.0,0.0,0.0,0.0,0.0,0.0
2452.0,"Gate II: Trespassers, The (1990)",Horror,2259.0,['Horror'],0.0,0.0,0.0,0.0,0.0,1.0,0.0,0.0,0.0,0.0,0.0,0.0,0.0,0.0,0.0,0.0,0.0,0.0
2453.0,"Boy Who Could Fly, The (1986)",Drama|Fantasy,2260.0,"['Drama', 'Fantasy']",0.0,0.0,0.0,0.0,1.0,0.0,0.0,0.0,0.0,0.0,0.0,0.0,0.0,1.0,0.0,0.0,0.0,0.0
2454.0,"Fly, The (1958)",Horror|Sci-Fi,2261.0,"['Horror', 'Sci-Fi']",1.0,0.0,0.0,0.0,1.0,0.0,0.0,0.0,0.0,0.0,0.0,0.0,0.0,0.0,0.0,0.0,0.0,0.0
2455.0,"Fly, The (1986)",Horror|Sci-Fi,2262.0,"['Horror', 'Sci-Fi']",0.0,0.0,0.0,0.0,0.0,0.0,0.0,0.0,0.0,0.0,0.0,0.0,1.0,0.0,0.0,0.0,0.0,0.0
2456.0,"Fly II, The (1989)",Horror|Sci-Fi,2263.0,"['Horror', 'Sci-Fi']",0.0,0.0,0.0,0.0,1.0,0.0,0.0,0.0,0.0,0.0,0.0,0.0,0.0,0.0,0.0,0.0,0.0,0.0
2457.0,Running Scared (1986),Action|Comedy,2264.0,"['Action', 'Comedy']",0.0,0.0,0.0,0.0,0.0,0.0,0.0,1.0,0.0,0.0,0.0,0.0,0.0,1.0,0.0,0.0,0.0,0.0
2458.0,Armed and Dangerous (1986),Comedy|Crime,2265.0,"['Comedy', 'Crime']",0.0,0.0,0.0,0.0,1.0,1.0,0.0,0.0,0.0,0.0,0.0,0.0,0.0,0.0,0.0,1.0,0.0,0.0
2459.0,"Texas Chainsaw Massacre, The (1974)",Horror,2266.0,['Horror'],0.0,0.0,0.0,0.0,1.0,0.0,0.0,0.0,0.0,0.0,0.0,0.0,0.0,0.0,0.0,0.0,0.0,0.0
2460.0,"Texas Chainsaw Massacre 2, The (1986)",Horror,2267.0,['Horror'],0.0,0.0,0.0,0.0,1.0,0.0,0.0,1.0,0.0,0.0,0.0,0.0,0.0,1.0,0.0,0.0,0.0,0.0
2461.0,Leatherface: Texas Chainsaw Massacre III (1990),Horror,2268.0,['Horror'],0.0,0.0,0.0,0.0,0.0,0.0,0.0,1.0,0.0,0.0,0.0,0.0,0.0,0.0,0.0,0.0,0.0,0.0
2462.0,"Return of the Texas Chainsaw Massacre, The (1994)",Horror,2269.0,['Horror'],0.0,0.0,0.0,0.0,1.0,0.0,0.0,0.0,0.0,0.0,0.0,0.0,0.0,1.0,0.0,0.0,0.0,0.0
2463.0,Ruthless People (1986),Comedy,2270.0,['Comedy'],0.0,0.0,0.0,0.0,0.0,0.0,0.0,1.0,0.0,0.0,0.0,0.0,0.0,0.0,0.0,0.0,0.0,0.0
2464.0,Trick or Treat (1986),Horror,2271.0,['Horror'],0.0,0.0,0.0,0.0,1.0,0.0,0.0,0.0,0.0,0.0,0.0,0.0,0.0,0.0,0.0,0.0,0.0,0.0
2465.0,Deadly Friend (1986),Horror,2272.0,['Horror'],0.0,0.0,0.0,0.0,0.0,0.0,0.0,1.0,0.0,0.0,0.0,0.0,0.0,1.0,1.0,0.0,0.0,0.0
2466.0,Belizaire the Cajun (1986),Drama,2273.0,['Drama'],0.0,0.0,0.0,0.0,1.0,0.0,0.0,1.0,0.0,0.0,0.0,0.0,0.0,0.0,0.0,0.0,0.0,0.0
2467.0,"Name of the Rose, The (1986)",Mystery,2274.0,['Mystery'],0.0,0.0,0.0,0.0,1.0,0.0,0.0,0.0,0.0,0.0,0.0,0.0,0.0,1.0,0.0,0.0,0.0,0.0
2468.0,Jumpin' Jack Flash (1986),Action|Comedy|Romance|Thriller,2275.0,"['Action', 'Comedy', 'Romance', 'Thriller']",0.0,0.0,0.0,0.0,1.0,0.0,0.0,0.0,0.0,0.0,0.0,0.0,0.0,0.0,0.0,0.0,0.0,0.0
2469.0,Peggy Sue Got Married (1986),Comedy|Romance,2276.0,"['Comedy', 'Romance']",0.0,0.0,0.0,0.0,1.0,0.0,0.0,0.0,0.0,0.0,0.0,0.0,0.0,0.0,0.0,0.0,0.0,0.0
2470.0,Crocodile Dundee (1986),Adventure|Comedy,2277.0,"['Adventure', 'Comedy']",1.0,0.0,0.0,0.0,0.0,0.0,0.0,0.0,0.0,0.0,0.0,0.0,0.0,0.0,1.0,1.0,0.0,0.0
2471.0,Crocodile Dundee II (1988),Adventure|Comedy,2278.0,"['Adventure', 'Comedy']",0.0,1.0,0.0,0.0,0.0,0.0,0.0,0.0,0.0,0.0,0.0,0.0,0.0,0.0,1.0,0.0,0.0,0.0
2472.0,Tough Guys (1986),Comedy,2279.0,['Comedy'],0.0,0.0,0.0,0.0,0.0,1.0,0.0,0.0,0.0,0.0,0.0,0.0,0.0,0.0,0.0,1.0,0.0,0.0
2473.0,Soul Man (1986),Comedy,2280.0,['Comedy'],0.0,0.0,0.0,0.0,1.0,0.0,0.0,0.0,0.0,0.0,1.0,0.0,0.0,0.0,0.0,0.0,0.0,0.0
2474.0,"Color of Money, The (1986)",Drama,2281.0,['Drama'],0.0,0.0,0.0,0.0,0.0,0.0,0.0,1.0,0.0,0.0,0.0,0.0,0.0,0.0,0.0,0.0,0.0,0.0
2475.0,52 Pick-Up (1986),Action|Mystery|Thriller,2282.0,"['Action', 'Mystery', 'Thriller']",0.0,0.0,0.0,0.0,0.0,0.0,0.0,0.0,0.0,0.0,0.0,0.0,0.0,0.0,0.0,1.0,0.0,0.0
2476.0,Heartbreak Ridge (1986),Action|War,2283.0,"['Action', 'War']",0.0,0.0,0.0,0.0,0.0,0.0,0.0,1.0,0.0,0.0,0.0,0.0,0.0,0.0,0.0,0.0,0.0,0.0
2477.0,Firewalker (1986),Adventure,2284.0,['Adventure'],0.0,0.0,0.0,0.0,0.0,0.0,0.0,1.0,0.0,0.0,0.0,0.0,0.0,0.0,0.0,0.0,0.0,0.0
2478.0,Three Amigos! (1986),Comedy|Western,2285.0,"['Comedy', 'Western']",0.0,0.0,0.0,0.0,0.0,0.0,0.0,1.0,0.0,0.0,0.0,0.0,0.0,0.0,0.0,0.0,0.0,0.0
2479.0,Gloria (1999),Drama|Thriller,2286.0,"['Drama', 'Thriller']",0.0,0.0,0.0,0.0,0.0,0.0,0.0,1.0,0.0,0.0,0.0,0.0,0.0,0.0,0.0,0.0,0.0,0.0
2480.0,Dry Cleaning (Nettoyage à sec) (1997),Drama,2287.0,['Drama'],1.0,0.0,0.0,0.0,0.0,0.0,0.0,0.0,0.0,0.0,1.0,0.0,0.0,0.0,1.0,0.0,0.0,0.0
2481.0,My Name Is Joe (1998),Drama|Romance,2288.0,"['Drama', 'Romance']",1.0,0.0,0.0,0.0,0.0,0.0,0.0,0.0,0.0,0.0,1.0,0.0,0.0,0.0,1.0,0.0,0.0,0.0
2482.0,Still Crazy (1998),Comedy|Romance,2289.0,"['Comedy', 'Romance']",0.0,1.0,0.0,0.0,0.0,0.0,0.0,0.0,0.0,0.0,0.0,0.0,0.0,0.0,1.0,0.0,0.0,0.0
2483.0,"Day of the Beast, The (El Día de la bestia) (1995)",Comedy|Horror|Thriller,2290.0,"['Comedy', 'Horror', 'Thriller']",1.0,0.0,0.0,0.0,0.0,1.0,0.0,0.0,0.0,0.0,0.0,0.0,0.0,0.0,0.0,0.0,0.0,0.0
2484.0,Tinseltown (1998),Comedy,2291.0,['Comedy'],1.0,1.0,0.0,0.0,0.0,0.0,0.0,0.0,0.0,0.0,1.0,0.0,0.0,0.0,0.0,1.0,0.0,0.0
2485.0,She's All That (1999),Comedy|Romance,2292.0,"['Comedy', 'Romance']",0.0,0.0,0.0,0.0,1.0,0.0,0.0,0.0,0.0,0.0,0.0,0.0,0.0,0.0,0.0,0.0,0.0,0.0
2486.0,24-hour Woman (1998),Drama,2293.0,['Drama'],0.0,0.0,0.0,0.0,0.0,0.0,0.0,1.0,0.0,0.0,0.0,0.0,0.0,0.0,0.0,0.0,0.0,0.0
2487.0,"Blood, Guts, Bullets and Octane (1998)",Action|Comedy,2294.0,"['Action', 'Comedy']",0.0,0.0,0.0,0.0,0.0,0.0,0.0,1.0,0.0,0.0,0.0,0.0,0.0,1.0,0.0,0.0,0.0,0.0
2488.0,Peeping Tom (1960),Drama|Horror|Thriller,2295.0,"['Drama', 'Horror', 'Thriller']",0.0,0.0,0.0,0.0,0.0,0.0,0.0,1.0,0.0,0.0,0.0,0.0,0.0,1.0,0.0,0.0,0.0,0.0
2490.0,Payback (1999),Action|Thriller,2296.0,"['Action', 'Thriller']",0.0,0.0,0.0,0.0,1.0,0.0,0.0,0.0,0.0,0.0,0.0,0.0,0.0,0.0,0.0,0.0,0.0,0.0
2491.0,Simply Irresistible (1999),Comedy|Romance,2297.0,"['Comedy', 'Romance']",0.0,0.0,0.0,0.0,0.0,0.0,0.0,1.0,0.0,0.0,0.0,0.0,0.0,0.0,0.0,0.0,0.0,0.0
2492.0,20 Dates (1998),Comedy,2298.0,['Comedy'],1.0,0.0,0.0,0.0,0.0,0.0,0.0,0.0,0.0,0.0,0.0,0.0,0.0,0.0,0.0,0.0,0.0,0.0
2493.0,"Harmonists, The (1997)",Drama,2299.0,['Drama'],0.0,0.0,0.0,0.0,1.0,0.0,0.0,1.0,0.0,0.0,0.0,0.0,0.0,1.0,0.0,0.0,0.0,0.0
2494.0,"Last Days, The (1998)",Documentary,2300.0,['Documentary'],0.0,0.0,0.0,0.0,0.0,0.0,1.0,1.0,0.0,0.0,0.0,0.0,0.0,0.0,0.0,0.0,0.0,0.0
2495.0,"Fantastic Planet, The (La Planète sauvage) (1973)",Animation|Sci-Fi,2301.0,"['Animation', 'Sci-Fi']",1.0,1.0,0.0,0.0,0.0,0.0,0.0,0.0,1.0,0.0,0.0,0.0,0.0,0.0,1.0,0.0,0.0,0.0
2496.0,Blast from the Past (1999),Comedy|Romance,2302.0,"['Comedy', 'Romance']",0.0,0.0,0.0,0.0,1.0,0.0,0.0,0.0,0.0,0.0,0.0,0.0,0.0,1.0,0.0,0.0,0.0,0.0
2497.0,Message in a Bottle (1999),Romance,2303.0,['Romance'],0.0,0.0,0.0,0.0,0.0,0.0,0.0,1.0,0.0,0.0,0.0,0.0,0.0,0.0,0.0,0.0,0.0,0.0
2498.0,My Favorite Martian (1999),Comedy|Sci-Fi,2304.0,"['Comedy', 'Sci-Fi']",0.0,0.0,0.0,0.0,1.0,0.0,0.0,0.0,0.0,1.0,0.0,0.0,0.0,0.0,0.0,1.0,0.0,0.0
2499.0,God Said 'Ha!' (1998),Comedy,2305.0,['Comedy'],0.0,0.0,0.0,0.0,0.0,0.0,0.0,1.0,0.0,0.0,0.0,0.0,0.0,0.0,0.0,0.0,0.0,0.0
2500.0,Jawbreaker (1999),Comedy,2306.0,['Comedy'],0.0,0.0,0.0,0.0,0.0,0.0,0.0,0.0,0.0,0.0,1.0,0.0,0.0,1.0,0.0,0.0,0.0,0.0
2501.0,October Sky (1999),Drama,2307.0,['Drama'],0.0,0.0,0.0,0.0,0.0,0.0,0.0,0.0,0.0,0.0,1.0,0.0,0.0,0.0,0.0,0.0,0.0,0.0
2502.0,Office Space (1999),Comedy|Romance,2308.0,"['Comedy', 'Romance']",0.0,0.0,0.0,0.0,0.0,0.0,0.0,0.0,0.0,0.0,1.0,0.0,0.0,0.0,0.0,0.0,0.0,0.0
2503.0,"Apple, The (Sib) (1998)",Drama,2309.0,['Drama'],0.0,0.0,0.0,0.0,0.0,0.0,0.0,0.0,0.0,0.0,1.0,0.0,0.0,0.0,0.0,0.0,0.0,0.0
2504.0,200 Cigarettes (1999),Comedy|Drama,2310.0,"['Comedy', 'Drama']",0.0,0.0,0.0,0.0,0.0,0.0,0.0,0.0,0.0,0.0,1.0,0.0,0.0,0.0,0.0,0.0,0.0,0.0
2505.0,8MM (1999),Thriller,2311.0,['Thriller'],0.0,0.0,0.0,0.0,0.0,0.0,0.0,0.0,0.0,0.0,1.0,0.0,0.0,0.0,0.0,0.0,0.0,0.0
2506.0,"Other Sister, The (1999)",Comedy|Drama|Romance,2312.0,"['Comedy', 'Drama', 'Romance']",0.0,0.0,0.0,0.0,0.0,0.0,0.0,1.0,0.0,0.0,0.0,0.0,0.0,0.0,0.0,0.0,0.0,0.0
2507.0,Breakfast of Champions (1999),Comedy,2313.0,['Comedy'],1.0,1.0,0.0,0.0,0.0,0.0,0.0,0.0,0.0,0.0,0.0,0.0,0.0,0.0,1.0,0.0,0.0,0.0
2509.0,Eight Days a Week (1997),Comedy,2314.0,['Comedy'],1.0,1.0,0.0,0.0,0.0,0.0,0.0,0.0,0.0,0.0,0.0,0.0,0.0,0.0,1.0,0.0,0.0,0.0
2510.0,Just the Ticket (1999),Comedy|Romance,2315.0,"['Comedy', 'Romance']",1.0,1.0,0.0,0.0,0.0,0.0,0.0,0.0,0.0,0.0,0.0,0.0,0.0,0.0,1.0,0.0,0.0,0.0
2511.0,"Long Goodbye, The (1973)",Crime,2316.0,['Crime'],0.0,0.0,0.0,0.0,0.0,0.0,0.0,0.0,0.0,0.0,1.0,0.0,0.0,0.0,0.0,0.0,0.0,0.0
2512.0,"Ballad of Narayama, The (Narayama Bushiko) (1982)",Drama,2317.0,['Drama'],0.0,0.0,0.0,0.0,0.0,0.0,0.0,0.0,0.0,0.0,1.0,0.0,0.0,0.0,0.0,0.0,0.0,0.0
2513.0,Pet Sematary (1989),Horror,2318.0,['Horror'],0.0,0.0,0.0,0.0,0.0,0.0,0.0,0.0,0.0,0.0,1.0,0.0,0.0,0.0,0.0,0.0,0.0,0.0
2514.0,Pet Sematary II (1992),Horror,2319.0,['Horror'],0.0,0.0,0.0,0.0,0.0,0.0,0.0,0.0,0.0,0.0,1.0,0.0,0.0,0.0,0.0,0.0,0.0,0.0
2515.0,Children of the Corn II: The Final Sacrifice (1993),Horror,2320.0,['Horror'],0.0,0.0,0.0,0.0,0.0,0.0,0.0,0.0,0.0,0.0,1.0,0.0,0.0,0.0,0.0,0.0,0.0,0.0
2516.0,Children of the Corn III (1994),Horror,2321.0,['Horror'],0.0,0.0,0.0,0.0,0.0,0.0,0.0,0.0,0.0,0.0,1.0,0.0,0.0,0.0,0.0,0.0,0.0,0.0
2517.0,Christine (1983),Horror,2322.0,['Horror'],0.0,0.0,0.0,0.0,0.0,0.0,0.0,0.0,0.0,0.0,1.0,0.0,0.0,0.0,0.0,0.0,0.0,0.0
2518.0,Night Shift (1982),Comedy,2323.0,['Comedy'],0.0,0.0,0.0,0.0,0.0,0.0,0.0,0.0,0.0,0.0,1.0,0.0,0.0,0.0,0.0,0.0,0.0,0.0
2519.0,House on Haunted Hill (1958),Horror,2324.0,['Horror'],0.0,0.0,0.0,0.0,0.0,0.0,0.0,0.0,0.0,0.0,1.0,0.0,0.0,0.0,0.0,0.0,0.0,0.0
2520.0,Airport (1970),Drama,2325.0,['Drama'],0.0,0.0,0.0,0.0,0.0,0.0,0.0,0.0,0.0,0.0,1.0,0.0,0.0,0.0,0.0,0.0,0.0,0.0
2521.0,Airport 1975 (1974),Drama,2326.0,['Drama'],0.0,0.0,0.0,0.0,0.0,0.0,0.0,0.0,0.0,0.0,1.0,0.0,0.0,0.0,0.0,0.0,0.0,0.0
2522.0,Airport '77 (1977),Drama,2327.0,['Drama'],0.0,0.0,0.0,0.0,0.0,0.0,0.0,0.0,0.0,0.0,1.0,0.0,0.0,0.0,0.0,0.0,0.0,0.0
2523.0,Rollercoaster (1977),Drama|Thriller,2328.0,"['Drama', 'Thriller']",0.0,0.0,0.0,0.0,0.0,0.0,0.0,0.0,0.0,0.0,1.0,0.0,0.0,0.0,1.0,0.0,0.0,0.0
2524.0,"Towering Inferno, The (1974)",Action|Drama,2329.0,"['Action', 'Drama']",0.0,0.0,0.0,0.0,1.0,0.0,0.0,0.0,0.0,0.0,1.0,1.0,0.0,0.0,1.0,0.0,0.0,0.0
2525.0,Alligator (1980),Action|Horror|Sci-Fi,2330.0,"['Action', 'Horror', 'Sci-Fi']",0.0,0.0,0.0,0.0,0.0,0.0,0.0,0.0,0.0,0.0,0.0,0.0,0.0,0.0,1.0,0.0,0.0,0.0
2526.0,Meteor (1979),Sci-Fi,2331.0,['Sci-Fi'],0.0,0.0,0.0,0.0,1.0,0.0,1.0,0.0,0.0,0.0,0.0,0.0,0.0,0.0,0.0,0.0,0.0,0.0
2527.0,Westworld (1973),Action|Sci-Fi|Thriller|Western,2332.0,"['Action', 'Sci-Fi', 'Thriller', 'Western']",0.0,0.0,0.0,0.0,0.0,0.0,0.0,0.0,0.0,0.0,0.0,0.0,0.0,0.0,1.0,0.0,0.0,0.0
2528.0,Logan's Run (1976),Action|Adventure|Sci-Fi,2333.0,"['Action', 'Adventure', 'Sci-Fi']",0.0,0.0,0.0,0.0,0.0,0.0,0.0,0.0,0.0,0.0,0.0,0.0,0.0,0.0,1.0,0.0,0.0,0.0
2529.0,Planet of the Apes (1968),Action|Sci-Fi,2334.0,"['Action', 'Sci-Fi']",1.0,0.0,0.0,0.0,0.0,0.0,0.0,0.0,0.0,0.0,0.0,0.0,0.0,0.0,1.0,0.0,1.0,0.0
2530.0,Beneath the Planet of the Apes (1970),Action|Sci-Fi,2335.0,"['Action', 'Sci-Fi']",0.0,0.0,0.0,0.0,0.0,0.0,0.0,0.0,0.0,0.0,0.0,0.0,0.0,0.0,1.0,0.0,0.0,0.0
2531.0,Battle for the Planet of the Apes (1973),Action|Sci-Fi,2336.0,"['Action', 'Sci-Fi']",0.0,0.0,0.0,0.0,0.0,0.0,0.0,0.0,0.0,0.0,1.0,0.0,0.0,0.0,1.0,0.0,0.0,0.0
2532.0,Conquest of the Planet of the Apes (1972),Action|Sci-Fi,2337.0,"['Action', 'Sci-Fi']",0.0,0.0,0.0,0.0,0.0,0.0,0.0,0.0,0.0,0.0,0.0,0.0,0.0,0.0,1.0,0.0,0.0,0.0
2533.0,Escape from the Planet of the Apes (1971),Action|Sci-Fi,2338.0,"['Action', 'Sci-Fi']",0.0,0.0,0.0,0.0,0.0,0.0,0.0,0.0,0.0,0.0,0.0,0.0,0.0,0.0,1.0,0.0,0.0,0.0
2534.0,Avalanche (1978),Action,2339.0,['Action'],0.0,0.0,0.0,0.0,0.0,0.0,0.0,0.0,0.0,0.0,0.0,0.0,0.0,0.0,1.0,0.0,0.0,0.0
2535.0,Earthquake (1974),Action,2340.0,['Action'],0.0,0.0,0.0,0.0,0.0,0.0,0.0,0.0,0.0,0.0,1.0,0.0,0.0,0.0,1.0,0.0,0.0,0.0
2536.0,"Concorde: Airport '79, The (1979)",Drama,2341.0,['Drama'],0.0,0.0,0.0,0.0,0.0,0.0,0.0,0.0,0.0,0.0,0.0,0.0,0.0,0.0,0.0,0.0,1.0,0.0
2537.0,Beyond the Poseidon Adventure (1979),Adventure,2342.0,['Adventure'],0.0,0.0,0.0,0.0,0.0,0.0,0.0,0.0,0.0,0.0,0.0,0.0,0.0,0.0,0.0,0.0,1.0,0.0
2538.0,Dancemaker (1998),Documentary,2343.0,['Documentary'],0.0,0.0,0.0,0.0,1.0,0.0,0.0,0.0,0.0,0.0,0.0,0.0,0.0,1.0,0.0,0.0,0.0,0.0
2539.0,Analyze This (1999),Comedy,2344.0,['Comedy'],0.0,0.0,0.0,0.0,0.0,0.0,0.0,1.0,0.0,0.0,0.0,0.0,0.0,0.0,1.0,1.0,0.0,0.0
2540.0,"Corruptor, The (1999)",Action|Crime|Drama|Thriller,2345.0,"['Action', 'Crime', 'Drama', 'Thriller']",0.0,0.0,0.0,0.0,0.0,0.0,0.0,1.0,0.0,0.0,0.0,0.0,0.0,0.0,0.0,0.0,0.0,0.0
2541.0,Cruel Intentions (1999),Drama,2346.0,['Drama'],0.0,0.0,0.0,0.0,0.0,0.0,0.0,1.0,0.0,0.0,0.0,0.0,0.0,0.0,0.0,0.0,0.0,0.0
2542.0,"Lock, Stock & Two Smoking Barrels (1998)",Comedy|Crime|Thriller,2347.0,"['Comedy', 'Crime', 'Thriller']",0.0,0.0,0.0,0.0,1.0,0.0,0.0,1.0,0.0,0.0,0.0,0.0,0.0,1.0,0.0,0.0,0.0,0.0
2543.0,Six Ways to Sunday (1997),Comedy,2348.0,['Comedy'],0.0,0.0,0.0,0.0,0.0,0.0,0.0,1.0,0.0,0.0,0.0,0.0,0.0,0.0,0.0,1.0,0.0,0.0
2544.0,"School of Flesh, The (L' École de la chair) (1998)",Drama,2349.0,['Drama'],0.0,0.0,0.0,0.0,0.0,0.0,1.0,0.0,0.0,0.0,0.0,0.0,0.0,0.0,0.0,0.0,0.0,0.0
2545.0,Relax... It's Just Sex (1998),Comedy,2350.0,['Comedy'],0.0,0.0,0.0,0.0,0.0,0.0,0.0,1.0,0.0,0.0,0.0,0.0,0.0,0.0,0.0,0.0,0.0,0.0
2546.0,"Deep End of the Ocean, The (1999)",Drama,2351.0,['Drama'],0.0,0.0,0.0,0.0,0.0,0.0,0.0,1.0,0.0,0.0,0.0,0.0,0.0,1.0,0.0,0.0,0.0,0.0
2548.0,"Rage: Carrie 2, The (1999)",Horror,2352.0,['Horror'],0.0,0.0,0.0,0.0,0.0,0.0,0.0,1.0,0.0,0.0,0.0,0.0,0.0,0.0,0.0,0.0,0.0,0.0
2549.0,Wing Commander (1999),Action|Sci-Fi,2353.0,"['Action', 'Sci-Fi']",0.0,0.0,0.0,0.0,1.0,0.0,0.0,0.0,0.0,0.0,0.0,0.0,0.0,0.0,0.0,0.0,0.0,0.0
2550.0,"Haunting, The (1963)",Horror|Thriller,2354.0,"['Horror', 'Thriller']",0.0,0.0,0.0,0.0,1.0,0.0,0.0,1.0,0.0,0.0,0.0,0.0,0.0,0.0,0.0,0.0,0.0,0.0
2551.0,Dead Ringers (1988),Drama|Thriller,2355.0,"['Drama', 'Thriller']",0.0,0.0,0.0,0.0,0.0,0.0,0.0,1.0,0.0,0.0,0.0,0.0,1.0,0.0,0.0,0.0,0.0,0.0
2552.0,My Boyfriend's Back (1993),Comedy,2356.0,['Comedy'],0.0,0.0,1.0,1.0,0.0,0.0,0.0,0.0,0.0,0.0,0.0,0.0,0.0,0.0,0.0,0.0,0.0,0.0
2553.0,Village of the Damned (1960),Horror|Sci-Fi|Thriller,2357.0,"['Horror', 'Sci-Fi', 'Thriller']",0.0,0.0,0.0,0.0,0.0,0.0,0.0,1.0,0.0,0.0,0.0,0.0,0.0,0.0,0.0,1.0,0.0,0.0
2554.0,Children of the Damned (1963),Horror|Sci-Fi|Thriller,2358.0,"['Horror', 'Sci-Fi', 'Thriller']",0.0,0.0,0.0,0.0,0.0,0.0,1.0,0.0,0.0,0.0,0.0,0.0,0.0,0.0,0.0,0.0,0.0,0.0
2555.0,Baby Geniuses (1999),Comedy,2359.0,['Comedy'],0.0,0.0,0.0,0.0,1.0,0.0,0.0,0.0,0.0,0.0,0.0,0.0,0.0,0.0,0.0,0.0,0.0,0.0
2556.0,Telling You (1998),Comedy|Drama|Romance,2360.0,"['Comedy', 'Drama', 'Romance']",0.0,0.0,0.0,0.0,0.0,0.0,0.0,1.0,0.0,0.0,0.0,0.0,0.0,0.0,0.0,0.0,0.0,0.0
2557.0,I Stand Alone (Seul contre tous) (1998),Drama,2361.0,['Drama'],1.0,0.0,0.0,0.0,0.0,1.0,0.0,0.0,0.0,0.0,0.0,0.0,0.0,1.0,0.0,0.0,0.0,0.0
2558.0,Forces of Nature (1999),Comedy|Romance,2362.0,"['Comedy', 'Romance']",0.0,0.0,0.0,0.0,0.0,0.0,1.0,0.0,0.0,0.0,0.0,0.0,0.0,0.0,0.0,0.0,0.0,0.0
2559.0,"King and I, The (1999)",Animation|Children's,2363.0,"['Animation', ""Children's""]",0.0,0.0,0.0,0.0,1.0,0.0,0.0,0.0,0.0,0.0,0.0,0.0,0.0,0.0,0.0,0.0,0.0,0.0
2560.0,Ravenous (1999),Drama|Horror,2364.0,"['Drama', 'Horror']",0.0,0.0,0.0,0.0,0.0,0.0,0.0,1.0,0.0,0.0,0.0,0.0,0.0,0.0,0.0,0.0,0.0,0.0
2561.0,True Crime (1999),Crime|Thriller,2365.0,"['Crime', 'Thriller']",0.0,0.0,0.0,0.0,1.0,0.0,0.0,0.0,0.0,0.0,0.0,0.0,0.0,0.0,0.0,0.0,0.0,0.0
2562.0,Bandits (1997),Drama,2366.0,['Drama'],0.0,0.0,0.0,0.0,1.0,0.0,0.0,1.0,0.0,0.0,0.0,0.0,0.0,1.0,0.0,0.0,0.0,0.0
2563.0,Beauty (1998),Drama,2367.0,['Drama'],1.0,0.0,0.0,0.0,1.0,0.0,0.0,0.0,0.0,0.0,0.0,0.0,0.0,0.0,1.0,1.0,0.0,0.0
2565.0,"King and I, The (1956)",Musical,2368.0,['Musical'],1.0,0.0,0.0,0.0,0.0,0.0,0.0,0.0,0.0,0.0,0.0,0.0,0.0,0.0,1.0,0.0,0.0,1.0
2566.0,Doug's 1st Movie (1999),Animation|Children's,2369.0,"['Animation', ""Children's""]",0.0,0.0,0.0,0.0,0.0,0.0,0.0,1.0,0.0,0.0,0.0,0.0,0.0,0.0,0.0,0.0,0.0,0.0
2567.0,EDtv (1999),Comedy,2370.0,['Comedy'],0.0,0.0,0.0,0.0,0.0,0.0,0.0,1.0,0.0,0.0,0.0,0.0,0.0,0.0,0.0,0.0,0.0,0.0
2568.0,"Mod Squad, The (1999)",Action|Crime,2371.0,"['Action', 'Crime']",0.0,0.0,0.0,0.0,0.0,0.0,0.0,1.0,0.0,0.0,0.0,0.0,0.0,1.0,0.0,0.0,0.0,0.0
2569.0,Among Giants (1998),Drama|Romance,2372.0,"['Drama', 'Romance']",0.0,0.0,0.0,0.0,0.0,0.0,0.0,1.0,0.0,0.0,0.0,0.0,0.0,0.0,0.0,0.0,0.0,0.0
2570.0,"Walk on the Moon, A (1999)",Drama|Romance,2373.0,"['Drama', 'Romance']",0.0,0.0,0.0,0.0,1.0,0.0,0.0,0.0,0.0,0.0,0.0,0.0,0.0,0.0,0.0,0.0,0.0,0.0
2571.0,"Matrix, The (1999)",Action|Sci-Fi|Thriller,2374.0,"['Action', 'Sci-Fi', 'Thriller']",0.0,0.0,0.0,0.0,0.0,0.0,0.0,0.0,0.0,0.0,0.0,0.0,0.0,0.0,0.0,1.0,0.0,0.0
2572.0,10 Things I Hate About You (1999),Comedy|Romance,2375.0,"['Comedy', 'Romance']",0.0,0.0,0.0,0.0,0.0,0.0,0.0,0.0,0.0,0.0,0.0,0.0,0.0,1.0,0.0,0.0,0.0,0.0
2573.0,Tango (1998),Drama,2376.0,['Drama'],0.0,0.0,0.0,1.0,1.0,0.0,0.0,0.0,0.0,0.0,0.0,0.0,0.0,0.0,0.0,0.0,0.0,0.0
2574.0,"Out-of-Towners, The (1999)",Comedy,2377.0,['Comedy'],0.0,0.0,0.0,0.0,0.0,0.0,0.0,0.0,0.0,0.0,1.0,0.0,0.0,0.0,0.0,0.0,0.0,0.0
2575.0,"Dreamlife of Angels, The (La Vie rêvée des anges) (1998)",Drama,2378.0,['Drama'],0.0,0.0,0.0,0.0,0.0,0.0,0.0,1.0,0.0,0.0,0.0,0.0,0.0,0.0,0.0,0.0,0.0,0.0
2576.0,"Love, etc. (1996)",Drama,2379.0,['Drama'],0.0,0.0,0.0,0.0,0.0,0.0,0.0,1.0,0.0,0.0,0.0,0.0,0.0,0.0,0.0,0.0,0.0,0.0
2577.0,Metroland (1997),Comedy|Drama,2380.0,"['Comedy', 'Drama']",0.0,0.0,0.0,0.0,0.0,0.0,0.0,0.0,0.0,0.0,1.0,0.0,0.0,0.0,0.0,1.0,0.0,0.0
2578.0,"Sticky Fingers of Time, The (1997)",Sci-Fi,2381.0,['Sci-Fi'],0.0,0.0,0.0,0.0,0.0,0.0,0.0,1.0,0.0,0.0,0.0,0.0,0.0,0.0,0.0,0.0,0.0,0.0
2579.0,Following (1998),Drama,2382.0,['Drama'],0.0,0.0,0.0,0.0,1.0,0.0,0.0,0.0,0.0,0.0,0.0,0.0,0.0,1.0,0.0,0.0,0.0,0.0
2580.0,Go (1999),Crime,2383.0,['Crime'],0.0,0.0,0.0,0.0,1.0,0.0,0.0,0.0,0.0,0.0,1.0,0.0,0.0,0.0,0.0,0.0,0.0,0.0
2581.0,Never Been Kissed (1999),Comedy|Romance,2384.0,"['Comedy', 'Romance']",0.0,0.0,0.0,0.0,1.0,0.0,0.0,0.0,0.0,0.0,1.0,0.0,0.0,0.0,0.0,0.0,0.0,0.0
2582.0,Twin Dragons (Shuang long hui) (1992),Action|Comedy,2385.0,"['Action', 'Comedy']",0.0,0.0,0.0,0.0,1.0,0.0,0.0,0.0,0.0,0.0,0.0,0.0,0.0,0.0,0.0,0.0,0.0,0.0
2583.0,Cookie's Fortune (1999),Mystery,2386.0,['Mystery'],0.0,0.0,0.0,0.0,0.0,0.0,0.0,0.0,0.0,0.0,1.0,0.0,0.0,0.0,0.0,1.0,0.0,0.0
2584.0,Foolish (1999),Comedy,2387.0,['Comedy'],1.0,1.0,0.0,1.0,1.0,0.0,0.0,0.0,0.0,0.0,0.0,0.0,0.0,0.0,0.0,0.0,0.0,0.0
2585.0,"Lovers of the Arctic Circle, The (Los Amantes del Círculo Polar) (1998)",Drama|Romance,2388.0,"['Drama', 'Romance']",0.0,0.0,0.0,0.0,0.0,0.0,0.0,0.0,0.0,0.0,0.0,0.0,0.0,1.0,0.0,0.0,0.0,0.0
2586.0,"Goodbye, Lover (1999)",Comedy|Crime|Thriller,2389.0,"['Comedy', 'Crime', 'Thriller']",1.0,0.0,0.0,0.0,0.0,0.0,0.0,0.0,0.0,0.0,0.0,0.0,0.0,0.0,1.0,1.0,0.0,0.0
2587.0,Life (1999),Comedy,2390.0,['Comedy'],1.0,1.0,0.0,0.0,1.0,0.0,0.0,0.0,0.0,0.0,0.0,0.0,0.0,0.0,0.0,0.0,0.0,0.0
2589.0,Friends & Lovers (1999),Comedy|Drama|Romance,2391.0,"['Comedy', 'Drama', 'Romance']",0.0,0.0,0.0,0.0,0.0,0.0,0.0,1.0,0.0,0.0,0.0,0.0,0.0,0.0,0.0,0.0,0.0,0.0
2590.0,Hideous Kinky (1998),Drama,2392.0,['Drama'],0.0,0.0,0.0,0.0,0.0,1.0,0.0,0.0,0.0,1.0,0.0,0.0,0.0,0.0,0.0,0.0,0.0,0.0
2591.0,Jeanne and the Perfect Guy (Jeanne et le garçon formidable) (1998),Comedy|Romance,2393.0,"['Comedy', 'Romance']",0.0,0.0,0.0,0.0,0.0,0.0,0.0,0.0,0.0,1.0,0.0,0.0,0.0,0.0,0.0,0.0,0.0,0.0
2592.0,"Joyriders, The (1999)",Drama,2394.0,['Drama'],0.0,0.0,0.0,0.0,0.0,0.0,0.0,1.0,0.0,0.0,0.0,0.0,0.0,0.0,0.0,0.0,0.0,0.0
2593.0,"Monster, The (Il Mostro) (1994)",Comedy,2395.0,['Comedy'],0.0,0.0,0.0,0.0,0.0,0.0,0.0,1.0,0.0,0.0,0.0,0.0,0.0,0.0,0.0,0.0,0.0,0.0
2594.0,Open Your Eyes (Abre los ojos) (1997),Drama|Romance|Sci-Fi,2396.0,"['Drama', 'Romance', 'Sci-Fi']",0.0,0.0,0.0,0.0,0.0,0.0,0.0,1.0,0.0,0.0,0.0,0.0,0.0,0.0,0.0,0.0,0.0,0.0
2596.0,SLC Punk! (1998),Comedy|Drama,2397.0,"['Comedy', 'Drama']",0.0,0.0,0.0,0.0,0.0,0.0,0.0,1.0,0.0,0.0,0.0,0.0,0.0,0.0,0.0,0.0,0.0,0.0
2597.0,Lost & Found (1999),Comedy|Romance,2398.0,"['Comedy', 'Romance']",0.0,1.0,0.0,0.0,1.0,0.0,0.0,0.0,0.0,0.0,0.0,0.0,0.0,0.0,0.0,0.0,0.0,0.0
2598.0,Pushing Tin (1999),Comedy,2399.0,['Comedy'],0.0,0.0,0.0,0.0,0.0,0.0,0.0,1.0,0.0,0.0,0.0,0.0,0.0,0.0,0.0,0.0,0.0,0.0
2599.0,Election (1999),Comedy,2400.0,['Comedy'],1.0,1.0,0.0,0.0,1.0,0.0,0.0,0.0,0.0,0.0,0.0,0.0,0.0,0.0,0.0,0.0,0.0,0.0
2600.0,eXistenZ (1999),Action|Sci-Fi|Thriller,2401.0,"['Action', 'Sci-Fi', 'Thriller']",0.0,0.0,0.0,0.0,1.0,0.0,0.0,0.0,0.0,0.0,0.0,0.0,0.0,0.0,0.0,0.0,0.0,0.0
2602.0,Mighty Peking Man (Hsing hsing wang) (1977),Adventure|Sci-Fi,2402.0,"['Adventure', 'Sci-Fi']",0.0,0.0,0.0,0.0,1.0,0.0,0.0,1.0,0.0,0.0,0.0,0.0,0.0,0.0,0.0,0.0,0.0,0.0
2605.0,Entrapment (1999),Crime|Thriller,2403.0,"['Crime', 'Thriller']",1.0,0.0,0.0,0.0,0.0,0.0,0.0,0.0,0.0,0.0,0.0,0.0,0.0,0.0,0.0,1.0,0.0,0.0
2606.0,Idle Hands (1999),Comedy|Horror,2404.0,"['Comedy', 'Horror']",0.0,0.0,0.0,0.0,1.0,0.0,0.0,1.0,0.0,0.0,0.0,0.0,0.0,0.0,0.0,0.0,0.0,0.0
2607.0,Get Real (1998),Drama,2405.0,['Drama'],0.0,0.0,0.0,0.0,0.0,0.0,0.0,1.0,0.0,0.0,0.0,0.0,0.0,0.0,0.0,0.0,0.0,0.0
2608.0,Heaven (1998),Thriller,2406.0,['Thriller'],0.0,0.0,0.0,0.0,0.0,0.0,0.0,1.0,0.0,0.0,0.0,0.0,0.0,0.0,0.0,0.0,0.0,0.0
2609.0,"King of Masks, The (Bian Lian) (1996)",Drama,2407.0,['Drama'],0.0,0.0,0.0,0.0,0.0,0.0,0.0,1.0,0.0,0.0,0.0,0.0,0.0,0.0,0.0,0.0,0.0,0.0
2610.0,Three Seasons (1999),Drama,2408.0,['Drama'],0.0,0.0,0.0,0.0,1.0,0.0,0.0,0.0,0.0,0.0,1.0,1.0,0.0,0.0,0.0,0.0,0.0,0.0
2611.0,"Winslow Boy, The (1998)",Drama,2409.0,['Drama'],0.0,0.0,0.0,0.0,1.0,0.0,0.0,0.0,0.0,0.0,1.0,0.0,0.0,0.0,0.0,0.0,0.0,0.0
2612.0,Mildred Pierce (1945),Drama,2410.0,['Drama'],1.0,1.0,0.0,0.0,0.0,0.0,0.0,0.0,0.0,0.0,0.0,0.0,0.0,0.0,0.0,0.0,0.0,0.0
2613.0,Night of the Comet (1984),Action|Horror|Sci-Fi,2411.0,"['Action', 'Horror', 'Sci-Fi']",0.0,0.0,0.0,0.0,0.0,0.0,0.0,1.0,0.0,0.0,0.0,0.0,1.0,0.0,0.0,0.0,0.0,0.0
2614.0,Chopping Mall (a.k.a. Killbots) (1986),Action|Horror|Sci-Fi,2412.0,"['Action', 'Horror', 'Sci-Fi']",0.0,0.0,0.0,0.0,1.0,0.0,0.0,1.0,0.0,0.0,0.0,0.0,0.0,0.0,0.0,0.0,0.0,0.0
2615.0,My Science Project (1985),Adventure|Sci-Fi,2413.0,"['Adventure', 'Sci-Fi']",0.0,0.0,0.0,0.0,1.0,0.0,0.0,0.0,0.0,0.0,0.0,0.0,0.0,0.0,0.0,0.0,0.0,0.0
2616.0,Dick Tracy (1990),Action|Crime,2414.0,"['Action', 'Crime']",0.0,0.0,0.0,0.0,1.0,0.0,0.0,0.0,0.0,0.0,0.0,0.0,1.0,0.0,0.0,0.0,0.0,0.0
2617.0,"Mummy, The (1999)",Action|Adventure|Horror|Thriller,2415.0,"['Action', 'Adventure', 'Horror', 'Thriller']",0.0,0.0,0.0,0.0,0.0,0.0,0.0,0.0,0.0,0.0,0.0,0.0,0.0,0.0,0.0,1.0,0.0,0.0
2618.0,"Castle, The (1997)",Comedy,2416.0,['Comedy'],0.0,0.0,0.0,0.0,0.0,0.0,0.0,0.0,0.0,0.0,1.0,0.0,0.0,0.0,0.0,0.0,0.0,0.0
2619.0,Mascara (1999),Drama,2417.0,['Drama'],0.0,0.0,0.0,0.0,0.0,0.0,0.0,1.0,0.0,0.0,0.0,0.0,0.0,0.0,0.0,0.0,0.0,0.0
2620.0,This Is My Father (1998),Drama|Romance,2418.0,"['Drama', 'Romance']",1.0,0.0,0.0,0.0,0.0,0.0,0.0,0.0,0.0,0.0,0.0,0.0,0.0,0.0,0.0,0.0,0.0,0.0
2621.0,Xiu Xiu: The Sent-Down Girl (Tian yu) (1998),Drama|Romance,2419.0,"['Drama', 'Romance']",0.0,0.0,0.0,0.0,0.0,0.0,0.0,1.0,0.0,0.0,0.0,0.0,0.0,0.0,0.0,0.0,0.0,0.0
2622.0,"Midsummer Night's Dream, A (1999)",Comedy|Fantasy,2420.0,"['Comedy', 'Fantasy']",0.0,0.0,0.0,0.0,0.0,0.0,0.0,1.0,0.0,0.0,0.0,0.0,0.0,0.0,0.0,0.0,0.0,0.0
2623.0,Trippin' (1999),Comedy,2421.0,['Comedy'],0.0,0.0,0.0,0.0,1.0,0.0,0.0,0.0,0.0,0.0,0.0,0.0,0.0,0.0,0.0,0.0,0.0,0.0
2624.0,After Life (1998),Drama,2422.0,['Drama'],0.0,0.0,0.0,0.0,0.0,0.0,0.0,1.0,0.0,0.0,0.0,0.0,0.0,0.0,0.0,0.0,0.0,0.0
2625.0,Black Mask (Hak hap) (1996),Action,2423.0,['Action'],0.0,0.0,1.0,1.0,0.0,0.0,0.0,0.0,0.0,0.0,0.0,0.0,0.0,0.0,0.0,0.0,0.0,0.0
2626.0,Edge of Seventeen (1998),Comedy|Drama|Romance,2424.0,"['Comedy', 'Drama', 'Romance']",0.0,0.0,0.0,0.0,0.0,0.0,0.0,0.0,0.0,0.0,0.0,0.0,0.0,0.0,0.0,1.0,0.0,0.0
2627.0,Endurance (1998),Documentary|Drama,2425.0,"['Documentary', 'Drama']",1.0,0.0,0.0,0.0,0.0,0.0,0.0,0.0,0.0,0.0,0.0,0.0,0.0,0.0,0.0,1.0,0.0,0.0
2628.0,Star Wars: Episode I - The Phantom Menace (1999),Action|Adventure|Fantasy|Sci-Fi,2426.0,"['Action', 'Adventure', 'Fantasy', 'Sci-Fi']",0.0,0.0,0.0,0.0,0.0,1.0,0.0,1.0,0.0,0.0,0.0,0.0,0.0,0.0,0.0,1.0,0.0,0.0
2629.0,"Love Letter, The (1999)",Comedy|Romance,2427.0,"['Comedy', 'Romance']",0.0,0.0,0.0,0.0,1.0,0.0,0.0,1.0,0.0,0.0,0.0,0.0,0.0,0.0,0.0,0.0,0.0,0.0
2630.0,Besieged (L' Assedio) (1998),Drama,2428.0,['Drama'],0.0,0.0,0.0,0.0,1.0,0.0,0.0,1.0,0.0,0.0,0.0,0.0,0.0,0.0,0.0,0.0,0.0,0.0
2631.0,Frogs for Snakes (1998),Comedy|Film-Noir|Thriller,2429.0,"['Comedy', 'Film-Noir', 'Thriller']",0.0,0.0,0.0,0.0,1.0,0.0,0.0,0.0,0.0,0.0,0.0,0.0,0.0,0.0,0.0,0.0,0.0,0.0
2632.0,"Saragossa Manuscript, The (Rekopis znaleziony w Saragossie) (1965)",Drama,2430.0,['Drama'],0.0,0.0,0.0,0.0,1.0,0.0,0.0,0.0,0.0,0.0,0.0,0.0,0.0,0.0,0.0,0.0,0.0,0.0
2633.0,"Mummy, The (1932)",Horror|Romance,2431.0,"['Horror', 'Romance']",0.0,0.0,0.0,0.0,0.0,1.0,0.0,0.0,0.0,0.0,0.0,0.0,1.0,0.0,0.0,0.0,0.0,0.0
2634.0,"Mummy, The (1959)",Horror,2432.0,['Horror'],0.0,0.0,0.0,0.0,1.0,0.0,0.0,0.0,0.0,0.0,0.0,0.0,0.0,0.0,0.0,0.0,0.0,0.0
2635.0,"Mummy's Curse, The (1944)",Horror,2433.0,['Horror'],0.0,0.0,0.0,0.0,0.0,0.0,0.0,1.0,0.0,0.0,0.0,0.0,0.0,0.0,0.0,0.0,0.0,0.0
2636.0,"Mummy's Ghost, The (1944)",Horror,2434.0,['Horror'],0.0,0.0,0.0,0.0,1.0,0.0,0.0,0.0,0.0,0.0,0.0,0.0,0.0,0.0,0.0,0.0,0.0,0.0
2637.0,"Mummy's Hand, The (1940)",Horror,2435.0,['Horror'],0.0,0.0,0.0,0.0,0.0,0.0,0.0,1.0,0.0,0.0,0.0,0.0,0.0,0.0,0.0,0.0,0.0,0.0
2638.0,"Mummy's Tomb, The (1942)",Horror,2436.0,['Horror'],0.0,0.0,0.0,0.0,1.0,0.0,0.0,0.0,0.0,0.0,0.0,0.0,0.0,1.0,0.0,0.0,0.0,0.0
2639.0,Mommie Dearest (1981),Drama,2437.0,['Drama'],0.0,0.0,0.0,0.0,0.0,0.0,0.0,1.0,0.0,0.0,0.0,0.0,0.0,0.0,0.0,0.0,0.0,0.0
2640.0,Superman (1978),Action|Adventure|Sci-Fi,2438.0,"['Action', 'Adventure', 'Sci-Fi']",0.0,0.0,0.0,0.0,0.0,0.0,1.0,0.0,0.0,0.0,0.0,0.0,0.0,0.0,0.0,0.0,0.0,0.0
2641.0,Superman II (1980),Action|Adventure|Sci-Fi,2439.0,"['Action', 'Adventure', 'Sci-Fi']",0.0,0.0,0.0,0.0,0.0,0.0,0.0,1.0,0.0,0.0,0.0,0.0,0.0,0.0,0.0,0.0,0.0,0.0
2642.0,Superman III (1983),Action|Adventure|Sci-Fi,2440.0,"['Action', 'Adventure', 'Sci-Fi']",0.0,0.0,0.0,0.0,0.0,0.0,0.0,0.0,0.0,0.0,0.0,0.0,0.0,0.0,0.0,1.0,0.0,0.0
2643.0,Superman IV: The Quest for Peace (1987),Action|Adventure|Sci-Fi,2441.0,"['Action', 'Adventure', 'Sci-Fi']",0.0,0.0,0.0,0.0,1.0,0.0,0.0,0.0,0.0,0.0,0.0,0.0,0.0,0.0,0.0,0.0,0.0,0.0
2644.0,Dracula (1931),Horror,2442.0,['Horror'],0.0,0.0,0.0,0.0,1.0,0.0,0.0,0.0,0.0,0.0,1.0,0.0,0.0,0.0,0.0,0.0,0.0,0.0
2645.0,Dracula (1958),Horror,2443.0,['Horror'],0.0,0.0,0.0,0.0,0.0,0.0,0.0,0.0,0.0,0.0,1.0,0.0,0.0,0.0,0.0,0.0,0.0,0.0
2646.0,House of Dracula (1945),Horror,2444.0,['Horror'],0.0,0.0,0.0,0.0,0.0,0.0,0.0,0.0,0.0,0.0,1.0,0.0,0.0,0.0,0.0,0.0,0.0,0.0
2647.0,House of Frankenstein (1944),Horror,2445.0,['Horror'],0.0,0.0,0.0,0.0,0.0,0.0,0.0,0.0,0.0,0.0,1.0,0.0,0.0,0.0,0.0,0.0,0.0,0.0
2648.0,Frankenstein (1931),Horror,2446.0,['Horror'],0.0,0.0,0.0,0.0,0.0,0.0,0.0,0.0,0.0,0.0,1.0,0.0,0.0,0.0,0.0,0.0,0.0,0.0
2649.0,Son of Frankenstein (1939),Horror,2447.0,['Horror'],0.0,0.0,0.0,0.0,0.0,0.0,0.0,0.0,0.0,0.0,1.0,0.0,0.0,0.0,0.0,0.0,0.0,0.0
2650.0,"Ghost of Frankenstein, The (1942)",Horror,2448.0,['Horror'],0.0,0.0,0.0,0.0,1.0,0.0,0.0,0.0,0.0,0.0,0.0,0.0,0.0,0.0,0.0,0.0,0.0,0.0
2651.0,Frankenstein Meets the Wolf Man (1943),Horror,2449.0,['Horror'],0.0,0.0,0.0,0.0,0.0,0.0,0.0,0.0,0.0,0.0,1.0,0.0,0.0,0.0,0.0,0.0,0.0,0.0
2652.0,"Curse of Frankenstein, The (1957)",Horror,2450.0,['Horror'],0.0,0.0,0.0,0.0,1.0,0.0,0.0,0.0,0.0,0.0,0.0,0.0,0.0,0.0,0.0,0.0,0.0,0.0
2653.0,Son of Dracula (1943),Horror,2451.0,['Horror'],0.0,0.0,0.0,0.0,0.0,0.0,0.0,0.0,0.0,0.0,1.0,0.0,0.0,0.0,0.0,0.0,0.0,0.0
2654.0,"Wolf Man, The (1941)",Horror,2452.0,['Horror'],0.0,0.0,0.0,0.0,0.0,0.0,0.0,0.0,0.0,0.0,1.0,0.0,0.0,0.0,0.0,0.0,0.0,0.0
2655.0,Howling II: Your Sister Is a Werewolf (1985),Horror,2453.0,['Horror'],0.0,0.0,0.0,0.0,1.0,0.0,0.0,0.0,0.0,0.0,0.0,0.0,0.0,0.0,0.0,0.0,0.0,0.0
2656.0,Tarantula (1955),Horror|Sci-Fi,2454.0,"['Horror', 'Sci-Fi']",0.0,0.0,0.0,0.0,1.0,0.0,0.0,0.0,0.0,0.0,0.0,0.0,0.0,0.0,0.0,0.0,0.0,0.0
2657.0,"Rocky Horror Picture Show, The (1975)",Comedy|Horror|Musical|Sci-Fi,2455.0,"['Comedy', 'Horror', 'Musical', 'Sci-Fi']",0.0,0.0,0.0,0.0,1.0,0.0,0.0,0.0,0.0,0.0,1.0,0.0,0.0,0.0,0.0,0.0,0.0,0.0
2658.0,"Flying Saucer, The (1950)",Sci-Fi,2456.0,['Sci-Fi'],0.0,0.0,0.0,0.0,1.0,0.0,0.0,0.0,0.0,0.0,0.0,0.0,0.0,0.0,0.0,0.0,0.0,0.0
2659.0,It Came from Hollywood (1982),Comedy|Documentary,2457.0,"['Comedy', 'Documentary']",0.0,0.0,0.0,0.0,1.0,0.0,0.0,0.0,0.0,0.0,0.0,0.0,0.0,0.0,0.0,0.0,0.0,0.0
2660.0,"Thing From Another World, The (1951)",Sci-Fi,2458.0,['Sci-Fi'],0.0,0.0,0.0,0.0,1.0,0.0,0.0,0.0,0.0,0.0,0.0,0.0,0.0,0.0,0.0,0.0,0.0,0.0
2661.0,It Came from Outer Space (1953),Sci-Fi,2459.0,['Sci-Fi'],0.0,0.0,0.0,0.0,1.0,0.0,0.0,0.0,1.0,0.0,0.0,0.0,0.0,0.0,0.0,0.0,0.0,0.0
2662.0,"War of the Worlds, The (1953)",Action|Sci-Fi|War,2460.0,"['Action', 'Sci-Fi', 'War']",0.0,0.0,0.0,0.0,1.0,0.0,0.0,0.0,0.0,0.0,0.0,0.0,0.0,0.0,0.0,0.0,0.0,0.0
2663.0,It Came from Beneath the Sea (1955),Sci-Fi,2461.0,['Sci-Fi'],0.0,0.0,0.0,0.0,1.0,0.0,0.0,0.0,0.0,0.0,0.0,0.0,0.0,0.0,0.0,0.0,0.0,0.0
2664.0,Invasion of the Body Snatchers (1956),Horror|Sci-Fi,2462.0,"['Horror', 'Sci-Fi']",0.0,0.0,1.0,1.0,0.0,0.0,0.0,0.0,0.0,0.0,0.0,0.0,0.0,0.0,0.0,0.0,0.0,0.0
2665.0,Earth Vs. the Flying Saucers (1956),Sci-Fi,2463.0,['Sci-Fi'],0.0,0.0,0.0,0.0,0.0,0.0,0.0,1.0,0.0,0.0,0.0,0.0,0.0,1.0,0.0,0.0,0.0,0.0
2666.0,It Conquered the World (1956),Sci-Fi,2464.0,['Sci-Fi'],1.0,0.0,0.0,0.0,0.0,0.0,0.0,0.0,0.0,0.0,0.0,0.0,0.0,1.0,0.0,1.0,0.0,0.0
2667.0,"Mole People, The (1956)",Sci-Fi,2465.0,['Sci-Fi'],0.0,0.0,0.0,0.0,0.0,0.0,0.0,0.0,0.0,0.0,0.0,0.0,0.0,0.0,0.0,1.0,0.0,0.0
2668.0,Swamp Thing (1982),Horror|Sci-Fi,2466.0,"['Horror', 'Sci-Fi']",0.0,0.0,0.0,0.0,1.0,0.0,0.0,1.0,0.0,0.0,0.0,0.0,0.0,0.0,0.0,0.0,0.0,0.0
2669.0,Pork Chop Hill (1959),War,2467.0,['War'],0.0,0.0,0.0,0.0,1.0,0.0,0.0,0.0,0.0,0.0,0.0,0.0,0.0,1.0,0.0,0.0,0.0,0.0
2670.0,"Run Silent, Run Deep (1958)",War,2468.0,['War'],0.0,0.0,0.0,0.0,1.0,0.0,0.0,0.0,0.0,0.0,0.0,0.0,0.0,0.0,0.0,1.0,0.0,0.0
2671.0,Notting Hill (1999),Comedy|Romance,2469.0,"['Comedy', 'Romance']",1.0,0.0,0.0,0.0,0.0,0.0,0.0,0.0,0.0,0.0,0.0,0.0,0.0,0.0,1.0,0.0,0.0,0.0
2672.0,"Thirteenth Floor, The (1999)",Drama|Sci-Fi|Thriller,2470.0,"['Drama', 'Sci-Fi', 'Thriller']",1.0,0.0,0.0,0.0,0.0,0.0,0.0,0.0,0.0,0.0,0.0,0.0,0.0,0.0,1.0,0.0,0.0,0.0
2673.0,Eternity and a Day (Mia eoniotita ke mia mera ) (1998),Drama,2471.0,['Drama'],0.0,0.0,0.0,0.0,1.0,0.0,0.0,0.0,0.0,0.0,0.0,0.0,0.0,0.0,0.0,0.0,0.0,0.0
2674.0,"Loss of Sexual Innocence, The (1999)",Drama,2472.0,['Drama'],0.0,0.0,1.0,0.0,0.0,0.0,0.0,0.0,0.0,0.0,0.0,0.0,1.0,0.0,0.0,0.0,0.0,0.0
2675.0,Twice Upon a Yesterday (1998),Comedy|Drama|Romance,2473.0,"['Comedy', 'Drama', 'Romance']",0.0,0.0,0.0,0.0,1.0,0.0,0.0,0.0,0.0,0.0,0.0,0.0,0.0,0.0,0.0,0.0,0.0,0.0
2676.0,Instinct (1999),Drama|Thriller,2474.0,"['Drama', 'Thriller']",1.0,0.0,0.0,0.0,0.0,0.0,0.0,0.0,0.0,0.0,0.0,0.0,0.0,0.0,0.0,1.0,0.0,0.0
2677.0,Buena Vista Social Club (1999),Documentary,2475.0,['Documentary'],0.0,0.0,0.0,0.0,0.0,0.0,1.0,0.0,0.0,0.0,0.0,0.0,0.0,0.0,0.0,0.0,0.0,0.0
2678.0,Desert Blue (1999),Drama,2476.0,['Drama'],0.0,0.0,0.0,0.0,0.0,0.0,0.0,0.0,0.0,0.0,1.0,0.0,0.0,0.0,0.0,0.0,0.0,0.0
2679.0,Finding North (1999),Drama|Romance,2477.0,"['Drama', 'Romance']",1.0,0.0,0.0,0.0,0.0,0.0,0.0,0.0,0.0,0.0,0.0,0.0,0.0,0.0,0.0,0.0,1.0,0.0
2681.0,Free Enterprise (1998),Comedy|Romance|Sci-Fi,2478.0,"['Comedy', 'Romance', 'Sci-Fi']",1.0,0.0,0.0,0.0,0.0,0.0,0.0,0.0,0.0,0.0,0.0,0.0,0.0,0.0,0.0,0.0,1.0,0.0
2682.0,Limbo (1999),Drama,2479.0,['Drama'],1.0,0.0,0.0,0.0,0.0,0.0,0.0,0.0,0.0,0.0,0.0,0.0,0.0,0.0,0.0,0.0,1.0,0.0
2683.0,Austin Powers: The Spy Who Shagged Me (1999),Comedy,2480.0,['Comedy'],0.0,0.0,0.0,0.0,0.0,0.0,0.0,0.0,0.0,0.0,0.0,0.0,0.0,0.0,0.0,1.0,0.0,0.0
2685.0,"Red Dwarf, The (Le Nain rouge) (1998)",Comedy|Drama,2481.0,"['Comedy', 'Drama']",0.0,1.0,0.0,0.0,0.0,0.0,0.0,1.0,0.0,0.0,0.0,0.0,0.0,0.0,0.0,0.0,0.0,0.0
2686.0,"Red Violin, The (Le Violon rouge) (1998)",Drama|Mystery,2482.0,"['Drama', 'Mystery']",0.0,1.0,0.0,0.0,0.0,0.0,0.0,0.0,0.0,0.0,0.0,0.0,0.0,1.0,0.0,0.0,0.0,0.0
2687.0,Tarzan (1999),Animation|Children's,2483.0,"['Animation', ""Children's""]",1.0,0.0,0.0,0.0,0.0,0.0,0.0,1.0,0.0,0.0,0.0,0.0,0.0,0.0,0.0,0.0,0.0,0.0
2688.0,"General's Daughter, The (1999)",Drama|Thriller,2484.0,"['Drama', 'Thriller']",0.0,0.0,0.0,0.0,0.0,0.0,1.0,0.0,0.0,0.0,0.0,0.0,0.0,0.0,0.0,0.0,0.0,0.0
2689.0,Get Bruce (1999),Documentary,2485.0,['Documentary'],0.0,0.0,0.0,0.0,0.0,0.0,0.0,1.0,0.0,0.0,0.0,0.0,0.0,0.0,0.0,0.0,0.0,0.0
2690.0,"Ideal Husband, An (1999)",Comedy,2486.0,['Comedy'],1.0,0.0,0.0,0.0,0.0,0.0,0.0,0.0,0.0,0.0,1.0,0.0,0.0,0.0,0.0,1.0,0.0,0.0
2691.0,"Legend of 1900, The (Leggenda del pianista sull'oceano) (1998)",Drama,2487.0,['Drama'],0.0,0.0,0.0,0.0,0.0,0.0,0.0,0.0,0.0,0.0,0.0,0.0,0.0,0.0,1.0,1.0,0.0,0.0
2692.0,Run Lola Run (Lola rennt) (1998),Action|Crime|Romance,2488.0,"['Action', 'Crime', 'Romance']",0.0,0.0,0.0,1.0,1.0,0.0,0.0,0.0,0.0,0.0,0.0,0.0,0.0,0.0,0.0,0.0,0.0,0.0
2693.0,Trekkies (1997),Documentary,2489.0,['Documentary'],0.0,0.0,0.0,0.0,1.0,0.0,0.0,1.0,0.0,0.0,0.0,0.0,0.0,0.0,0.0,0.0,0.0,0.0
2694.0,Big Daddy (1999),Comedy,2490.0,['Comedy'],0.0,0.0,0.0,0.0,0.0,0.0,0.0,1.0,0.0,0.0,0.0,0.0,0.0,0.0,0.0,0.0,0.0,0.0
2695.0,"Boys, The (1997)",Drama,2491.0,['Drama'],0.0,0.0,0.0,0.0,0.0,0.0,0.0,1.0,0.0,0.0,0.0,0.0,0.0,0.0,0.0,0.0,0.0,0.0
2696.0,"Dinner Game, The (Le Dîner de cons) (1998)",Comedy,2492.0,['Comedy'],0.0,0.0,0.0,0.0,0.0,0.0,0.0,0.0,0.0,0.0,0.0,0.0,0.0,1.0,0.0,0.0,1.0,0.0
2697.0,My Son the Fanatic (1998),Comedy|Drama|Romance,2493.0,"['Comedy', 'Drama', 'Romance']",0.0,0.0,0.0,0.0,1.0,0.0,0.0,0.0,0.0,0.0,0.0,0.0,0.0,1.0,0.0,0.0,0.0,0.0
2699.0,Arachnophobia (1990),Action|Comedy|Sci-Fi|Thriller,2494.0,"['Action', 'Comedy', 'Sci-Fi', 'Thriller']",0.0,0.0,0.0,0.0,1.0,0.0,0.0,0.0,0.0,0.0,0.0,0.0,0.0,0.0,0.0,0.0,0.0,0.0
2700.0,"South Park: Bigger, Longer and Uncut (1999)",Animation|Comedy,2495.0,"['Animation', 'Comedy']",0.0,0.0,0.0,0.0,1.0,0.0,0.0,0.0,0.0,0.0,0.0,0.0,0.0,1.0,0.0,0.0,0.0,0.0
2701.0,Wild Wild West (1999),Action|Sci-Fi|Western,2496.0,"['Action', 'Sci-Fi', 'Western']",0.0,0.0,0.0,0.0,0.0,0.0,0.0,1.0,0.0,0.0,0.0,0.0,0.0,0.0,0.0,0.0,0.0,0.0
2702.0,Summer of Sam (1999),Drama,2497.0,['Drama'],0.0,0.0,0.0,0.0,0.0,0.0,0.0,0.0,0.0,0.0,0.0,0.0,0.0,0.0,0.0,1.0,0.0,0.0
2703.0,Broken Vessels (1998),Drama,2498.0,['Drama'],0.0,0.0,0.0,0.0,0.0,0.0,0.0,0.0,0.0,0.0,0.0,0.0,0.0,0.0,0.0,1.0,0.0,0.0
2704.0,"Lovers on the Bridge, The (Les Amants du Pont-Neuf) (1991)",Drama|Romance,2499.0,"['Drama', 'Romance']",0.0,0.0,0.0,0.0,0.0,1.0,0.0,1.0,0.0,0.0,0.0,0.0,0.0,0.0,0.0,0.0,0.0,0.0
2705.0,"Late August, Early September (Fin août, début septembre) (1998)",Drama,2500.0,['Drama'],0.0,0.0,0.0,0.0,1.0,0.0,0.0,0.0,0.0,0.0,0.0,0.0,0.0,1.0,0.0,0.0,0.0,0.0
2706.0,American Pie (1999),Comedy,2501.0,['Comedy'],0.0,0.0,0.0,0.0,0.0,0.0,0.0,1.0,0.0,0.0,0.0,0.0,1.0,0.0,0.0,0.0,0.0,0.0
2707.0,Arlington Road (1999),Thriller,2502.0,['Thriller'],0.0,0.0,0.0,0.0,0.0,0.0,0.0,1.0,0.0,0.0,0.0,0.0,0.0,0.0,0.0,0.0,0.0,0.0
2708.0,"Autumn Tale, An (Conte d'automne) (1998)",Romance,2503.0,['Romance'],0.0,0.0,0.0,1.0,0.0,0.0,0.0,0.0,0.0,0.0,0.0,0.0,0.0,0.0,0.0,0.0,0.0,0.0
2709.0,Muppets From Space (1999),Children's|Comedy,2504.0,"[""Children's"", 'Comedy']",0.0,0.0,0.0,0.0,0.0,0.0,0.0,1.0,0.0,0.0,0.0,0.0,0.0,0.0,0.0,0.0,0.0,0.0
2710.0,"Blair Witch Project, The (1999)",Horror,2505.0,['Horror'],0.0,0.0,0.0,0.0,0.0,0.0,0.0,1.0,0.0,0.0,0.0,0.0,0.0,0.0,0.0,0.0,0.0,0.0
2711.0,My Life So Far (1999),Drama,2506.0,['Drama'],0.0,0.0,0.0,0.0,1.0,0.0,0.0,1.0,0.0,0.0,0.0,0.0,0.0,0.0,0.0,0.0,0.0,0.0
2712.0,Eyes Wide Shut (1999),Drama,2507.0,['Drama'],0.0,0.0,0.0,0.0,0.0,0.0,0.0,1.0,0.0,0.0,0.0,0.0,0.0,0.0,0.0,1.0,0.0,0.0
2713.0,Lake Placid (1999),Horror|Thriller,2508.0,"['Horror', 'Thriller']",0.0,1.0,0.0,0.0,0.0,0.0,0.0,0.0,0.0,0.0,0.0,0.0,0.0,0.0,1.0,1.0,0.0,0.0
2714.0,"Wood, The (1999)",Drama,2509.0,['Drama'],0.0,0.0,0.0,0.0,0.0,0.0,0.0,1.0,0.0,0.0,0.0,0.0,0.0,0.0,0.0,0.0,0.0,0.0
2715.0,"Velocity of Gary, The (1998)",Comedy|Romance,2510.0,"['Comedy', 'Romance']",0.0,0.0,0.0,0.0,0.0,0.0,0.0,0.0,0.0,0.0,1.0,0.0,0.0,0.0,0.0,0.0,0.0,0.0
2716.0,Ghostbusters (1984),Comedy|Horror,2511.0,"['Comedy', 'Horror']",0.0,0.0,0.0,0.0,0.0,0.0,0.0,0.0,0.0,0.0,1.0,0.0,0.0,0.0,0.0,0.0,0.0,0.0
2717.0,Ghostbusters II (1989),Comedy|Horror,2512.0,"['Comedy', 'Horror']",0.0,0.0,0.0,0.0,0.0,0.0,0.0,0.0,0.0,0.0,1.0,0.0,0.0,0.0,0.0,0.0,0.0,0.0
2718.0,Drop Dead Gorgeous (1999),Comedy,2513.0,['Comedy'],0.0,0.0,0.0,0.0,0.0,0.0,0.0,0.0,0.0,0.0,0.0,0.0,0.0,0.0,0.0,1.0,0.0,0.0
2719.0,"Haunting, The (1999)",Horror|Thriller,2514.0,"['Horror', 'Thriller']",0.0,0.0,1.0,0.0,0.0,0.0,0.0,0.0,0.0,0.0,0.0,1.0,0.0,0.0,0.0,0.0,0.0,0.0
2720.0,Inspector Gadget (1999),Action|Adventure|Children's|Comedy,2515.0,"['Action', 'Adventure', ""Children's"", 'Comedy']",0.0,0.0,0.0,0.0,1.0,0.0,0.0,1.0,0.0,0.0,0.0,0.0,0.0,0.0,0.0,0.0,0.0,0.0
2721.0,Trick (1999),Romance,2516.0,['Romance'],0.0,0.0,0.0,0.0,0.0,0.0,1.0,0.0,0.0,0.0,0.0,0.0,0.0,0.0,0.0,0.0,0.0,0.0
2722.0,Deep Blue Sea (1999),Action|Sci-Fi|Thriller,2517.0,"['Action', 'Sci-Fi', 'Thriller']",0.0,0.0,0.0,0.0,1.0,0.0,0.0,0.0,0.0,0.0,0.0,0.0,0.0,0.0,0.0,0.0,0.0,0.0
2723.0,Mystery Men (1999),Action|Adventure|Comedy,2518.0,"['Action', 'Adventure', 'Comedy']",0.0,0.0,0.0,0.0,1.0,0.0,0.0,1.0,0.0,0.0,0.0,0.0,0.0,0.0,0.0,0.0,0.0,0.0
2724.0,Runaway Bride (1999),Comedy|Romance,2519.0,"['Comedy', 'Romance']",0.0,0.0,0.0,0.0,0.0,0.0,0.0,1.0,0.0,0.0,0.0,0.0,0.0,0.0,0.0,0.0,0.0,0.0
2725.0,Twin Falls Idaho (1999),Drama,2520.0,['Drama'],0.0,0.0,0.0,0.0,1.0,0.0,0.0,0.0,0.0,0.0,0.0,1.0,0.0,0.0,0.0,0.0,0.0,0.0
2726.0,"Killing, The (1956)",Crime|Film-Noir,2521.0,"['Crime', 'Film-Noir']",0.0,0.0,0.0,0.0,1.0,0.0,0.0,0.0,0.0,0.0,0.0,0.0,0.0,0.0,0.0,0.0,0.0,0.0
2727.0,Killer's Kiss (1955),Film-Noir,2522.0,['Film-Noir'],0.0,0.0,0.0,0.0,1.0,0.0,0.0,0.0,0.0,0.0,0.0,0.0,0.0,0.0,0.0,0.0,0.0,0.0
2728.0,Spartacus (1960),Drama,2523.0,['Drama'],0.0,0.0,0.0,0.0,0.0,0.0,0.0,1.0,0.0,0.0,0.0,0.0,0.0,0.0,0.0,0.0,0.0,0.0
2729.0,Lolita (1962),Drama,2524.0,['Drama'],0.0,0.0,0.0,0.0,1.0,0.0,0.0,0.0,0.0,0.0,1.0,0.0,0.0,0.0,0.0,0.0,0.0,0.0
2730.0,Barry Lyndon (1975),Drama,2525.0,['Drama'],0.0,0.0,0.0,0.0,0.0,0.0,0.0,0.0,0.0,0.0,1.0,0.0,0.0,0.0,0.0,0.0,0.0,0.0
2731.0,"400 Blows, The (Les Quatre cents coups) (1959)",Drama,2526.0,['Drama'],0.0,0.0,0.0,0.0,0.0,0.0,0.0,1.0,0.0,0.0,0.0,0.0,0.0,0.0,0.0,0.0,0.0,0.0
2732.0,Jules and Jim (Jules et Jim) (1961),Drama,2527.0,['Drama'],0.0,0.0,0.0,0.0,1.0,0.0,0.0,0.0,0.0,0.0,0.0,0.0,0.0,0.0,0.0,0.0,0.0,0.0
2733.0,Vibes (1988),Adventure|Comedy,2528.0,"['Adventure', 'Comedy']",0.0,1.0,0.0,0.0,0.0,0.0,0.0,0.0,0.0,0.0,0.0,0.0,0.0,0.0,0.0,1.0,0.0,0.0
2734.0,"Mosquito Coast, The (1986)",Drama,2529.0,['Drama'],1.0,0.0,0.0,0.0,0.0,0.0,0.0,1.0,1.0,0.0,0.0,0.0,0.0,1.0,0.0,0.0,0.0,0.0
2735.0,"Golden Child, The (1986)",Action|Adventure|Comedy,2530.0,"['Action', 'Adventure', 'Comedy']",0.0,0.0,0.0,0.0,0.0,0.0,0.0,1.0,0.0,0.0,0.0,0.0,1.0,1.0,0.0,0.0,0.0,0.0
2736.0,Brighton Beach Memoirs (1986),Comedy,2531.0,['Comedy'],0.0,0.0,0.0,0.0,1.0,0.0,0.0,0.0,0.0,0.0,0.0,0.0,0.0,0.0,0.0,0.0,0.0,0.0
2737.0,Assassination (1987),Action,2532.0,['Action'],0.0,0.0,0.0,0.0,0.0,0.0,0.0,1.0,0.0,0.0,0.0,0.0,1.0,1.0,0.0,0.0,0.0,0.0
2738.0,Crimes of the Heart (1986),Comedy|Drama,2533.0,"['Comedy', 'Drama']",0.0,0.0,1.0,1.0,0.0,0.0,0.0,0.0,0.0,0.0,0.0,0.0,0.0,0.0,0.0,0.0,0.0,0.0
2739.0,"Color Purple, The (1985)",Drama,2534.0,['Drama'],0.0,0.0,0.0,0.0,0.0,0.0,0.0,1.0,0.0,0.0,0.0,1.0,0.0,0.0,0.0,0.0,0.0,0.0
2740.0,"Kindred, The (1986)",Horror,2535.0,['Horror'],0.0,0.0,0.0,0.0,0.0,0.0,0.0,0.0,0.0,0.0,1.0,0.0,0.0,0.0,0.0,0.0,0.0,0.0
2741.0,No Mercy (1986),Action|Thriller,2536.0,"['Action', 'Thriller']",1.0,1.0,0.0,0.0,1.0,0.0,0.0,0.0,0.0,0.0,0.0,0.0,0.0,0.0,0.0,0.0,0.0,0.0
2742.0,Ménage (Tenue de soirée) (1986),Comedy|Drama,2537.0,"['Comedy', 'Drama']",1.0,1.0,0.0,0.0,1.0,0.0,0.0,0.0,0.0,0.0,0.0,0.0,0.0,0.0,0.0,0.0,0.0,0.0
2743.0,Native Son (1986),Drama,2538.0,['Drama'],1.0,0.0,0.0,0.0,0.0,0.0,0.0,0.0,0.0,0.0,0.0,0.0,0.0,0.0,0.0,1.0,0.0,0.0
2744.0,Otello (1986),Drama,2539.0,['Drama'],0.0,0.0,0.0,0.0,0.0,0.0,0.0,1.0,0.0,0.0,0.0,0.0,0.0,0.0,0.0,0.0,0.0,0.0
2745.0,"Mission, The (1986)",Drama,2540.0,['Drama'],0.0,0.0,0.0,0.0,1.0,0.0,0.0,0.0,0.0,0.0,0.0,0.0,0.0,0.0,0.0,0.0,0.0,0.0
2746.0,Little Shop of Horrors (1986),Comedy|Horror|Musical,2541.0,"['Comedy', 'Horror', 'Musical']",0.0,0.0,0.0,0.0,1.0,0.0,0.0,0.0,0.0,0.0,0.0,0.0,0.0,1.0,0.0,0.0,0.0,0.0
2747.0,"Little Shop of Horrors, The (1960)",Comedy|Horror,2542.0,"['Comedy', 'Horror']",0.0,0.0,0.0,0.0,0.0,0.0,0.0,1.0,0.0,0.0,0.0,0.0,0.0,1.0,0.0,0.0,0.0,0.0
2748.0,Allan Quartermain and the Lost City of Gold (1987),Action|Adventure,2543.0,"['Action', 'Adventure']",0.0,0.0,0.0,1.0,1.0,0.0,0.0,0.0,0.0,0.0,0.0,0.0,0.0,0.0,0.0,0.0,0.0,0.0
2749.0,"Morning After, The (1986)",Drama|Mystery,2544.0,"['Drama', 'Mystery']",0.0,0.0,0.0,0.0,0.0,0.0,0.0,1.0,0.0,0.0,0.0,0.0,0.0,0.0,0.0,0.0,0.0,0.0
2750.0,Radio Days (1987),Comedy|Drama,2545.0,"['Comedy', 'Drama']",0.0,0.0,0.0,0.0,1.0,0.0,0.0,0.0,0.0,0.0,0.0,0.0,0.0,1.0,0.0,0.0,0.0,0.0
2751.0,From the Hip (1987),Comedy,2546.0,['Comedy'],0.0,0.0,0.0,0.0,1.0,0.0,0.0,0.0,0.0,0.0,0.0,0.0,0.0,0.0,0.0,0.0,0.0,0.0
2752.0,Outrageous Fortune (1987),Comedy|Mystery,2547.0,"['Comedy', 'Mystery']",0.0,0.0,0.0,0.0,0.0,0.0,0.0,1.0,0.0,0.0,0.0,0.0,0.0,0.0,0.0,0.0,1.0,0.0
2753.0,"Bedroom Window, The (1987)",Thriller,2548.0,['Thriller'],0.0,0.0,0.0,0.0,1.0,0.0,0.0,0.0,0.0,0.0,0.0,0.0,0.0,0.0,0.0,0.0,0.0,0.0
2754.0,Deadtime Stories (1987),Horror,2549.0,['Horror'],1.0,0.0,0.0,0.0,0.0,0.0,0.0,1.0,0.0,0.0,0.0,0.0,0.0,0.0,0.0,0.0,0.0,0.0
2755.0,Light of Day (1987),Drama,2550.0,['Drama'],1.0,0.0,0.0,0.0,0.0,0.0,0.0,1.0,0.0,0.0,0.0,0.0,0.0,0.0,0.0,0.0,0.0,0.0
2756.0,Wanted: Dead or Alive (1987),Action,2551.0,['Action'],0.0,0.0,0.0,0.0,0.0,0.0,0.0,1.0,0.0,0.0,0.0,0.0,0.0,1.0,0.0,0.0,0.0,0.0
2757.0,Frances (1982),Drama,2552.0,['Drama'],0.0,1.0,0.0,0.0,0.0,0.0,0.0,0.0,0.0,0.0,0.0,0.0,0.0,0.0,0.0,0.0,0.0,0.0
2758.0,Plenty (1985),Drama,2553.0,['Drama'],0.0,0.0,0.0,0.0,0.0,0.0,0.0,0.0,0.0,0.0,0.0,0.0,0.0,0.0,0.0,0.0,0.0,1.0
2759.0,Dick (1999),Comedy,2554.0,['Comedy'],0.0,0.0,0.0,0.0,1.0,0.0,0.0,0.0,0.0,0.0,0.0,0.0,0.0,0.0,0.0,0.0,1.0,0.0
2760.0,"Gambler, The (A Játékos) (1997)",Drama,2555.0,['Drama'],0.0,0.0,0.0,0.0,0.0,0.0,0.0,0.0,0.0,0.0,1.0,0.0,1.0,0.0,0.0,0.0,0.0,0.0
2761.0,"Iron Giant, The (1999)",Animation|Children's,2556.0,"['Animation', ""Children's""]",0.0,1.0,1.0,1.0,0.0,0.0,0.0,0.0,0.0,0.0,0.0,0.0,0.0,0.0,0.0,0.0,0.0,0.0
2762.0,"Sixth Sense, The (1999)",Thriller,2557.0,['Thriller'],0.0,0.0,0.0,0.0,0.0,0.0,0.0,0.0,0.0,0.0,1.0,0.0,0.0,0.0,1.0,0.0,0.0,0.0
2763.0,"Thomas Crown Affair, The (1999)",Action|Thriller,2558.0,"['Action', 'Thriller']",0.0,0.0,0.0,0.0,0.0,0.0,0.0,0.0,0.0,0.0,1.0,0.0,0.0,0.0,1.0,0.0,0.0,0.0
2764.0,"Thomas Crown Affair, The (1968)",Crime|Drama|Thriller,2559.0,"['Crime', 'Drama', 'Thriller']",0.0,0.0,0.0,0.0,0.0,0.0,0.0,0.0,0.0,0.0,1.0,0.0,0.0,0.0,0.0,1.0,0.0,0.0
2765.0,"Acid House, The (1998)",Comedy|Drama,2560.0,"['Comedy', 'Drama']",0.0,0.0,0.0,0.0,0.0,0.0,0.0,0.0,0.0,0.0,1.0,0.0,0.0,0.0,0.0,1.0,0.0,0.0
2766.0,"Adventures of Sebastian Cole, The (1998)",Comedy|Drama,2561.0,"['Comedy', 'Drama']",0.0,0.0,0.0,0.0,0.0,0.0,0.0,1.0,0.0,0.0,0.0,0.0,0.0,0.0,0.0,0.0,0.0,0.0
2767.0,Illuminata (1998),Comedy,2562.0,['Comedy'],1.0,1.0,0.0,0.0,0.0,0.0,0.0,0.0,0.0,0.0,0.0,0.0,0.0,0.0,0.0,0.0,0.0,0.0
2768.0,Stiff Upper Lips (1998),Comedy,2563.0,['Comedy'],0.0,0.0,0.0,0.0,0.0,0.0,0.0,1.0,0.0,0.0,0.0,0.0,0.0,1.0,0.0,0.0,0.0,0.0
2769.0,"Yards, The (1999)",Crime|Mystery,2564.0,"['Crime', 'Mystery']",0.0,0.0,0.0,0.0,1.0,0.0,0.0,0.0,0.0,0.0,0.0,0.0,0.0,0.0,0.0,0.0,0.0,0.0
2770.0,Bowfinger (1999),Comedy,2565.0,['Comedy'],0.0,0.0,0.0,0.0,0.0,0.0,0.0,1.0,0.0,0.0,0.0,0.0,0.0,0.0,0.0,0.0,0.0,0.0
2771.0,Brokedown Palace (1999),Drama,2566.0,['Drama'],0.0,0.0,0.0,0.0,0.0,0.0,1.0,0.0,0.0,0.0,0.0,0.0,0.0,0.0,0.0,0.0,0.0,0.0
2772.0,Detroit Rock City (1999),Comedy,2567.0,['Comedy'],0.0,0.0,0.0,0.0,0.0,0.0,0.0,1.0,0.0,0.0,0.0,0.0,0.0,0.0,0.0,0.0,0.0,0.0
2773.0,Alice and Martin (Alice et Martin) (1998),Drama,2568.0,['Drama'],1.0,0.0,0.0,0.0,0.0,1.0,0.0,1.0,0.0,0.0,0.0,0.0,0.0,0.0,0.0,0.0,0.0,0.0
2774.0,Better Than Chocolate (1999),Comedy|Romance,2569.0,"['Comedy', 'Romance']",0.0,0.0,0.0,0.0,1.0,0.0,0.0,0.0,0.0,0.0,0.0,0.0,0.0,0.0,0.0,0.0,0.0,0.0
2775.0,Head On (1998),Drama,2570.0,['Drama'],0.0,0.0,0.0,0.0,1.0,0.0,0.0,1.0,0.0,0.0,0.0,0.0,0.0,0.0,0.0,0.0,0.0,0.0
2776.0,"Marcello Mastroianni: I Remember Yes, I Remember (1997)",Documentary,2571.0,['Documentary'],0.0,0.0,0.0,0.0,1.0,0.0,0.0,0.0,0.0,0.0,0.0,0.0,0.0,0.0,0.0,0.0,0.0,0.0
2777.0,Cobra (1925),Drama,2572.0,['Drama'],1.0,1.0,0.0,0.0,0.0,0.0,0.0,0.0,0.0,0.0,0.0,0.0,0.0,0.0,1.0,1.0,0.0,0.0
2778.0,Never Talk to Strangers (1995),Thriller,2573.0,['Thriller'],0.0,0.0,0.0,0.0,0.0,1.0,0.0,0.0,0.0,0.0,0.0,0.0,0.0,0.0,0.0,1.0,0.0,0.0
2779.0,Heaven Can Wait (1978),Comedy,2574.0,['Comedy'],0.0,0.0,0.0,0.0,1.0,0.0,0.0,0.0,0.0,0.0,0.0,0.0,0.0,0.0,0.0,0.0,0.0,0.0
2780.0,"Raven, The (1963)",Comedy|Horror,2575.0,"['Comedy', 'Horror']",0.0,0.0,0.0,0.0,0.0,0.0,0.0,1.0,0.0,0.0,0.0,0.0,0.0,1.0,0.0,0.0,0.0,0.0
2781.0,"Tingler, The (1959)",Horror,2576.0,['Horror'],0.0,0.0,0.0,0.0,0.0,0.0,0.0,1.0,0.0,0.0,0.0,0.0,0.0,1.0,0.0,0.0,0.0,0.0
2782.0,Pit and the Pendulum (1961),Horror,2577.0,['Horror'],0.0,0.0,0.0,0.0,0.0,0.0,0.0,0.0,0.0,0.0,0.0,0.0,0.0,0.0,0.0,0.0,0.0,1.0
2783.0,"Tomb of Ligeia, The (1965)",Horror,2578.0,['Horror'],0.0,0.0,0.0,0.0,0.0,0.0,0.0,0.0,0.0,0.0,0.0,0.0,0.0,0.0,0.0,0.0,0.0,1.0
2784.0,"Masque of the Red Death, The (1964)",Horror,2579.0,['Horror'],0.0,0.0,0.0,0.0,1.0,0.0,0.0,0.0,0.0,0.0,0.0,0.0,0.0,0.0,0.0,0.0,0.0,0.0
2785.0,Tales of Terror (1962),Horror,2580.0,['Horror'],1.0,0.0,0.0,0.0,1.0,0.0,0.0,0.0,0.0,0.0,0.0,0.0,0.0,0.0,0.0,0.0,0.0,0.0
2786.0,Haunted Honeymoon (1986),Comedy,2581.0,['Comedy'],0.0,0.0,0.0,0.0,0.0,0.0,0.0,1.0,0.0,0.0,0.0,0.0,0.0,0.0,0.0,0.0,0.0,0.0
2787.0,Cat's Eye (1985),Horror,2582.0,['Horror'],0.0,0.0,0.0,0.0,1.0,0.0,0.0,1.0,0.0,0.0,0.0,0.0,0.0,0.0,0.0,0.0,0.0,0.0
2788.0,And Now for Something Completely Different (1971),Comedy,2583.0,['Comedy'],0.0,0.0,0.0,0.0,0.0,0.0,0.0,1.0,0.0,0.0,0.0,0.0,0.0,1.0,0.0,0.0,0.0,0.0
2789.0,Damien: Omen II (1978),Horror,2584.0,['Horror'],0.0,0.0,0.0,0.0,0.0,0.0,0.0,1.0,0.0,0.0,0.0,0.0,0.0,0.0,0.0,0.0,0.0,0.0
2790.0,"Final Conflict, The (a.k.a. Omen III: The Final Conflict) (1981)",Horror,2585.0,['Horror'],0.0,0.0,0.0,0.0,0.0,0.0,0.0,1.0,0.0,0.0,0.0,0.0,0.0,0.0,0.0,0.0,0.0,0.0
2791.0,Airplane! (1980),Comedy,2586.0,['Comedy'],0.0,0.0,0.0,0.0,0.0,0.0,1.0,0.0,0.0,0.0,0.0,0.0,0.0,0.0,0.0,0.0,0.0,0.0
2792.0,Airplane II: The Sequel (1982),Comedy,2587.0,['Comedy'],0.0,0.0,0.0,0.0,0.0,0.0,0.0,1.0,0.0,0.0,0.0,0.0,0.0,0.0,0.0,0.0,0.0,0.0
2793.0,"American Werewolf in Paris, An (1997)",Comedy|Horror,2588.0,"['Comedy', 'Horror']",0.0,0.0,0.0,0.0,0.0,0.0,0.0,1.0,0.0,0.0,0.0,0.0,0.0,0.0,0.0,0.0,0.0,0.0
2794.0,European Vacation (1985),Comedy,2589.0,['Comedy'],0.0,0.0,0.0,0.0,0.0,0.0,0.0,1.0,0.0,0.0,0.0,0.0,0.0,0.0,0.0,0.0,0.0,0.0
2795.0,Vacation (1983),Comedy,2590.0,['Comedy'],0.0,0.0,0.0,0.0,0.0,0.0,0.0,0.0,0.0,0.0,0.0,1.0,0.0,0.0,0.0,0.0,0.0,0.0
2796.0,Funny Farm (1988),Comedy,2591.0,['Comedy'],0.0,0.0,0.0,0.0,1.0,0.0,0.0,0.0,0.0,0.0,0.0,0.0,0.0,1.0,0.0,0.0,0.0,0.0
2797.0,Big (1988),Comedy|Fantasy,2592.0,"['Comedy', 'Fantasy']",0.0,0.0,0.0,0.0,1.0,0.0,0.0,0.0,0.0,0.0,0.0,0.0,0.0,0.0,0.0,0.0,0.0,0.0
2798.0,Problem Child (1990),Comedy,2593.0,['Comedy'],0.0,0.0,0.0,0.0,1.0,0.0,0.0,0.0,0.0,0.0,0.0,0.0,0.0,0.0,0.0,0.0,0.0,0.0
2799.0,Problem Child 2 (1991),Comedy,2594.0,['Comedy'],0.0,0.0,0.0,0.0,0.0,0.0,0.0,1.0,0.0,0.0,0.0,0.0,0.0,0.0,0.0,0.0,0.0,0.0
2800.0,Little Nemo: Adventures in Slumberland (1992),Animation|Children's,2595.0,"['Animation', ""Children's""]",0.0,0.0,0.0,0.0,0.0,0.0,0.0,1.0,0.0,0.0,0.0,0.0,0.0,0.0,0.0,1.0,0.0,0.0
2801.0,Oscar and Lucinda (a.k.a. Oscar & Lucinda) (1997),Drama|Romance,2596.0,"['Drama', 'Romance']",0.0,0.0,0.0,0.0,0.0,0.0,0.0,0.0,0.0,1.0,0.0,0.0,0.0,0.0,0.0,0.0,0.0,0.0
2802.0,Tequila Sunrise (1988),Action|Romance|Thriller,2597.0,"['Action', 'Romance', 'Thriller']",0.0,0.0,0.0,0.0,0.0,0.0,0.0,0.0,0.0,0.0,0.0,1.0,0.0,1.0,0.0,0.0,1.0,0.0
2803.0,"Pelican Brief, The (1993)",Thriller,2598.0,['Thriller'],0.0,0.0,0.0,0.0,0.0,0.0,0.0,1.0,0.0,0.0,0.0,0.0,0.0,1.0,0.0,0.0,0.0,0.0
2804.0,"Christmas Story, A (1983)",Comedy|Drama,2599.0,"['Comedy', 'Drama']",0.0,0.0,0.0,0.0,0.0,0.0,0.0,1.0,0.0,0.0,0.0,0.0,0.0,1.0,0.0,0.0,0.0,0.0
2805.0,Mickey Blue Eyes (1999),Comedy|Romance,2600.0,"['Comedy', 'Romance']",1.0,0.0,0.0,0.0,0.0,0.0,0.0,0.0,0.0,0.0,0.0,0.0,0.0,0.0,0.0,0.0,1.0,0.0
2806.0,Teaching Mrs. Tingle (1999),Comedy|Thriller,2601.0,"['Comedy', 'Thriller']",0.0,0.0,0.0,0.0,0.0,0.0,0.0,0.0,0.0,0.0,0.0,0.0,1.0,0.0,0.0,0.0,0.0,0.0
2807.0,Universal Soldier: The Return (1999),Action|Sci-Fi,2602.0,"['Action', 'Sci-Fi']",0.0,0.0,0.0,0.0,1.0,0.0,0.0,0.0,0.0,0.0,0.0,1.0,0.0,0.0,0.0,0.0,0.0,0.0
2808.0,Universal Soldier (1992),Action|Sci-Fi,2603.0,"['Action', 'Sci-Fi']",1.0,0.0,0.0,0.0,0.0,0.0,0.0,0.0,0.0,0.0,0.0,0.0,0.0,0.0,0.0,0.0,0.0,0.0
2809.0,Love Stinks (1999),Comedy,2604.0,['Comedy'],1.0,0.0,0.0,0.0,0.0,0.0,0.0,0.0,0.0,0.0,0.0,0.0,0.0,0.0,0.0,0.0,0.0,0.0
2810.0,Perfect Blue (1997),Animation|Mystery,2605.0,"['Animation', 'Mystery']",1.0,0.0,0.0,0.0,0.0,0.0,0.0,0.0,0.0,0.0,0.0,0.0,0.0,0.0,0.0,0.0,0.0,0.0
2811.0,With Friends Like These... (1998),Comedy,2606.0,['Comedy'],0.0,1.0,0.0,0.0,0.0,0.0,0.0,1.0,0.0,0.0,0.0,0.0,0.0,1.0,0.0,0.0,0.0,0.0
2812.0,In Too Deep (1999),Action|Thriller,2607.0,"['Action', 'Thriller']",1.0,0.0,0.0,0.0,0.0,0.0,0.0,0.0,0.0,0.0,0.0,0.0,0.0,0.0,0.0,0.0,0.0,1.0
2813.0,"Source, The (1999)",Documentary,2608.0,['Documentary'],0.0,0.0,0.0,0.0,0.0,1.0,0.0,0.0,0.0,0.0,0.0,0.0,0.0,0.0,0.0,1.0,0.0,0.0
2814.0,"Bat, The (1959)",Horror,2609.0,['Horror'],0.0,0.0,0.0,1.0,1.0,0.0,0.0,0.0,0.0,0.0,0.0,0.0,0.0,0.0,0.0,0.0,0.0,0.0
2815.0,Iron Eagle (1986),Action|War,2610.0,"['Action', 'War']",0.0,0.0,0.0,0.0,0.0,0.0,0.0,1.0,0.0,0.0,0.0,0.0,0.0,0.0,0.0,0.0,0.0,0.0
2816.0,Iron Eagle II (1988),Action|War,2611.0,"['Action', 'War']",1.0,0.0,0.0,0.0,0.0,1.0,0.0,0.0,0.0,0.0,0.0,0.0,0.0,0.0,0.0,1.0,0.0,0.0
2817.0,Aces: Iron Eagle III (1992),Action|War,2612.0,"['Action', 'War']",0.0,0.0,0.0,0.0,0.0,0.0,0.0,1.0,0.0,0.0,0.0,0.0,0.0,0.0,0.0,0.0,0.0,0.0
2818.0,Iron Eagle IV (1995),Action|War,2613.0,"['Action', 'War']",0.0,0.0,0.0,0.0,0.0,0.0,0.0,1.0,0.0,0.0,0.0,0.0,0.0,0.0,0.0,0.0,0.0,0.0
2819.0,Three Days of the Condor (1975),Thriller,2614.0,['Thriller'],0.0,0.0,0.0,0.0,1.0,0.0,0.0,1.0,0.0,0.0,0.0,0.0,0.0,0.0,0.0,0.0,0.0,0.0
2820.0,Hamlet (1964),Drama,2615.0,['Drama'],0.0,0.0,0.0,0.0,1.0,0.0,0.0,0.0,0.0,0.0,0.0,0.0,0.0,1.0,0.0,0.0,0.0,0.0
2821.0,Male and Female (1919),Adventure|Drama,2616.0,"['Adventure', 'Drama']",0.0,0.0,0.0,0.0,0.0,1.0,0.0,1.0,0.0,0.0,0.0,0.0,0.0,0.0,0.0,0.0,0.0,0.0
2822.0,Medicine Man (1992),Adventure|Romance,2617.0,"['Adventure', 'Romance']",0.0,0.0,0.0,0.0,0.0,0.0,0.0,1.0,0.0,0.0,0.0,0.0,0.0,0.0,0.0,0.0,0.0,0.0
2823.0,"Spiders, The (Die Spinnen, 1. Teil: Der Goldene See) (1919)",Action|Drama,2618.0,"['Action', 'Drama']",1.0,0.0,0.0,0.0,0.0,0.0,0.0,0.0,0.0,0.0,0.0,0.0,0.0,0.0,0.0,0.0,0.0,0.0
2824.0,On the Ropes (1999),Documentary,2619.0,['Documentary'],0.0,0.0,0.0,0.0,0.0,0.0,0.0,1.0,0.0,0.0,0.0,0.0,0.0,0.0,0.0,0.0,0.0,0.0
2825.0,Rosie (1998),Drama,2620.0,['Drama'],0.0,0.0,0.0,0.0,0.0,0.0,0.0,1.0,0.0,0.0,0.0,0.0,0.0,0.0,0.0,1.0,0.0,0.0
2826.0,"13th Warrior, The (1999)",Action|Horror|Thriller,2621.0,"['Action', 'Horror', 'Thriller']",0.0,1.0,0.0,0.0,0.0,0.0,0.0,0.0,1.0,0.0,0.0,0.0,0.0,0.0,1.0,0.0,0.0,0.0
2827.0,"Astronaut's Wife, The (1999)",Sci-Fi|Thriller,2622.0,"['Sci-Fi', 'Thriller']",0.0,0.0,0.0,0.0,0.0,0.0,0.0,1.0,0.0,0.0,0.0,0.0,0.0,1.0,0.0,0.0,0.0,0.0
2828.0,Dudley Do-Right (1999),Children's|Comedy,2623.0,"[""Children's"", 'Comedy']",0.0,1.0,0.0,0.0,0.0,0.0,0.0,1.0,0.0,0.0,0.0,0.0,0.0,0.0,0.0,0.0,0.0,0.0
2829.0,"Muse, The (1999)",Comedy|Drama,2624.0,"['Comedy', 'Drama']",0.0,0.0,0.0,0.0,0.0,0.0,0.0,0.0,0.0,0.0,0.0,1.0,0.0,0.0,0.0,0.0,0.0,0.0
2830.0,Cabaret Balkan (Bure Baruta) (1998),Drama,2625.0,['Drama'],0.0,0.0,0.0,0.0,0.0,0.0,0.0,1.0,0.0,0.0,0.0,0.0,0.0,0.0,0.0,0.0,1.0,0.0
2831.0,"Dog of Flanders, A (1999)",Drama,2626.0,['Drama'],0.0,0.0,0.0,0.0,1.0,0.0,0.0,0.0,0.0,0.0,0.0,0.0,0.0,0.0,0.0,0.0,0.0,0.0
2833.0,Lucie Aubrac (1997),Romance|War,2627.0,"['Romance', 'War']",0.0,0.0,0.0,0.0,0.0,0.0,0.0,1.0,0.0,0.0,0.0,0.0,0.0,0.0,0.0,0.0,0.0,0.0
2834.0,"Very Thought of You, The (1998)",Comedy|Romance,2628.0,"['Comedy', 'Romance']",0.0,0.0,0.0,0.0,0.0,0.0,0.0,1.0,0.0,0.0,1.0,0.0,0.0,0.0,0.0,0.0,0.0,0.0
2835.0,Chill Factor (1999),Action|Thriller,2629.0,"['Action', 'Thriller']",0.0,0.0,0.0,0.0,1.0,0.0,0.0,1.0,0.0,0.0,0.0,0.0,0.0,0.0,0.0,0.0,0.0,0.0
2836.0,Outside Providence (1999),Comedy,2630.0,['Comedy'],0.0,0.0,0.0,0.0,1.0,0.0,0.0,0.0,0.0,0.0,0.0,0.0,0.0,1.0,0.0,0.0,0.0,0.0
2837.0,Bedrooms & Hallways (1998),Comedy|Romance,2631.0,"['Comedy', 'Romance']",0.0,0.0,0.0,0.0,0.0,0.0,0.0,1.0,0.0,0.0,0.0,0.0,0.0,0.0,0.0,0.0,0.0,0.0
2839.0,West Beirut (West Beyrouth) (1998),Drama,2632.0,['Drama'],0.0,0.0,0.0,0.0,0.0,0.0,0.0,0.0,0.0,0.0,1.0,0.0,0.0,0.0,0.0,1.0,0.0,0.0
2840.0,Stigmata (1999),Thriller,2633.0,['Thriller'],0.0,0.0,0.0,0.0,0.0,0.0,0.0,0.0,0.0,0.0,0.0,0.0,0.0,0.0,0.0,1.0,0.0,0.0
2841.0,Stir of Echoes (1999),Thriller,2634.0,['Thriller'],0.0,0.0,0.0,0.0,0.0,0.0,1.0,0.0,0.0,0.0,0.0,0.0,0.0,0.0,0.0,0.0,0.0,0.0
2842.0,Best Laid Plans (1999),Crime|Drama,2635.0,"['Crime', 'Drama']",1.0,0.0,0.0,0.0,0.0,1.0,0.0,0.0,0.0,0.0,0.0,0.0,0.0,0.0,1.0,0.0,0.0,0.0
2843.0,"Black Cat, White Cat (Crna macka, beli macor) (1998)",Comedy|Romance,2636.0,"['Comedy', 'Romance']",1.0,0.0,0.0,0.0,0.0,1.0,0.0,0.0,0.0,0.0,0.0,0.0,0.0,0.0,1.0,0.0,0.0,0.0
2844.0,"Minus Man, The (1999)",Drama|Mystery,2637.0,"['Drama', 'Mystery']",0.0,1.0,1.0,0.0,0.0,0.0,0.0,0.0,0.0,1.0,0.0,0.0,0.0,0.0,0.0,0.0,0.0,0.0
2845.0,White Boys (1999),Drama,2638.0,['Drama'],0.0,0.0,0.0,0.0,0.0,0.0,0.0,1.0,0.0,0.0,0.0,0.0,0.0,0.0,0.0,0.0,0.0,0.0
2846.0,"Adventures of Milo and Otis, The (1986)",Children's,2639.0,"[""Children's""]",1.0,0.0,0.0,0.0,0.0,0.0,0.0,0.0,0.0,0.0,0.0,0.0,0.0,0.0,0.0,0.0,0.0,0.0
2847.0,Only Angels Have Wings (1939),Drama,2640.0,['Drama'],1.0,0.0,0.0,0.0,0.0,0.0,0.0,0.0,0.0,0.0,0.0,0.0,0.0,0.0,0.0,0.0,0.0,0.0
2848.0,Othello (1952),Drama,2641.0,['Drama'],1.0,0.0,0.0,0.0,0.0,0.0,0.0,0.0,0.0,0.0,0.0,0.0,0.0,0.0,0.0,0.0,0.0,0.0
2849.0,Queens Logic (1991),Comedy|Drama,2642.0,"['Comedy', 'Drama']",0.0,0.0,0.0,0.0,0.0,0.0,0.0,0.0,0.0,0.0,1.0,0.0,0.0,0.0,0.0,1.0,0.0,0.0
2850.0,Public Access (1993),Drama|Thriller,2643.0,"['Drama', 'Thriller']",1.0,0.0,0.0,0.0,0.0,0.0,0.0,0.0,0.0,0.0,0.0,0.0,0.0,0.0,0.0,0.0,0.0,0.0
2851.0,Saturn 3 (1979),Adventure|Sci-Fi|Thriller,2644.0,"['Adventure', 'Sci-Fi', 'Thriller']",0.0,0.0,0.0,0.0,0.0,0.0,0.0,1.0,0.0,0.0,0.0,0.0,0.0,0.0,0.0,0.0,0.0,0.0
2852.0,"Soldier's Story, A (1984)",Drama,2645.0,['Drama'],0.0,0.0,0.0,0.0,0.0,0.0,0.0,0.0,0.0,0.0,1.0,0.0,0.0,0.0,0.0,0.0,0.0,0.0
2853.0,"Communion (a.k.a. Alice, Sweet Alice/Holy Terror) (1977)",Horror,2646.0,['Horror'],0.0,0.0,0.0,0.0,0.0,0.0,0.0,1.0,0.0,0.0,0.0,0.0,0.0,0.0,0.0,0.0,0.0,0.0
2854.0,Don't Look in the Basement! (1973),Horror,2647.0,['Horror'],0.0,0.0,0.0,0.0,1.0,0.0,0.0,0.0,0.0,0.0,0.0,0.0,0.0,0.0,0.0,0.0,0.0,0.0
2855.0,Nightmares (1983),Horror,2648.0,['Horror'],0.0,0.0,0.0,0.0,0.0,0.0,0.0,0.0,0.0,0.0,0.0,0.0,0.0,1.0,0.0,0.0,0.0,0.0
2856.0,I Saw What You Did (1965),Thriller,2649.0,['Thriller'],0.0,0.0,0.0,0.0,1.0,0.0,0.0,0.0,0.0,0.0,0.0,0.0,0.0,0.0,0.0,0.0,0.0,0.0
2857.0,Yellow Submarine (1968),Animation|Musical,2650.0,"['Animation', 'Musical']",1.0,1.0,1.0,0.0,0.0,0.0,0.0,0.0,0.0,0.0,0.0,0.0,0.0,0.0,0.0,0.0,0.0,0.0
2858.0,American Beauty (1999),Comedy|Drama,2651.0,"['Comedy', 'Drama']",0.0,0.0,0.0,0.0,0.0,0.0,0.0,1.0,0.0,0.0,0.0,0.0,0.0,0.0,0.0,0.0,0.0,0.0
2859.0,Stop Making Sense (1984),Documentary,2652.0,['Documentary'],0.0,0.0,0.0,0.0,0.0,0.0,1.0,0.0,0.0,0.0,0.0,0.0,0.0,0.0,0.0,0.0,0.0,0.0
2860.0,Blue Streak (1999),Comedy,2653.0,['Comedy'],0.0,0.0,0.0,0.0,1.0,0.0,0.0,1.0,0.0,0.0,0.0,0.0,0.0,0.0,0.0,0.0,0.0,0.0
2861.0,For Love of the Game (1999),Comedy|Drama,2654.0,"['Comedy', 'Drama']",0.0,0.0,0.0,0.0,1.0,0.0,0.0,0.0,0.0,0.0,0.0,0.0,0.0,1.0,0.0,0.0,0.0,0.0
2862.0,Caligula (1980),Drama,2655.0,['Drama'],0.0,0.0,0.0,0.0,0.0,0.0,0.0,0.0,0.0,0.0,0.0,0.0,0.0,0.0,0.0,1.0,0.0,0.0
2863.0,"Hard Day's Night, A (1964)",Comedy|Musical,2656.0,"['Comedy', 'Musical']",0.0,0.0,0.0,0.0,0.0,0.0,0.0,1.0,0.0,0.0,0.0,0.0,0.0,0.0,0.0,0.0,0.0,0.0
2864.0,Splendor (1999),Comedy,2657.0,['Comedy'],0.0,0.0,0.0,0.0,0.0,0.0,1.0,0.0,0.0,0.0,0.0,0.0,0.0,0.0,0.0,0.0,0.0,0.0
2865.0,Sugar Town (1999),Comedy,2658.0,['Comedy'],0.0,0.0,0.0,0.0,0.0,0.0,0.0,0.0,0.0,0.0,0.0,0.0,0.0,0.0,0.0,1.0,0.0,0.0
2866.0,"Buddy Holly Story, The (1978)",Drama,2659.0,['Drama'],0.0,0.0,0.0,0.0,0.0,0.0,0.0,1.0,0.0,0.0,0.0,0.0,0.0,0.0,0.0,0.0,0.0,0.0
2867.0,Fright Night (1985),Comedy|Horror,2660.0,"['Comedy', 'Horror']",0.0,0.0,0.0,0.0,0.0,0.0,0.0,1.0,0.0,0.0,0.0,0.0,0.0,0.0,0.0,0.0,0.0,0.0
2868.0,Fright Night Part II (1989),Horror,2661.0,['Horror'],0.0,0.0,0.0,0.0,1.0,0.0,0.0,0.0,0.0,0.0,0.0,0.0,0.0,0.0,0.0,0.0,0.0,0.0
2869.0,"Separation, The (La Séparation) (1994)",Drama,2662.0,['Drama'],0.0,0.0,0.0,0.0,1.0,0.0,0.0,0.0,0.0,0.0,1.0,0.0,0.0,0.0,0.0,0.0,0.0,0.0
2870.0,Barefoot in the Park (1967),Comedy,2663.0,['Comedy'],0.0,0.0,0.0,0.0,1.0,0.0,0.0,0.0,0.0,0.0,0.0,0.0,0.0,0.0,0.0,0.0,0.0,0.0
2871.0,Deliverance (1972),Adventure|Thriller,2664.0,"['Adventure', 'Thriller']",0.0,0.0,0.0,0.0,0.0,0.0,0.0,0.0,0.0,0.0,0.0,0.0,0.0,0.0,0.0,1.0,0.0,0.0
2872.0,Excalibur (1981),Action|Drama|Fantasy|Romance,2665.0,"['Action', 'Drama', 'Fantasy', 'Romance']",0.0,0.0,0.0,0.0,0.0,0.0,0.0,0.0,0.0,0.0,1.0,0.0,0.0,0.0,0.0,0.0,0.0,0.0
2873.0,Lulu on the Bridge (1998),Drama|Mystery|Romance,2666.0,"['Drama', 'Mystery', 'Romance']",0.0,0.0,0.0,0.0,0.0,0.0,0.0,0.0,0.0,0.0,1.0,0.0,0.0,0.0,0.0,0.0,0.0,0.0
2874.0,"Pajama Game, The (1957)",Comedy,2667.0,['Comedy'],0.0,0.0,0.0,0.0,0.0,0.0,0.0,0.0,0.0,0.0,1.0,0.0,0.0,0.0,0.0,0.0,0.0,0.0
2875.0,Sommersby (1993),Drama|Mystery|Romance,2668.0,"['Drama', 'Mystery', 'Romance']",0.0,0.0,0.0,0.0,0.0,1.0,0.0,1.0,0.0,0.0,0.0,0.0,0.0,0.0,0.0,0.0,0.0,0.0
2876.0,Thumbelina (1994),Animation|Children's,2669.0,"['Animation', ""Children's""]",1.0,0.0,0.0,0.0,0.0,0.0,0.0,1.0,0.0,0.0,0.0,0.0,0.0,0.0,0.0,0.0,0.0,0.0
2877.0,Tommy (1975),Drama|Musical,2670.0,"['Drama', 'Musical']",0.0,0.0,0.0,0.0,0.0,0.0,0.0,0.0,0.0,0.0,1.0,0.0,0.0,0.0,0.0,0.0,0.0,0.0
2878.0,Hell Night (1981),Horror,2671.0,['Horror'],0.0,0.0,0.0,0.0,1.0,0.0,0.0,0.0,0.0,0.0,0.0,0.0,0.0,0.0,0.0,0.0,0.0,0.0
2879.0,Operation Condor (Feiying gaiwak) (1990),Action|Adventure|Comedy,2672.0,"['Action', 'Adventure', 'Comedy']",0.0,0.0,0.0,0.0,0.0,0.0,0.0,0.0,0.0,0.0,1.0,0.0,0.0,0.0,1.0,0.0,0.0,0.0
2880.0,Operation Condor 2 (Longxiong hudi) (1990),Action|Adventure|Comedy,2673.0,"['Action', 'Adventure', 'Comedy']",0.0,0.0,0.0,0.0,0.0,0.0,0.0,0.0,0.0,0.0,0.0,0.0,0.0,0.0,0.0,0.0,0.0,1.0
2881.0,Double Jeopardy (1999),Action|Thriller,2674.0,"['Action', 'Thriller']",0.0,0.0,0.0,0.0,0.0,0.0,0.0,0.0,0.0,0.0,1.0,0.0,0.0,0.0,0.0,0.0,0.0,0.0
2882.0,Jakob the Liar (1999),Drama,2675.0,['Drama'],0.0,0.0,0.0,0.0,0.0,0.0,0.0,0.0,0.0,0.0,1.0,0.0,0.0,0.0,0.0,0.0,0.0,0.0
2883.0,Mumford (1999),Comedy,2676.0,['Comedy'],0.0,0.0,0.0,0.0,1.0,0.0,0.0,0.0,0.0,0.0,0.0,0.0,0.0,0.0,0.0,0.0,0.0,0.0
2884.0,Dog Park (1998),Comedy|Romance,2677.0,"['Comedy', 'Romance']",1.0,0.0,0.0,0.0,0.0,0.0,0.0,1.0,0.0,0.0,0.0,0.0,0.0,0.0,0.0,0.0,0.0,0.0
2885.0,Guinevere (1999),Drama|Romance,2678.0,"['Drama', 'Romance']",0.0,0.0,0.0,0.0,1.0,0.0,0.0,1.0,0.0,0.0,0.0,0.0,0.0,0.0,0.0,0.0,0.0,1.0
2886.0,"Adventures of Elmo in Grouchland, The (1999)",Children's|Comedy,2679.0,"[""Children's"", 'Comedy']",0.0,0.0,0.0,0.0,1.0,0.0,0.0,0.0,0.0,0.0,0.0,0.0,0.0,0.0,0.0,0.0,0.0,0.0
2887.0,Simon Sez (1999),Drama,2680.0,['Drama'],0.0,0.0,0.0,0.0,0.0,0.0,0.0,0.0,0.0,0.0,0.0,0.0,0.0,0.0,1.0,0.0,0.0,0.0
2888.0,Drive Me Crazy (1999),Comedy|Romance,2681.0,"['Comedy', 'Romance']",0.0,0.0,0.0,0.0,1.0,0.0,0.0,0.0,0.0,0.0,0.0,0.0,0.0,0.0,1.0,0.0,0.0,0.0
2889.0,"Mystery, Alaska (1999)",Comedy,2682.0,['Comedy'],0.0,0.0,1.0,1.0,0.0,0.0,0.0,0.0,0.0,0.0,0.0,0.0,0.0,0.0,0.0,0.0,0.0,0.0
2890.0,Three Kings (1999),Drama|War,2683.0,"['Drama', 'War']",0.0,0.0,0.0,0.0,1.0,0.0,0.0,1.0,0.0,0.0,0.0,0.0,0.0,0.0,0.0,0.0,1.0,0.0
2891.0,"Happy, Texas (1999)",Comedy,2684.0,['Comedy'],0.0,1.0,0.0,0.0,0.0,0.0,0.0,0.0,0.0,0.0,0.0,0.0,0.0,0.0,0.0,0.0,0.0,0.0
2892.0,New Rose Hotel (1998),Action|Drama,2685.0,"['Action', 'Drama']",0.0,0.0,0.0,0.0,1.0,0.0,0.0,1.0,0.0,0.0,0.0,0.0,0.0,0.0,0.0,0.0,0.0,1.0
2893.0,Plunkett & MaCleane (1999),Action|Drama,2686.0,"['Action', 'Drama']",0.0,0.0,0.0,0.0,0.0,0.0,0.0,1.0,0.0,0.0,0.0,0.0,0.0,0.0,0.0,0.0,0.0,0.0
2894.0,Romance (1999),Drama|Romance,2687.0,"['Drama', 'Romance']",0.0,0.0,0.0,0.0,1.0,0.0,0.0,0.0,0.0,0.0,0.0,0.0,0.0,0.0,0.0,0.0,0.0,0.0
2895.0,Napoleon and Samantha (1972),Adventure,2688.0,['Adventure'],0.0,0.0,0.0,0.0,1.0,0.0,0.0,0.0,0.0,0.0,0.0,0.0,0.0,0.0,0.0,0.0,0.0,0.0
2896.0,Alvarez Kelly (1966),Western,2689.0,['Western'],0.0,0.0,0.0,0.0,1.0,0.0,0.0,0.0,0.0,0.0,0.0,0.0,0.0,0.0,0.0,0.0,0.0,0.0
2897.0,And the Ship Sails On (E la nave va) (1984),Comedy|War,2690.0,"['Comedy', 'War']",0.0,0.0,0.0,0.0,1.0,0.0,0.0,0.0,0.0,0.0,0.0,0.0,0.0,0.0,0.0,0.0,0.0,0.0
2898.0,"Dark Half, The (1993)",Horror|Mystery,2691.0,"['Horror', 'Mystery']",0.0,0.0,0.0,0.0,1.0,0.0,0.0,0.0,0.0,0.0,0.0,0.0,0.0,0.0,0.0,0.0,0.0,0.0
2899.0,Gulliver's Travels (1939),Adventure|Animation|Children's,2692.0,"['Adventure', 'Animation', ""Children's""]",0.0,0.0,0.0,0.0,0.0,0.0,0.0,0.0,0.0,0.0,0.0,0.0,1.0,1.0,0.0,1.0,0.0,0.0
2900.0,Monkey Shines (1988),Horror|Sci-Fi,2693.0,"['Horror', 'Sci-Fi']",0.0,0.0,0.0,0.0,1.0,0.0,0.0,1.0,0.0,0.0,0.0,0.0,0.0,0.0,0.0,0.0,0.0,0.0
2901.0,Phantasm (1979),Horror|Sci-Fi,2694.0,"['Horror', 'Sci-Fi']",0.0,0.0,0.0,0.0,1.0,0.0,0.0,0.0,0.0,0.0,0.0,0.0,0.0,1.0,0.0,0.0,0.0,0.0
2902.0,Psycho II (1983),Horror|Thriller,2695.0,"['Horror', 'Thriller']",0.0,0.0,0.0,0.0,0.0,0.0,0.0,1.0,0.0,0.0,0.0,0.0,0.0,0.0,0.0,0.0,0.0,0.0
2903.0,Psycho III (1986),Horror|Thriller,2696.0,"['Horror', 'Thriller']",0.0,0.0,0.0,0.0,1.0,0.0,0.0,0.0,0.0,0.0,0.0,0.0,0.0,0.0,0.0,0.0,0.0,0.0
2904.0,Rain (1932),Drama,2697.0,['Drama'],0.0,0.0,0.0,0.0,1.0,0.0,0.0,0.0,0.0,0.0,0.0,0.0,0.0,0.0,0.0,0.0,1.0,0.0
2905.0,Sanjuro (1962),Action|Adventure,2698.0,"['Action', 'Adventure']",0.0,0.0,0.0,0.0,0.0,0.0,0.0,1.0,0.0,0.0,0.0,0.0,0.0,0.0,0.0,0.0,0.0,0.0
2906.0,Random Hearts (1999),Drama|Romance,2699.0,"['Drama', 'Romance']",0.0,0.0,0.0,0.0,0.0,0.0,0.0,1.0,0.0,0.0,0.0,0.0,0.0,0.0,0.0,0.0,0.0,0.0
2907.0,Superstar (1999),Comedy,2700.0,['Comedy'],0.0,0.0,0.0,0.0,1.0,0.0,0.0,0.0,0.0,0.0,0.0,0.0,0.0,0.0,0.0,0.0,0.0,0.0
2908.0,Boys Don't Cry (1999),Drama,2701.0,['Drama'],0.0,0.0,0.0,0.0,0.0,0.0,0.0,1.0,0.0,0.0,0.0,0.0,0.0,0.0,0.0,0.0,1.0,0.0
2909.0,"Five Wives, Three Secretaries and Me (1998)",Documentary,2702.0,['Documentary'],0.0,0.0,1.0,1.0,0.0,0.0,0.0,0.0,0.0,0.0,0.0,0.0,0.0,0.0,0.0,0.0,0.0,0.0
2911.0,"Grandfather, The (El Abuelo) (1998)",Drama,2703.0,['Drama'],0.0,0.0,0.0,0.0,0.0,0.0,0.0,0.0,0.0,0.0,0.0,0.0,0.0,0.0,0.0,1.0,0.0,0.0
2912.0,"Limey, The (1999)",Action|Crime|Drama,2704.0,"['Action', 'Crime', 'Drama']",0.0,0.0,0.0,0.0,1.0,0.0,0.0,0.0,0.0,0.0,0.0,0.0,0.0,0.0,0.0,0.0,0.0,0.0
2913.0,"Mating Habits of the Earthbound Human, The (1998)",Comedy,2705.0,['Comedy'],0.0,0.0,0.0,0.0,0.0,0.0,0.0,0.0,0.0,0.0,1.0,0.0,0.0,0.0,1.0,0.0,0.0,0.0
2914.0,Molly (1999),Comedy|Drama,2706.0,"['Comedy', 'Drama']",0.0,0.0,0.0,0.0,1.0,0.0,0.0,1.0,0.0,0.0,0.0,0.0,0.0,0.0,0.0,0.0,0.0,0.0
2915.0,Risky Business (1983),Comedy,2707.0,['Comedy'],0.0,0.0,0.0,0.0,1.0,0.0,0.0,0.0,0.0,0.0,0.0,1.0,0.0,0.0,0.0,0.0,0.0,0.0
2916.0,Total Recall (1990),Action|Adventure|Sci-Fi|Thriller,2708.0,"['Action', 'Adventure', 'Sci-Fi', 'Thriller']",1.0,0.0,0.0,0.0,0.0,0.0,0.0,1.0,0.0,0.0,0.0,0.0,0.0,0.0,0.0,0.0,1.0,0.0
2917.0,Body Heat (1981),Crime|Thriller,2709.0,"['Crime', 'Thriller']",0.0,0.0,0.0,0.0,0.0,0.0,0.0,0.0,0.0,0.0,0.0,0.0,0.0,0.0,0.0,1.0,0.0,0.0
2918.0,Ferris Bueller's Day Off (1986),Comedy,2710.0,['Comedy'],0.0,0.0,0.0,0.0,0.0,0.0,0.0,0.0,0.0,0.0,0.0,0.0,0.0,0.0,0.0,1.0,0.0,0.0
2919.0,Year of Living Dangerously (1982),Drama|Romance,2711.0,"['Drama', 'Romance']",0.0,0.0,0.0,0.0,0.0,0.0,0.0,1.0,0.0,0.0,0.0,0.0,0.0,0.0,0.0,0.0,0.0,0.0
2920.0,Children of Paradise (Les enfants du paradis) (1945),Drama|Romance,2712.0,"['Drama', 'Romance']",0.0,0.0,0.0,0.0,0.0,0.0,0.0,0.0,0.0,0.0,0.0,0.0,0.0,0.0,0.0,0.0,1.0,0.0
2921.0,High Plains Drifter (1972),Western,2713.0,['Western'],0.0,0.0,0.0,0.0,1.0,0.0,0.0,1.0,0.0,0.0,0.0,0.0,0.0,0.0,0.0,0.0,0.0,0.0
2922.0,Hang 'em High (1967),Western,2714.0,['Western'],0.0,0.0,0.0,0.0,0.0,0.0,0.0,1.0,0.0,0.0,0.0,0.0,0.0,0.0,0.0,0.0,0.0,0.0
2923.0,Citizen's Band (a.k.a. Handle with Care) (1977),Comedy,2715.0,['Comedy'],0.0,0.0,0.0,0.0,0.0,0.0,0.0,1.0,0.0,0.0,0.0,0.0,0.0,0.0,0.0,0.0,0.0,0.0
2924.0,Drunken Master (Zui quan) (1979),Action|Comedy,2716.0,"['Action', 'Comedy']",0.0,1.0,0.0,0.0,1.0,0.0,0.0,0.0,0.0,0.0,0.0,0.0,0.0,0.0,1.0,0.0,0.0,0.0
2925.0,"Conformist, The (Il Conformista) (1970)",Drama,2717.0,['Drama'],0.0,0.0,0.0,0.0,0.0,0.0,0.0,1.0,0.0,0.0,0.0,0.0,0.0,0.0,0.0,0.0,0.0,0.0
2926.0,Hairspray (1988),Comedy|Drama,2718.0,"['Comedy', 'Drama']",0.0,0.0,0.0,0.0,1.0,0.0,0.0,0.0,0.0,0.0,0.0,0.0,0.0,0.0,0.0,0.0,0.0,0.0
2927.0,Brief Encounter (1946),Drama|Romance,2719.0,"['Drama', 'Romance']",0.0,0.0,0.0,0.0,0.0,0.0,0.0,1.0,0.0,0.0,0.0,0.0,0.0,1.0,0.0,0.0,0.0,0.0
2928.0,"Razor's Edge, The (1984)",Drama,2720.0,['Drama'],0.0,0.0,0.0,0.0,0.0,0.0,0.0,0.0,0.0,0.0,0.0,0.0,0.0,0.0,0.0,0.0,0.0,1.0
2929.0,Reds (1981),Drama,2721.0,['Drama'],0.0,0.0,0.0,0.0,0.0,0.0,0.0,0.0,0.0,0.0,0.0,0.0,0.0,0.0,0.0,1.0,0.0,0.0
2930.0,Return with Honor (1998),Documentary,2722.0,['Documentary'],0.0,0.0,0.0,0.0,1.0,0.0,0.0,0.0,0.0,0.0,0.0,0.0,0.0,0.0,0.0,0.0,0.0,0.0
2931.0,Time of the Gypsies (Dom za vesanje) (1989),Drama,2723.0,['Drama'],0.0,0.0,0.0,0.0,0.0,0.0,1.0,0.0,0.0,0.0,0.0,0.0,0.0,0.0,0.0,0.0,0.0,0.0
2932.0,Days of Heaven (1978),Drama,2724.0,['Drama'],0.0,0.0,0.0,0.0,0.0,0.0,0.0,1.0,0.0,0.0,0.0,0.0,0.0,0.0,0.0,0.0,0.0,0.0
2933.0,"Fire Within, The (Le Feu Follet) (1963)",Drama,2725.0,['Drama'],0.0,0.0,0.0,0.0,0.0,0.0,0.0,1.0,0.0,0.0,0.0,0.0,0.0,0.0,0.0,0.0,0.0,0.0
2934.0,"Love Bewitched, A (El Amor Brujo) (1986)",Musical,2726.0,['Musical'],0.0,0.0,0.0,0.0,0.0,0.0,0.0,0.0,0.0,0.0,1.0,0.0,0.0,1.0,0.0,0.0,0.0,0.0
2935.0,"Lady Eve, The (1941)",Comedy|Romance,2727.0,"['Comedy', 'Romance']",1.0,0.0,0.0,0.0,0.0,0.0,0.0,0.0,0.0,0.0,0.0,0.0,0.0,0.0,0.0,1.0,0.0,0.0
2936.0,Sullivan's Travels (1942),Comedy,2728.0,['Comedy'],0.0,0.0,0.0,0.0,1.0,0.0,0.0,1.0,0.0,0.0,0.0,0.0,0.0,0.0,0.0,0.0,0.0,0.0
2937.0,"Palm Beach Story, The (1942)",Comedy,2729.0,['Comedy'],0.0,0.0,0.0,0.0,0.0,0.0,1.0,0.0,0.0,0.0,0.0,0.0,0.0,0.0,0.0,0.0,0.0,0.0
2938.0,Man Facing Southeast (Hombre Mirando al Sudeste) (1986),Drama,2730.0,['Drama'],0.0,0.0,0.0,0.0,0.0,0.0,0.0,0.0,0.0,0.0,1.0,0.0,0.0,0.0,0.0,0.0,0.0,0.0
2939.0,Niagara (1953),Drama|Thriller,2731.0,"['Drama', 'Thriller']",0.0,0.0,0.0,0.0,1.0,0.0,0.0,0.0,0.0,0.0,0.0,0.0,0.0,0.0,0.0,0.0,0.0,0.0
2940.0,Gilda (1946),Film-Noir,2732.0,['Film-Noir'],0.0,0.0,0.0,0.0,1.0,0.0,0.0,0.0,0.0,0.0,0.0,0.0,0.0,0.0,0.0,0.0,0.0,0.0
2941.0,South Pacific (1958),Musical|Romance|War,2733.0,"['Musical', 'Romance', 'War']",0.0,0.0,0.0,0.0,1.0,0.0,0.0,0.0,0.0,0.0,0.0,0.0,0.0,0.0,0.0,0.0,0.0,0.0
2942.0,Flashdance (1983),Drama|Romance,2734.0,"['Drama', 'Romance']",0.0,0.0,0.0,0.0,0.0,0.0,0.0,1.0,0.0,0.0,0.0,0.0,0.0,0.0,0.0,0.0,0.0,0.0
2943.0,Indochine (1992),Drama|Romance,2735.0,"['Drama', 'Romance']",0.0,0.0,0.0,0.0,0.0,0.0,0.0,1.0,0.0,0.0,0.0,0.0,0.0,0.0,0.0,0.0,0.0,0.0
2944.0,"Dirty Dozen, The (1967)",Action|War,2736.0,"['Action', 'War']",0.0,0.0,0.0,0.0,0.0,0.0,0.0,1.0,0.0,0.0,0.0,0.0,0.0,0.0,0.0,0.0,1.0,0.0
2945.0,Mike's Murder (1984),Mystery,2737.0,['Mystery'],0.0,0.0,0.0,0.0,0.0,0.0,0.0,1.0,0.0,0.0,0.0,0.0,0.0,0.0,0.0,0.0,0.0,0.0
2946.0,Help! (1965),Comedy|Musical,2738.0,"['Comedy', 'Musical']",0.0,0.0,0.0,0.0,0.0,0.0,0.0,1.0,0.0,0.0,0.0,0.0,0.0,0.0,0.0,0.0,0.0,1.0
2947.0,Goldfinger (1964),Action,2739.0,['Action'],0.0,0.0,0.0,0.0,0.0,0.0,0.0,1.0,0.0,0.0,0.0,0.0,0.0,1.0,0.0,0.0,0.0,0.0
2948.0,From Russia with Love (1963),Action,2740.0,['Action'],0.0,0.0,0.0,0.0,0.0,0.0,0.0,1.0,0.0,0.0,0.0,0.0,0.0,0.0,0.0,0.0,0.0,0.0
2949.0,Dr. No (1962),Action,2741.0,['Action'],0.0,0.0,0.0,0.0,1.0,0.0,0.0,0.0,0.0,0.0,0.0,0.0,0.0,0.0,0.0,0.0,0.0,0.0
2950.0,"Blue Lagoon, The (1980)",Adventure|Drama|Romance,2742.0,"['Adventure', 'Drama', 'Romance']",0.0,0.0,0.0,0.0,1.0,0.0,0.0,0.0,0.0,0.0,0.0,0.0,0.0,1.0,0.0,0.0,0.0,0.0
2951.0,"Fistful of Dollars, A (1964)",Action|Western,2743.0,"['Action', 'Western']",0.0,0.0,0.0,0.0,0.0,0.0,0.0,1.0,0.0,0.0,0.0,0.0,0.0,0.0,0.0,0.0,0.0,0.0
2952.0,"Hard 8 (a.k.a. Sydney, a.k.a. Hard Eight) (1996)",Crime|Thriller,2744.0,"['Crime', 'Thriller']",0.0,0.0,0.0,0.0,1.0,0.0,0.0,0.0,0.0,0.0,0.0,0.0,0.0,1.0,0.0,0.0,0.0,0.0
2953.0,Home Alone 2: Lost in New York (1992),Children's|Comedy,2745.0,"[""Children's"", 'Comedy']",0.0,0.0,0.0,0.0,0.0,0.0,0.0,1.0,0.0,0.0,0.0,0.0,0.0,0.0,0.0,0.0,0.0,0.0
2955.0,Penitentiary II (1982),Drama,2746.0,['Drama'],0.0,0.0,0.0,0.0,0.0,0.0,0.0,0.0,0.0,0.0,0.0,0.0,0.0,0.0,0.0,1.0,0.0,0.0
2956.0,Someone to Watch Over Me (1987),Action|Crime|Thriller,2747.0,"['Action', 'Crime', 'Thriller']",0.0,0.0,0.0,0.0,0.0,0.0,0.0,1.0,0.0,0.0,0.0,0.0,0.0,1.0,0.0,0.0,0.0,0.0
2959.0,Fight Club (1999),Drama,2748.0,['Drama'],0.0,0.0,0.0,0.0,0.0,0.0,0.0,1.0,0.0,0.0,0.0,0.0,0.0,1.0,0.0,0.0,0.0,0.0
2960.0,Beefcake (1999),Drama,2749.0,['Drama'],1.0,0.0,0.0,0.0,0.0,0.0,0.0,1.0,0.0,0.0,0.0,0.0,0.0,0.0,0.0,0.0,0.0,0.0
2961.0,"Story of Us, The (1999)",Comedy|Drama,2750.0,"['Comedy', 'Drama']",0.0,0.0,0.0,0.0,1.0,0.0,0.0,1.0,0.0,0.0,0.0,0.0,0.0,1.0,0.0,0.0,0.0,0.0
2962.0,Fever Pitch (1997),Comedy|Romance,2751.0,"['Comedy', 'Romance']",0.0,0.0,0.0,0.0,0.0,0.0,0.0,1.0,0.0,0.0,0.0,0.0,0.0,0.0,0.0,0.0,0.0,0.0
2963.0,Joe the King (1999),Crime|Drama,2752.0,"['Crime', 'Drama']",0.0,0.0,0.0,0.0,0.0,0.0,0.0,1.0,0.0,0.0,0.0,0.0,0.0,0.0,0.0,0.0,0.0,0.0
2964.0,Julien Donkey-Boy (1999),Drama,2753.0,['Drama'],0.0,0.0,0.0,0.0,0.0,0.0,0.0,1.0,0.0,0.0,0.0,0.0,0.0,0.0,0.0,0.0,0.0,0.0
2965.0,"Omega Code, The (1999)",Action,2754.0,['Action'],0.0,0.0,0.0,0.0,0.0,0.0,0.0,1.0,0.0,0.0,0.0,0.0,0.0,0.0,0.0,0.0,0.0,0.0
2966.0,"Straight Story, The (1999)",Drama,2755.0,['Drama'],1.0,0.0,0.0,0.0,0.0,0.0,0.0,0.0,0.0,0.0,0.0,0.0,0.0,0.0,0.0,1.0,0.0,0.0
2967.0,"Bad Seed, The (1956)",Drama|Thriller,2756.0,"['Drama', 'Thriller']",0.0,0.0,1.0,1.0,1.0,0.0,0.0,0.0,0.0,0.0,0.0,0.0,0.0,0.0,0.0,0.0,0.0,0.0
2968.0,Time Bandits (1981),Adventure|Fantasy|Sci-Fi,2757.0,"['Adventure', 'Fantasy', 'Sci-Fi']",0.0,0.0,0.0,0.0,0.0,0.0,0.0,1.0,0.0,0.0,0.0,0.0,0.0,0.0,0.0,0.0,0.0,0.0
2969.0,"Man and a Woman, A (Un Homme et une Femme) (1966)",Drama|Romance,2758.0,"['Drama', 'Romance']",0.0,0.0,0.0,0.0,0.0,0.0,0.0,1.0,0.0,0.0,0.0,0.0,0.0,0.0,0.0,0.0,0.0,0.0
2970.0,Fitzcarraldo (1982),Adventure|Drama,2759.0,"['Adventure', 'Drama']",0.0,0.0,0.0,0.0,0.0,0.0,0.0,1.0,0.0,0.0,0.0,0.0,0.0,1.0,0.0,0.0,1.0,0.0
2971.0,All That Jazz (1979),Musical,2760.0,['Musical'],0.0,0.0,0.0,0.0,0.0,0.0,0.0,1.0,0.0,0.0,0.0,0.0,0.0,0.0,0.0,0.0,0.0,0.0
2972.0,Red Sorghum (Hong Gao Liang) (1987),Drama|War,2761.0,"['Drama', 'War']",0.0,0.0,0.0,0.0,0.0,0.0,0.0,0.0,0.0,0.0,1.0,0.0,0.0,0.0,0.0,0.0,0.0,0.0
2973.0,Crimes and Misdemeanors (1989),Comedy,2762.0,['Comedy'],0.0,0.0,0.0,0.0,1.0,0.0,0.0,0.0,0.0,0.0,0.0,0.0,0.0,0.0,0.0,0.0,0.0,0.0
2974.0,Bats (1999),Horror|Thriller,2763.0,"['Horror', 'Thriller']",0.0,0.0,0.0,0.0,0.0,0.0,0.0,0.0,0.0,1.0,0.0,0.0,0.0,0.0,0.0,0.0,0.0,0.0
2975.0,"Best Man, The (1999)",Drama,2764.0,['Drama'],0.0,0.0,0.0,0.0,0.0,0.0,0.0,1.0,0.0,0.0,0.0,0.0,0.0,1.0,0.0,0.0,0.0,1.0
2976.0,Bringing Out the Dead (1999),Drama|Horror,2765.0,"['Drama', 'Horror']",0.0,0.0,0.0,0.0,1.0,0.0,0.0,0.0,0.0,0.0,0.0,0.0,0.0,0.0,0.0,0.0,0.0,0.0
2977.0,Crazy in Alabama (1999),Comedy|Drama,2766.0,"['Comedy', 'Drama']",0.0,0.0,0.0,0.0,1.0,0.0,0.0,1.0,0.0,0.0,0.0,0.0,0.0,0.0,0.0,0.0,0.0,0.0
2978.0,Three to Tango (1999),Comedy|Romance,2767.0,"['Comedy', 'Romance']",0.0,0.0,0.0,0.0,0.0,0.0,0.0,1.0,0.0,0.0,0.0,0.0,0.0,0.0,0.0,0.0,0.0,0.0
2979.0,Body Shots (1999),Drama,2768.0,['Drama'],0.0,0.0,0.0,0.0,0.0,0.0,0.0,1.0,0.0,0.0,0.0,0.0,0.0,0.0,0.0,0.0,0.0,0.0
2981.0,"Brother, Can You Spare a Dime? (1975)",Documentary,2769.0,['Documentary'],0.0,0.0,0.0,0.0,0.0,0.0,0.0,1.0,0.0,0.0,0.0,0.0,0.0,0.0,0.0,0.0,0.0,0.0
2982.0,"Guardian, The (1990)",Horror|Thriller,2770.0,"['Horror', 'Thriller']",0.0,0.0,0.0,0.0,1.0,0.0,0.0,1.0,0.0,0.0,0.0,0.0,0.0,0.0,0.0,0.0,0.0,0.0
2983.0,"Ipcress File, The (1965)",Thriller,2771.0,['Thriller'],0.0,0.0,0.0,0.0,1.0,0.0,0.0,0.0,0.0,0.0,0.0,0.0,0.0,0.0,0.0,0.0,0.0,0.0
2984.0,On Any Sunday (1971),Documentary,2772.0,['Documentary'],0.0,0.0,0.0,0.0,1.0,0.0,0.0,0.0,0.0,0.0,0.0,0.0,0.0,0.0,0.0,0.0,0.0,0.0
2985.0,Robocop (1987),Action|Crime|Sci-Fi,2773.0,"['Action', 'Crime', 'Sci-Fi']",0.0,0.0,0.0,0.0,1.0,0.0,0.0,0.0,0.0,0.0,0.0,0.0,0.0,0.0,0.0,0.0,0.0,0.0
2986.0,Robocop 2 (1990),Action|Crime|Sci-Fi,2774.0,"['Action', 'Crime', 'Sci-Fi']",0.0,0.0,0.0,0.0,1.0,0.0,0.0,0.0,0.0,0.0,0.0,0.0,0.0,0.0,0.0,0.0,0.0,0.0
2987.0,Who Framed Roger Rabbit? (1988),Adventure|Animation|Film-Noir,2775.0,"['Adventure', 'Animation', 'Film-Noir']",0.0,0.0,0.0,0.0,0.0,0.0,0.0,1.0,0.0,0.0,0.0,0.0,0.0,0.0,0.0,0.0,1.0,0.0
2988.0,Melvin and Howard (1980),Drama,2776.0,['Drama'],0.0,0.0,0.0,0.0,0.0,0.0,0.0,1.0,0.0,0.0,0.0,0.0,0.0,0.0,0.0,0.0,0.0,0.0
2989.0,For Your Eyes Only (1981),Action,2777.0,['Action'],0.0,0.0,0.0,0.0,0.0,0.0,1.0,0.0,0.0,0.0,0.0,0.0,0.0,0.0,0.0,0.0,0.0,0.0
2990.0,Licence to Kill (1989),Action,2778.0,['Action'],1.0,0.0,0.0,0.0,0.0,0.0,0.0,0.0,0.0,0.0,0.0,0.0,0.0,0.0,0.0,0.0,1.0,0.0
2991.0,Live and Let Die (1973),Action,2779.0,['Action'],0.0,0.0,0.0,0.0,0.0,0.0,0.0,1.0,0.0,0.0,0.0,0.0,0.0,0.0,0.0,0.0,0.0,0.0
2992.0,Rawhead Rex (1986),Horror|Thriller,2780.0,"['Horror', 'Thriller']",1.0,1.0,0.0,0.0,0.0,0.0,0.0,0.0,0.0,0.0,0.0,0.0,0.0,0.0,0.0,0.0,0.0,0.0
2993.0,Thunderball (1965),Action,2781.0,['Action'],0.0,0.0,0.0,0.0,1.0,0.0,0.0,0.0,0.0,0.0,0.0,0.0,0.0,0.0,0.0,0.0,0.0,0.0
2994.0,"City, The (1998)",Drama,2782.0,['Drama'],0.0,0.0,0.0,0.0,0.0,0.0,0.0,1.0,0.0,0.0,0.0,0.0,0.0,0.0,0.0,0.0,0.0,0.0
2995.0,"House on Haunted Hill, The (1999)",Horror,2783.0,['Horror'],0.0,0.0,0.0,0.0,0.0,0.0,1.0,0.0,0.0,0.0,0.0,1.0,0.0,0.0,0.0,0.0,0.0,0.0
2996.0,Music of the Heart (1999),Drama,2784.0,['Drama'],0.0,0.0,0.0,0.0,0.0,0.0,0.0,1.0,0.0,0.0,0.0,0.0,0.0,0.0,0.0,0.0,1.0,0.0
2997.0,Being John Malkovich (1999),Comedy,2785.0,['Comedy'],0.0,0.0,0.0,0.0,1.0,0.0,0.0,0.0,0.0,0.0,0.0,0.0,0.0,1.0,0.0,0.0,0.0,0.0
2998.0,Dreaming of Joseph Lees (1998),Romance,2786.0,['Romance'],0.0,0.0,0.0,0.0,0.0,0.0,0.0,1.0,0.0,0.0,0.0,0.0,0.0,0.0,0.0,0.0,0.0,0.0
2999.0,Man of the Century (1999),Comedy,2787.0,['Comedy'],0.0,0.0,0.0,0.0,1.0,0.0,0.0,0.0,0.0,0.0,0.0,0.0,0.0,0.0,0.0,0.0,0.0,0.0
3000.0,"Princess Mononoke, The (Mononoke Hime) (1997)",Action|Adventure|Animation,2788.0,"['Action', 'Adventure', 'Animation']",0.0,0.0,0.0,0.0,0.0,0.0,0.0,1.0,0.0,0.0,0.0,0.0,0.0,0.0,0.0,1.0,0.0,0.0
3001.0,"Suburbans, The (1999)",Drama,2789.0,['Drama'],0.0,0.0,0.0,0.0,0.0,0.0,0.0,1.0,0.0,0.0,0.0,0.0,0.0,0.0,0.0,0.0,0.0,0.0
3002.0,My Best Fiend (Mein liebster Feind) (1999),Documentary,2790.0,['Documentary'],0.0,0.0,0.0,0.0,0.0,0.0,0.0,0.0,0.0,0.0,0.0,0.0,1.0,0.0,0.0,0.0,0.0,0.0
3003.0,Train of Life (Train De Vie) (1998),Comedy|Drama,2791.0,"['Comedy', 'Drama']",0.0,0.0,0.0,0.0,0.0,0.0,0.0,1.0,0.0,0.0,0.0,0.0,0.0,0.0,0.0,0.0,0.0,0.0
3004.0,"Bachelor, The (1999)",Comedy|Romance,2792.0,"['Comedy', 'Romance']",0.0,0.0,0.0,0.0,0.0,1.0,0.0,1.0,0.0,0.0,0.0,0.0,1.0,0.0,0.0,0.0,0.0,0.0
3005.0,"Bone Collector, The (1999)",Thriller,2793.0,['Thriller'],0.0,0.0,0.0,0.0,0.0,0.0,0.0,1.0,0.0,0.0,0.0,0.0,0.0,0.0,0.0,0.0,0.0,0.0
3006.0,"Insider, The (1999)",Drama,2794.0,['Drama'],1.0,1.0,0.0,0.0,0.0,0.0,0.0,0.0,1.0,0.0,0.0,0.0,0.0,0.0,0.0,0.0,0.0,0.0
3007.0,American Movie (1999),Documentary,2795.0,['Documentary'],0.0,0.0,0.0,0.0,0.0,0.0,0.0,1.0,0.0,0.0,0.0,0.0,0.0,0.0,0.0,0.0,1.0,0.0
3008.0,Last Night (1998),Thriller,2796.0,['Thriller'],0.0,0.0,0.0,0.0,0.0,0.0,0.0,1.0,0.0,0.0,0.0,0.0,0.0,1.0,0.0,0.0,0.0,0.0
3010.0,Rosetta (1999),Drama,2797.0,['Drama'],0.0,0.0,0.0,1.0,1.0,0.0,0.0,0.0,0.0,0.0,0.0,0.0,0.0,0.0,0.0,0.0,0.0,0.0
3011.0,"They Shoot Horses, Don't They? (1969)",Drama,2798.0,['Drama'],0.0,0.0,0.0,0.0,0.0,0.0,0.0,1.0,0.0,0.0,0.0,0.0,0.0,0.0,0.0,0.0,0.0,0.0
3012.0,Battling Butler (1926),Comedy,2799.0,['Comedy'],0.0,0.0,1.0,1.0,0.0,0.0,0.0,0.0,0.0,0.0,0.0,1.0,0.0,0.0,0.0,0.0,0.0,0.0
3013.0,Bride of Re-Animator (1990),Comedy|Horror,2800.0,"['Comedy', 'Horror']",0.0,0.0,0.0,0.0,0.0,0.0,0.0,1.0,0.0,0.0,0.0,0.0,0.0,0.0,0.0,0.0,0.0,0.0
3014.0,Bustin' Loose (1981),Comedy,2801.0,['Comedy'],0.0,0.0,0.0,0.0,0.0,0.0,0.0,1.0,0.0,0.0,0.0,0.0,0.0,0.0,0.0,0.0,0.0,0.0
3015.0,Coma (1978),Thriller,2802.0,['Thriller'],0.0,0.0,0.0,0.0,1.0,0.0,0.0,1.0,0.0,0.0,0.0,0.0,0.0,0.0,0.0,0.0,0.0,0.0
3016.0,Creepshow (1982),Horror,2803.0,['Horror'],0.0,0.0,0.0,0.0,0.0,0.0,0.0,1.0,0.0,0.0,0.0,0.0,0.0,0.0,0.0,0.0,0.0,0.0
3017.0,Creepshow 2 (1987),Horror,2804.0,['Horror'],0.0,0.0,0.0,0.0,0.0,0.0,0.0,1.0,0.0,0.0,0.0,0.0,0.0,0.0,0.0,0.0,0.0,0.0
3018.0,Re-Animator (1985),Horror,2805.0,['Horror'],1.0,0.0,0.0,0.0,0.0,0.0,0.0,1.0,0.0,0.0,0.0,0.0,0.0,0.0,0.0,0.0,0.0,0.0
3019.0,Drugstore Cowboy (1989),Crime|Drama,2806.0,"['Crime', 'Drama']",0.0,1.0,0.0,0.0,0.0,0.0,0.0,0.0,0.0,0.0,0.0,0.0,0.0,0.0,0.0,0.0,0.0,0.0
3020.0,Falling Down (1993),Action|Drama,2807.0,"['Action', 'Drama']",0.0,0.0,0.0,0.0,0.0,0.0,0.0,1.0,0.0,0.0,0.0,0.0,0.0,0.0,0.0,0.0,0.0,0.0
3021.0,"Funhouse, The (1981)",Horror,2808.0,['Horror'],0.0,1.0,0.0,0.0,0.0,0.0,0.0,1.0,0.0,0.0,0.0,0.0,0.0,0.0,0.0,0.0,0.0,0.0
3022.0,"General, The (1927)",Comedy,2809.0,['Comedy'],0.0,0.0,0.0,0.0,0.0,0.0,0.0,1.0,0.0,0.0,0.0,0.0,0.0,0.0,0.0,0.0,0.0,0.0
3024.0,Piranha (1978),Horror|Sci-Fi,2810.0,"['Horror', 'Sci-Fi']",0.0,1.0,0.0,0.0,0.0,0.0,0.0,0.0,0.0,0.0,0.0,0.0,0.0,0.0,0.0,0.0,0.0,0.0
3025.0,Rough Night in Jericho (1967),Western,2811.0,['Western'],0.0,0.0,0.0,0.0,0.0,0.0,0.0,1.0,0.0,0.0,0.0,0.0,0.0,0.0,0.0,0.0,0.0,0.0
3026.0,Slaughterhouse (1987),Horror,2812.0,['Horror'],0.0,0.0,0.0,0.0,1.0,0.0,0.0,1.0,0.0,0.0,0.0,0.0,0.0,0.0,0.0,0.0,0.0,0.0
3027.0,Slaughterhouse 2 (1988),Horror,2813.0,['Horror'],0.0,1.0,0.0,0.0,1.0,0.0,0.0,0.0,0.0,0.0,0.0,0.0,0.0,0.0,1.0,0.0,0.0,0.0
3028.0,"Taming of the Shrew, The (1967)",Comedy,2814.0,['Comedy'],0.0,0.0,0.0,0.0,0.0,0.0,0.0,1.0,0.0,0.0,0.0,0.0,1.0,0.0,0.0,1.0,0.0,0.0
3029.0,Nighthawks (1981),Action|Drama,2815.0,"['Action', 'Drama']",0.0,0.0,0.0,0.0,1.0,0.0,0.0,0.0,0.0,0.0,0.0,0.0,0.0,0.0,0.0,0.0,0.0,0.0
3030.0,Yojimbo (1961),Comedy|Drama|Western,2816.0,"['Comedy', 'Drama', 'Western']",0.0,0.0,0.0,0.0,0.0,0.0,0.0,1.0,0.0,0.0,0.0,0.0,0.0,0.0,0.0,0.0,0.0,0.0
3031.0,Repossessed (1990),Comedy,2817.0,['Comedy'],0.0,0.0,0.0,0.0,0.0,0.0,0.0,1.0,0.0,0.0,0.0,0.0,0.0,0.0,0.0,0.0,0.0,0.0
3032.0,"Omega Man, The (1971)",Sci-Fi,2818.0,['Sci-Fi'],0.0,0.0,0.0,0.0,1.0,0.0,0.0,1.0,0.0,0.0,0.0,0.0,0.0,0.0,0.0,0.0,0.0,0.0
3033.0,Spaceballs (1987),Comedy|Sci-Fi,2819.0,"['Comedy', 'Sci-Fi']",0.0,0.0,0.0,0.0,0.0,0.0,0.0,1.0,0.0,0.0,0.0,0.0,0.0,0.0,0.0,0.0,0.0,0.0
3034.0,Robin Hood (1973),Animation|Children's,2820.0,"['Animation', ""Children's""]",0.0,0.0,0.0,0.0,0.0,0.0,1.0,0.0,0.0,0.0,0.0,0.0,0.0,0.0,0.0,0.0,0.0,0.0
3035.0,Mister Roberts (1955),Comedy|Drama|War,2821.0,"['Comedy', 'Drama', 'War']",0.0,0.0,0.0,0.0,0.0,0.0,0.0,1.0,0.0,0.0,0.0,0.0,0.0,0.0,0.0,0.0,0.0,0.0
3036.0,Quest for Fire (1981),Adventure,2822.0,['Adventure'],1.0,0.0,0.0,0.0,1.0,1.0,0.0,1.0,0.0,0.0,0.0,0.0,0.0,0.0,0.0,0.0,0.0,0.0
3037.0,Little Big Man (1970),Comedy|Drama|Western,2823.0,"['Comedy', 'Drama', 'Western']",0.0,0.0,0.0,0.0,0.0,0.0,0.0,1.0,0.0,0.0,0.0,0.0,0.0,0.0,0.0,0.0,0.0,0.0
3038.0,"Face in the Crowd, A (1957)",Drama,2824.0,['Drama'],0.0,0.0,0.0,0.0,0.0,0.0,0.0,1.0,0.0,0.0,0.0,0.0,0.0,0.0,0.0,0.0,0.0,0.0
3039.0,Trading Places (1983),Comedy,2825.0,['Comedy'],0.0,0.0,0.0,0.0,0.0,0.0,0.0,1.0,0.0,0.0,0.0,0.0,0.0,0.0,0.0,0.0,0.0,0.0
3040.0,Meatballs (1979),Comedy,2826.0,['Comedy'],0.0,0.0,0.0,0.0,0.0,0.0,1.0,0.0,0.0,0.0,0.0,0.0,0.0,0.0,0.0,0.0,0.0,0.0
3041.0,Meatballs Part II (1984),Comedy,2827.0,['Comedy'],0.0,0.0,0.0,0.0,1.0,0.0,0.0,0.0,0.0,0.0,0.0,0.0,0.0,0.0,0.0,0.0,0.0,0.0
3042.0,Meatballs III (1987),Comedy,2828.0,['Comedy'],0.0,1.0,0.0,0.0,0.0,0.0,0.0,0.0,0.0,0.0,0.0,0.0,0.0,0.0,1.0,0.0,0.0,0.0
3043.0,Meatballs 4 (1992),Comedy,2829.0,['Comedy'],0.0,0.0,0.0,0.0,0.0,0.0,0.0,1.0,0.0,0.0,0.0,0.0,0.0,0.0,0.0,0.0,0.0,0.0
3044.0,Dead Again (1991),Mystery|Romance|Thriller,2830.0,"['Mystery', 'Romance', 'Thriller']",0.0,0.0,0.0,0.0,0.0,0.0,0.0,1.0,0.0,0.0,0.0,0.0,0.0,0.0,0.0,0.0,0.0,0.0
3045.0,Peter's Friends (1992),Comedy|Drama,2831.0,"['Comedy', 'Drama']",0.0,0.0,0.0,0.0,0.0,0.0,0.0,1.0,0.0,0.0,0.0,0.0,0.0,0.0,0.0,0.0,1.0,0.0
3046.0,"Incredibly True Adventure of Two Girls in Love, The (1995)",Comedy|Romance,2832.0,"['Comedy', 'Romance']",1.0,0.0,0.0,0.0,0.0,0.0,0.0,0.0,0.0,0.0,0.0,0.0,0.0,0.0,0.0,0.0,0.0,0.0
3047.0,Experience Preferred... But Not Essential (1982),Drama,2833.0,['Drama'],0.0,0.0,0.0,0.0,0.0,0.0,0.0,1.0,0.0,0.0,0.0,0.0,0.0,0.0,0.0,0.0,0.0,0.0
3048.0,Under the Rainbow (1981),Comedy,2834.0,['Comedy'],0.0,0.0,0.0,0.0,1.0,0.0,0.0,0.0,0.0,0.0,0.0,1.0,0.0,1.0,0.0,0.0,0.0,0.0
3049.0,How I Won the War (1967),Comedy|War,2835.0,"['Comedy', 'War']",0.0,0.0,0.0,0.0,1.0,0.0,0.0,1.0,0.0,0.0,0.0,0.0,0.0,0.0,0.0,0.0,0.0,0.0
3050.0,Light It Up (1999),Drama,2836.0,['Drama'],0.0,0.0,0.0,0.0,0.0,0.0,0.0,1.0,0.0,0.0,0.0,0.0,0.0,0.0,0.0,0.0,0.0,0.0
3051.0,Anywhere But Here (1999),Drama,2837.0,['Drama'],0.0,0.0,0.0,0.0,0.0,0.0,0.0,1.0,0.0,0.0,0.0,0.0,0.0,0.0,0.0,0.0,0.0,0.0
3052.0,Dogma (1999),Comedy,2838.0,['Comedy'],0.0,0.0,0.0,0.0,0.0,0.0,0.0,0.0,0.0,0.0,0.0,0.0,0.0,0.0,0.0,1.0,0.0,0.0
3053.0,"Messenger: The Story of Joan of Arc, The (1999)",Drama|War,2839.0,"['Drama', 'War']",0.0,0.0,0.0,0.0,0.0,0.0,0.0,0.0,0.0,0.0,0.0,0.0,0.0,0.0,0.0,1.0,0.0,0.0
3054.0,Pokémon: The First Movie (1998),Animation|Children's,2840.0,"['Animation', ""Children's""]",0.0,0.0,0.0,0.0,0.0,0.0,0.0,0.0,0.0,0.0,1.0,0.0,0.0,0.0,0.0,0.0,0.0,0.0
3055.0,Felicia's Journey (1999),Thriller,2841.0,['Thriller'],0.0,0.0,0.0,0.0,0.0,0.0,0.0,0.0,0.0,0.0,0.0,0.0,0.0,1.0,0.0,0.0,0.0,0.0
3056.0,Oxygen (1999),Thriller,2842.0,['Thriller'],0.0,1.0,0.0,0.0,0.0,0.0,0.0,0.0,0.0,0.0,0.0,0.0,0.0,0.0,0.0,0.0,0.0,0.0
3057.0,Where's Marlowe? (1999),Comedy,2843.0,['Comedy'],1.0,0.0,0.0,0.0,1.0,0.0,0.0,0.0,0.0,0.0,0.0,0.0,0.0,0.0,0.0,0.0,0.0,0.0
3058.0,"Ape, The (1940)",Horror|Sci-Fi,2844.0,"['Horror', 'Sci-Fi']",0.0,0.0,0.0,0.0,0.0,0.0,0.0,1.0,0.0,0.0,0.0,0.0,0.0,0.0,0.0,0.0,0.0,0.0
3060.0,"Commitments, The (1991)",Comedy|Drama,2845.0,"['Comedy', 'Drama']",0.0,0.0,0.0,0.0,0.0,0.0,0.0,1.0,0.0,0.0,0.0,0.0,0.0,0.0,0.0,0.0,0.0,0.0
3061.0,Holiday Inn (1942),Comedy|Musical,2846.0,"['Comedy', 'Musical']",0.0,0.0,0.0,0.0,0.0,0.0,0.0,1.0,0.0,0.0,0.0,0.0,0.0,0.0,0.0,0.0,0.0,0.0
3062.0,"Longest Day, The (1962)",Action|Drama|War,2847.0,"['Action', 'Drama', 'War']",0.0,0.0,1.0,1.0,0.0,0.0,0.0,0.0,0.0,0.0,0.0,0.0,0.0,0.0,0.0,0.0,0.0,0.0
3063.0,Poison Ivy (1992),Thriller,2848.0,['Thriller'],0.0,0.0,0.0,0.0,0.0,0.0,0.0,1.0,0.0,0.0,0.0,0.0,0.0,0.0,0.0,0.0,0.0,0.0
3064.0,Poison Ivy: New Seduction (1997),Thriller,2849.0,['Thriller'],0.0,0.0,0.0,0.0,0.0,0.0,0.0,1.0,0.0,0.0,0.0,0.0,0.0,0.0,0.0,0.0,0.0,0.0
3065.0,Ten Benny (1997),Drama,2850.0,['Drama'],0.0,0.0,0.0,0.0,0.0,0.0,0.0,0.0,0.0,0.0,1.0,0.0,0.0,0.0,0.0,0.0,0.0,0.0
3066.0,Tora! Tora! Tora! (1970),War,2851.0,['War'],0.0,0.0,0.0,0.0,0.0,0.0,0.0,1.0,0.0,0.0,0.0,0.0,0.0,0.0,0.0,0.0,0.0,0.0
3067.0,Women on the Verge of a Nervous Breakdown (1988),Comedy|Drama,2852.0,"['Comedy', 'Drama']",0.0,0.0,0.0,0.0,0.0,0.0,0.0,1.0,0.0,0.0,0.0,0.0,0.0,0.0,0.0,0.0,0.0,0.0
3068.0,"Verdict, The (1982)",Drama,2853.0,['Drama'],0.0,0.0,0.0,0.0,0.0,0.0,0.0,0.0,0.0,0.0,0.0,0.0,0.0,0.0,0.0,1.0,0.0,0.0
3069.0,"Effect of Gamma Rays on Man-in-the-Moon Marigolds, The (1972)",Drama,2854.0,['Drama'],0.0,0.0,0.0,0.0,0.0,0.0,0.0,1.0,0.0,0.0,0.0,0.0,0.0,0.0,0.0,0.0,0.0,0.0
3070.0,"Adventures of Buckaroo Bonzai Across the 8th Dimension, The (1984)",Adventure|Comedy|Sci-Fi,2855.0,"['Adventure', 'Comedy', 'Sci-Fi']",0.0,0.0,0.0,0.0,0.0,0.0,0.0,1.0,0.0,0.0,0.0,0.0,0.0,0.0,0.0,0.0,0.0,0.0
3071.0,Stand and Deliver (1987),Drama,2856.0,['Drama'],0.0,0.0,0.0,0.0,0.0,0.0,0.0,1.0,0.0,0.0,0.0,0.0,0.0,0.0,0.0,0.0,0.0,0.0
3072.0,Moonstruck (1987),Comedy,2857.0,['Comedy'],0.0,0.0,0.0,0.0,0.0,0.0,0.0,1.0,0.0,0.0,0.0,0.0,0.0,0.0,0.0,0.0,0.0,0.0
3073.0,"Sandpiper, The (1965)",Drama|Romance,2858.0,"['Drama', 'Romance']",0.0,0.0,0.0,0.0,0.0,0.0,0.0,1.0,0.0,0.0,0.0,0.0,0.0,0.0,0.0,0.0,0.0,0.0
3074.0,Jeremiah Johnson (1972),Western,2859.0,['Western'],0.0,0.0,0.0,0.0,1.0,0.0,0.0,0.0,0.0,0.0,0.0,0.0,0.0,1.0,0.0,0.0,0.0,0.0
3075.0,Repulsion (1965),Thriller,2860.0,['Thriller'],0.0,0.0,0.0,0.0,1.0,0.0,0.0,0.0,0.0,0.0,0.0,0.0,0.0,0.0,0.0,0.0,0.0,0.0
3076.0,Irma la Douce (1963),Comedy,2861.0,['Comedy'],0.0,0.0,0.0,0.0,0.0,1.0,0.0,1.0,0.0,0.0,0.0,0.0,0.0,0.0,0.0,0.0,0.0,0.0
3077.0,42 Up (1998),Documentary,2862.0,['Documentary'],0.0,0.0,0.0,0.0,0.0,0.0,0.0,0.0,0.0,0.0,0.0,0.0,0.0,0.0,0.0,1.0,0.0,0.0
3078.0,Liberty Heights (1999),Drama,2863.0,['Drama'],0.0,0.0,0.0,0.0,1.0,0.0,0.0,0.0,0.0,0.0,0.0,0.0,0.0,0.0,0.0,0.0,0.0,0.0
3079.0,Mansfield Park (1999),Drama,2864.0,['Drama'],0.0,0.0,0.0,0.0,1.0,0.0,0.0,0.0,0.0,0.0,0.0,0.0,0.0,0.0,0.0,0.0,0.0,0.0
3081.0,Sleepy Hollow (1999),Horror|Romance,2865.0,"['Horror', 'Romance']",0.0,0.0,0.0,0.0,0.0,0.0,0.0,0.0,0.0,0.0,0.0,0.0,0.0,0.0,0.0,0.0,0.0,1.0
3082.0,"World Is Not Enough, The (1999)",Action|Thriller,2866.0,"['Action', 'Thriller']",0.0,0.0,0.0,0.0,0.0,0.0,1.0,0.0,0.0,0.0,0.0,0.0,0.0,0.0,0.0,0.0,0.0,0.0
3083.0,All About My Mother (Todo Sobre Mi Madre) (1999),Comedy|Drama,2867.0,"['Comedy', 'Drama']",0.0,0.0,0.0,0.0,0.0,0.0,0.0,0.0,0.0,0.0,0.0,0.0,0.0,0.0,0.0,1.0,0.0,0.0
3084.0,Home Page (1999),Documentary,2868.0,['Documentary'],0.0,0.0,0.0,0.0,1.0,0.0,0.0,0.0,0.0,0.0,0.0,0.0,0.0,0.0,0.0,0.0,0.0,0.0
3085.0,"Living Dead Girl, The (La Morte Vivante) (1982)",Horror,2869.0,['Horror'],0.0,0.0,0.0,0.0,1.0,0.0,0.0,0.0,0.0,0.0,0.0,0.0,0.0,0.0,0.0,0.0,0.0,0.0
3086.0,March of the Wooden Soldiers (a.k.a. Laurel & Hardy in Toyland) (1934),Comedy,2870.0,['Comedy'],0.0,0.0,0.0,0.0,1.0,0.0,0.0,0.0,0.0,0.0,0.0,0.0,0.0,0.0,0.0,0.0,0.0,0.0
3087.0,Scrooged (1988),Comedy,2871.0,['Comedy'],0.0,0.0,0.0,0.0,1.0,0.0,0.0,0.0,0.0,0.0,0.0,0.0,0.0,0.0,0.0,0.0,0.0,0.0
3088.0,Harvey (1950),Comedy,2872.0,['Comedy'],0.0,0.0,0.0,0.0,1.0,0.0,0.0,0.0,0.0,0.0,0.0,0.0,0.0,0.0,0.0,0.0,0.0,0.0
3089.0,"Bicycle Thief, The (Ladri di biciclette) (1948)",Drama,2873.0,['Drama'],0.0,0.0,0.0,0.0,1.0,0.0,0.0,0.0,0.0,0.0,0.0,0.0,0.0,1.0,0.0,0.0,0.0,0.0
3090.0,Matewan (1987),Drama,2874.0,['Drama'],0.0,0.0,0.0,0.0,0.0,0.0,0.0,1.0,0.0,0.0,0.0,0.0,0.0,0.0,0.0,0.0,0.0,0.0
3091.0,Kagemusha (1980),Drama|War,2875.0,"['Drama', 'War']",0.0,0.0,0.0,0.0,0.0,0.0,0.0,1.0,0.0,0.0,0.0,0.0,0.0,0.0,0.0,0.0,0.0,0.0
3092.0,Chushingura (1962),Drama,2876.0,['Drama'],0.0,0.0,0.0,0.0,1.0,1.0,0.0,0.0,0.0,0.0,0.0,0.0,0.0,0.0,0.0,0.0,0.0,0.0
3093.0,McCabe & Mrs. Miller (1971),Drama|Western,2877.0,"['Drama', 'Western']",0.0,0.0,0.0,0.0,1.0,0.0,0.0,0.0,0.0,0.0,0.0,0.0,0.0,0.0,0.0,0.0,0.0,0.0
3094.0,Maurice (1987),Drama|Romance,2878.0,"['Drama', 'Romance']",0.0,0.0,0.0,0.0,0.0,0.0,0.0,0.0,0.0,0.0,0.0,0.0,0.0,0.0,0.0,1.0,0.0,0.0
3095.0,"Grapes of Wrath, The (1940)",Drama,2879.0,['Drama'],0.0,0.0,0.0,0.0,0.0,0.0,0.0,1.0,0.0,0.0,0.0,0.0,0.0,0.0,0.0,0.0,0.0,0.0
3096.0,My Man Godfrey (1957),Comedy,2880.0,['Comedy'],0.0,0.0,0.0,0.0,0.0,0.0,0.0,1.0,0.0,0.0,0.0,0.0,1.0,0.0,0.0,0.0,0.0,0.0
3097.0,"Shop Around the Corner, The (1940)",Comedy|Romance,2881.0,"['Comedy', 'Romance']",0.0,0.0,0.0,0.0,0.0,0.0,0.0,1.0,0.0,0.0,0.0,0.0,0.0,0.0,0.0,0.0,0.0,0.0
3098.0,"Natural, The (1984)",Drama,2882.0,['Drama'],0.0,0.0,0.0,0.0,1.0,0.0,0.0,0.0,0.0,0.0,0.0,0.0,0.0,0.0,0.0,0.0,0.0,0.0
3099.0,Shampoo (1975),Comedy|Romance,2883.0,"['Comedy', 'Romance']",0.0,0.0,0.0,0.0,1.0,0.0,0.0,0.0,0.0,0.0,0.0,0.0,0.0,0.0,0.0,0.0,0.0,0.0
3100.0,"River Runs Through It, A (1992)",Drama,2884.0,['Drama'],0.0,0.0,0.0,0.0,1.0,0.0,0.0,1.0,0.0,0.0,0.0,0.0,0.0,0.0,0.0,0.0,0.0,0.0
3101.0,Fatal Attraction (1987),Thriller,2885.0,['Thriller'],1.0,0.0,0.0,0.0,0.0,0.0,0.0,0.0,0.0,0.0,0.0,0.0,0.0,0.0,0.0,1.0,0.0,0.0
3102.0,Jagged Edge (1985),Thriller,2886.0,['Thriller'],1.0,0.0,0.0,0.0,0.0,0.0,0.0,1.0,0.0,0.0,0.0,0.0,0.0,1.0,0.0,1.0,0.0,0.0
3103.0,Stanley & Iris (1990),Drama|Romance,2887.0,"['Drama', 'Romance']",0.0,0.0,0.0,0.0,1.0,0.0,0.0,0.0,0.0,0.0,0.0,0.0,0.0,0.0,0.0,0.0,0.0,0.0
3104.0,Midnight Run (1988),Action|Adventure|Comedy|Crime,2888.0,"['Action', 'Adventure', 'Comedy', 'Crime']",0.0,0.0,0.0,0.0,0.0,0.0,0.0,1.0,0.0,0.0,0.0,0.0,0.0,1.0,0.0,0.0,0.0,0.0
3105.0,Awakenings (1990),Drama,2889.0,['Drama'],0.0,0.0,0.0,0.0,0.0,0.0,0.0,1.0,0.0,0.0,0.0,0.0,0.0,0.0,0.0,0.0,0.0,0.0
3106.0,Come See the Paradise (1990),Drama|Romance,2890.0,"['Drama', 'Romance']",0.0,0.0,0.0,0.0,1.0,0.0,0.0,1.0,0.0,0.0,0.0,0.0,0.0,1.0,0.0,0.0,0.0,0.0
3107.0,Backdraft (1991),Action|Drama,2891.0,"['Action', 'Drama']",0.0,0.0,0.0,0.0,0.0,0.0,0.0,1.0,0.0,0.0,0.0,0.0,1.0,0.0,0.0,0.0,0.0,0.0
3108.0,"Fisher King, The (1991)",Comedy|Drama|Romance,2892.0,"['Comedy', 'Drama', 'Romance']",0.0,0.0,0.0,0.0,1.0,0.0,0.0,0.0,0.0,0.0,0.0,0.0,0.0,0.0,0.0,0.0,0.0,0.0
3109.0,"River, The (1984)",Drama,2893.0,['Drama'],0.0,0.0,0.0,0.0,1.0,0.0,0.0,0.0,0.0,0.0,1.0,0.0,0.0,0.0,0.0,0.0,0.0,0.0
3110.0,Country (1984),Drama,2894.0,['Drama'],1.0,0.0,0.0,0.0,0.0,1.0,0.0,0.0,0.0,0.0,0.0,0.0,0.0,0.0,0.0,0.0,0.0,0.0
3111.0,Places in the Heart (1984),Drama,2895.0,['Drama'],1.0,0.0,0.0,0.0,1.0,1.0,0.0,1.0,0.0,0.0,0.0,0.0,0.0,0.0,0.0,0.0,0.0,0.0
3112.0,'Night Mother (1986),Drama,2896.0,['Drama'],1.0,0.0,0.0,0.0,0.0,0.0,0.0,0.0,0.0,0.0,0.0,0.0,0.0,0.0,0.0,1.0,0.0,0.0
3113.0,End of Days (1999),Action|Thriller,2897.0,"['Action', 'Thriller']",1.0,0.0,0.0,0.0,1.0,0.0,0.0,0.0,0.0,0.0,0.0,0.0,0.0,0.0,0.0,0.0,0.0,0.0
3114.0,Toy Story 2 (1999),Animation|Children's|Comedy,2898.0,"['Animation', ""Children's"", 'Comedy']",0.0,1.0,0.0,0.0,0.0,0.0,0.0,0.0,0.0,0.0,0.0,0.0,0.0,1.0,1.0,0.0,0.0,0.0
3115.0,Flawless (1999),Drama,2899.0,['Drama'],0.0,0.0,0.0,0.0,0.0,0.0,0.0,1.0,0.0,0.0,0.0,0.0,0.0,0.0,0.0,0.0,0.0,0.0
3116.0,Miss Julie (1999),Drama,2900.0,['Drama'],0.0,0.0,0.0,0.0,0.0,0.0,0.0,1.0,0.0,0.0,0.0,0.0,0.0,0.0,0.0,0.0,0.0,0.0
3117.0,Ride with the Devil (1999),Drama|Romance|War,2901.0,"['Drama', 'Romance', 'War']",0.0,0.0,0.0,0.0,0.0,1.0,0.0,1.0,0.0,0.0,0.0,0.0,0.0,0.0,0.0,0.0,0.0,0.0
3118.0,Tumbleweeds (1999),Drama,2902.0,['Drama'],0.0,0.0,0.0,0.0,0.0,0.0,0.0,0.0,0.0,0.0,1.0,0.0,1.0,0.0,0.0,1.0,0.0,0.0
3119.0,Bay of Blood (Reazione a catena) (1971),Horror,2903.0,['Horror'],1.0,0.0,0.0,0.0,0.0,0.0,0.0,0.0,0.0,0.0,0.0,0.0,0.0,0.0,0.0,0.0,0.0,0.0
3120.0,"Distinguished Gentleman, The (1992)",Comedy,2904.0,['Comedy'],1.0,0.0,0.0,0.0,1.0,0.0,0.0,0.0,0.0,0.0,0.0,0.0,0.0,0.0,0.0,0.0,0.0,0.0
3121.0,"Hitch-Hiker, The (1953)",Film-Noir,2905.0,['Film-Noir'],0.0,0.0,0.0,0.0,1.0,0.0,0.0,0.0,0.0,0.0,0.0,0.0,0.0,0.0,0.0,0.0,0.0,0.0
3122.0,Santa Fe Trail (1940),Drama|Romance|Western,2906.0,"['Drama', 'Romance', 'Western']",0.0,0.0,0.0,0.0,0.0,0.0,0.0,1.0,0.0,0.0,0.0,0.0,0.0,0.0,0.0,0.0,0.0,0.0
3123.0,Spring Fever USA (a.k.a. Lauderdale) (1989),Comedy,2907.0,['Comedy'],0.0,0.0,0.0,0.0,0.0,0.0,0.0,0.0,0.0,0.0,1.0,0.0,0.0,0.0,0.0,0.0,0.0,0.0
3124.0,Agnes Browne (1999),Comedy|Drama,2908.0,"['Comedy', 'Drama']",0.0,0.0,0.0,0.0,0.0,0.0,1.0,0.0,0.0,0.0,0.0,0.0,0.0,0.0,0.0,0.0,0.0,0.0
3125.0,"End of the Affair, The (1999)",Drama,2909.0,['Drama'],0.0,0.0,0.0,0.0,1.0,0.0,0.0,0.0,0.0,0.0,0.0,0.0,0.0,0.0,0.0,0.0,0.0,0.0
3126.0,"End of the Affair, The (1955)",Drama,2910.0,['Drama'],1.0,0.0,0.0,0.0,0.0,0.0,0.0,0.0,0.0,0.0,0.0,0.0,0.0,0.0,0.0,0.0,0.0,0.0
3127.0,Holy Smoke (1999),Drama,2911.0,['Drama'],0.0,0.0,0.0,0.0,1.0,0.0,0.0,0.0,0.0,0.0,0.0,0.0,0.0,1.0,0.0,0.0,0.0,0.0
3128.0,"Map of the World, A (1999)",Drama,2912.0,['Drama'],0.0,1.0,0.0,0.0,0.0,0.0,0.0,1.0,0.0,0.0,0.0,0.0,0.0,0.0,0.0,0.0,0.0,0.0
3129.0,Sweet and Lowdown (1999),Comedy|Drama,2913.0,"['Comedy', 'Drama']",0.0,0.0,0.0,0.0,1.0,0.0,0.0,0.0,0.0,0.0,0.0,0.0,0.0,0.0,0.0,0.0,0.0,0.0
3130.0,Bonfire of the Vanities (1990),Comedy,2914.0,['Comedy'],0.0,0.0,1.0,1.0,0.0,0.0,0.0,0.0,0.0,0.0,0.0,0.0,0.0,0.0,0.0,0.0,0.0,0.0
3131.0,Broadway Damage (1997),Comedy,2915.0,['Comedy'],0.0,0.0,0.0,0.0,0.0,0.0,0.0,1.0,0.0,0.0,0.0,0.0,0.0,0.0,0.0,0.0,0.0,0.0
3132.0,Daddy Long Legs (1919),Comedy,2916.0,['Comedy'],0.0,0.0,0.0,0.0,0.0,0.0,0.0,1.0,0.0,0.0,0.0,0.0,0.0,0.0,0.0,0.0,0.0,0.0
3133.0,Go West (1925),Comedy,2917.0,['Comedy'],0.0,0.0,0.0,0.0,1.0,0.0,0.0,0.0,0.0,0.0,0.0,0.0,0.0,0.0,0.0,0.0,0.0,0.0
3134.0,"Grand Illusion (Grande illusion, La) (1937)",Drama|War,2918.0,"['Drama', 'War']",0.0,0.0,0.0,0.0,0.0,0.0,0.0,0.0,0.0,0.0,0.0,0.0,0.0,0.0,0.0,1.0,0.0,0.0
3135.0,"Great Santini, The (1979)",Drama,2919.0,['Drama'],0.0,0.0,0.0,0.0,0.0,0.0,0.0,0.0,0.0,1.0,0.0,0.0,0.0,0.0,0.0,0.0,0.0,0.0
3136.0,"James Dean Story, The (1957)",Documentary,2920.0,['Documentary'],0.0,0.0,0.0,0.0,0.0,0.0,0.0,1.0,0.0,0.0,0.0,0.0,0.0,0.0,1.0,0.0,0.0,0.0
3137.0,"Sea Wolves, The (1980)",Action|War,2921.0,"['Action', 'War']",0.0,0.0,0.0,0.0,0.0,0.0,0.0,0.0,0.0,0.0,1.0,0.0,0.0,0.0,0.0,0.0,0.0,0.0
3138.0,Stealing Home (1988),Drama,2922.0,['Drama'],0.0,0.0,0.0,0.0,0.0,0.0,0.0,1.0,0.0,0.0,0.0,0.0,0.0,0.0,0.0,0.0,0.0,0.0
3139.0,Tarzan the Fearless (1933),Action|Adventure,2923.0,"['Action', 'Adventure']",0.0,0.0,0.0,0.0,0.0,0.0,0.0,1.0,0.0,0.0,0.0,0.0,0.0,0.0,0.0,0.0,0.0,0.0
3140.0,"Three Ages, The (1923)",Comedy,2924.0,['Comedy'],0.0,0.0,0.0,0.0,0.0,0.0,1.0,0.0,0.0,0.0,0.0,0.0,0.0,0.0,0.0,0.0,0.0,0.0
3141.0,"Two Jakes, The (1990)",Drama,2925.0,['Drama'],0.0,0.0,0.0,0.0,0.0,0.0,0.0,1.0,0.0,0.0,0.0,0.0,0.0,0.0,0.0,0.0,0.0,0.0
3142.0,U2: Rattle and Hum (1988),Documentary|Musical,2926.0,"['Documentary', 'Musical']",0.0,0.0,0.0,0.0,1.0,0.0,0.0,1.0,0.0,0.0,0.0,0.0,0.0,0.0,0.0,0.0,0.0,0.0
3143.0,Hell in the Pacific (1968),Drama|War,2927.0,"['Drama', 'War']",1.0,0.0,0.0,0.0,0.0,0.0,0.0,0.0,0.0,0.0,0.0,0.0,0.0,0.0,1.0,0.0,0.0,0.0
3144.0,"Glass Bottom Boat, The (1966)",Comedy|Romance,2928.0,"['Comedy', 'Romance']",0.0,0.0,0.0,0.0,1.0,1.0,0.0,0.0,0.0,0.0,0.0,0.0,0.0,0.0,0.0,0.0,0.0,0.0
3145.0,"Cradle Will Rock, The (1999)",Drama,2929.0,['Drama'],0.0,0.0,0.0,0.0,1.0,0.0,0.0,0.0,0.0,0.0,0.0,0.0,0.0,0.0,0.0,0.0,0.0,0.0
3146.0,Deuce Bigalow: Male Gigolo (1999),Comedy,2930.0,['Comedy'],0.0,0.0,0.0,0.0,0.0,0.0,1.0,0.0,0.0,0.0,0.0,0.0,0.0,0.0,0.0,0.0,0.0,0.0
3147.0,"Green Mile, The (1999)",Drama|Thriller,2931.0,"['Drama', 'Thriller']",0.0,0.0,0.0,0.0,0.0,1.0,0.0,1.0,0.0,0.0,0.0,0.0,0.0,0.0,0.0,0.0,0.0,0.0
3148.0,"Cider House Rules, The (1999)",Drama,2932.0,['Drama'],0.0,0.0,0.0,0.0,0.0,0.0,0.0,0.0,0.0,1.0,1.0,0.0,0.0,0.0,0.0,0.0,0.0,0.0
3149.0,Diamonds (1999),Mystery,2933.0,['Mystery'],0.0,0.0,0.0,0.0,1.0,0.0,0.0,0.0,0.0,0.0,0.0,0.0,0.0,0.0,0.0,0.0,0.0,0.0
3150.0,"War Zone, The (1999)",Drama,2934.0,['Drama'],0.0,0.0,0.0,0.0,1.0,0.0,0.0,1.0,0.0,0.0,0.0,0.0,0.0,1.0,0.0,0.0,0.0,0.0
3151.0,"Bat Whispers, The (1930)",Crime|Drama|Mystery,2935.0,"['Crime', 'Drama', 'Mystery']",0.0,0.0,0.0,0.0,1.0,0.0,0.0,1.0,0.0,0.0,0.0,0.0,0.0,0.0,0.0,0.0,0.0,0.0
3152.0,"Last Picture Show, The (1971)",Drama,2936.0,['Drama'],0.0,0.0,0.0,0.0,1.0,0.0,0.0,0.0,0.0,0.0,0.0,0.0,0.0,0.0,0.0,0.0,0.0,0.0
3153.0,"7th Voyage of Sinbad, The (1958)",Action|Adventure|Fantasy,2937.0,"['Action', 'Adventure', 'Fantasy']",1.0,0.0,0.0,0.0,0.0,0.0,0.0,0.0,0.0,0.0,0.0,0.0,0.0,0.0,0.0,0.0,0.0,0.0
3154.0,Blood on the Sun (1945),Drama|War,2938.0,"['Drama', 'War']",0.0,0.0,0.0,0.0,0.0,0.0,0.0,0.0,0.0,0.0,0.0,0.0,0.0,0.0,0.0,0.0,0.0,1.0
3155.0,Anna and the King (1999),Drama|Romance,2939.0,"['Drama', 'Romance']",0.0,0.0,0.0,0.0,0.0,0.0,0.0,1.0,0.0,0.0,0.0,0.0,0.0,0.0,0.0,0.0,0.0,0.0
3156.0,Bicentennial Man (1999),Comedy|Drama|Sci-Fi,2940.0,"['Comedy', 'Drama', 'Sci-Fi']",0.0,0.0,0.0,0.0,1.0,0.0,0.0,0.0,0.0,0.0,0.0,0.0,0.0,0.0,0.0,0.0,0.0,0.0
3157.0,Stuart Little (1999),Children's|Comedy,2941.0,"[""Children's"", 'Comedy']",1.0,0.0,0.0,0.0,0.0,0.0,0.0,1.0,0.0,0.0,0.0,0.0,0.0,0.0,0.0,0.0,0.0,0.0
3158.0,"Emperor and the Assassin, The (Jing ke ci qin wang) (1999)",Drama,2942.0,['Drama'],0.0,0.0,0.0,0.0,0.0,0.0,0.0,0.0,0.0,0.0,0.0,1.0,0.0,0.0,0.0,0.0,0.0,0.0
3159.0,Fantasia 2000 (1999),Animation|Children's|Musical,2943.0,"['Animation', ""Children's"", 'Musical']",1.0,0.0,0.0,0.0,0.0,0.0,0.0,0.0,0.0,0.0,0.0,0.0,0.0,0.0,0.0,1.0,0.0,0.0
3160.0,Magnolia (1999),Drama,2944.0,['Drama'],0.0,0.0,0.0,0.0,1.0,0.0,0.0,1.0,0.0,0.0,0.0,0.0,0.0,0.0,0.0,0.0,0.0,0.0
3161.0,Onegin (1999),Drama,2945.0,['Drama'],0.0,0.0,0.0,0.0,0.0,0.0,0.0,0.0,0.0,0.0,0.0,0.0,0.0,0.0,0.0,1.0,0.0,0.0
3162.0,Simpatico (1999),Comedy|Drama,2946.0,"['Comedy', 'Drama']",0.0,0.0,0.0,0.0,0.0,0.0,0.0,1.0,0.0,0.0,0.0,0.0,0.0,0.0,0.0,0.0,0.0,0.0
3163.0,Topsy-Turvy (1999),Drama,2947.0,['Drama'],0.0,0.0,0.0,0.0,1.0,0.0,0.0,0.0,0.0,0.0,0.0,0.0,0.0,1.0,0.0,0.0,0.0,0.0
3164.0,"Alley Cats, The (1968)",Drama,2948.0,['Drama'],0.0,0.0,0.0,0.0,1.0,0.0,0.0,0.0,0.0,0.0,0.0,0.0,0.0,0.0,0.0,0.0,0.0,0.0
3165.0,Boiling Point (1993),Action|Drama,2949.0,"['Action', 'Drama']",0.0,0.0,0.0,0.0,1.0,0.0,0.0,0.0,0.0,0.0,0.0,0.0,0.0,0.0,0.0,0.0,0.0,0.0
3166.0,Brenda Starr (1989),Adventure,2950.0,['Adventure'],0.0,0.0,0.0,0.0,1.0,1.0,0.0,0.0,0.0,0.0,0.0,0.0,0.0,0.0,0.0,0.0,0.0,0.0
3167.0,Carnal Knowledge (1971),Drama,2951.0,['Drama'],0.0,0.0,0.0,0.0,1.0,0.0,0.0,0.0,0.0,0.0,0.0,0.0,0.0,0.0,0.0,0.0,0.0,0.0
3168.0,Easy Rider (1969),Adventure|Drama,2952.0,"['Adventure', 'Drama']",0.0,0.0,0.0,0.0,1.0,0.0,0.0,1.0,0.0,0.0,0.0,0.0,0.0,0.0,0.0,0.0,0.0,0.0
3169.0,"Falcon and the Snowman, The (1984)",Drama,2953.0,['Drama'],0.0,0.0,0.0,0.0,1.0,0.0,0.0,0.0,0.0,0.0,0.0,0.0,0.0,0.0,1.0,0.0,0.0,0.0
3171.0,Room at the Top (1959),Drama,2954.0,['Drama'],0.0,0.0,0.0,0.0,0.0,1.0,0.0,1.0,0.0,0.0,0.0,0.0,0.0,0.0,0.0,0.0,0.0,0.0
3172.0,Ulysses (Ulisse) (1954),Adventure,2955.0,['Adventure'],0.0,0.0,0.0,0.0,0.0,0.0,0.0,1.0,0.0,0.0,0.0,0.0,0.0,0.0,0.0,0.0,0.0,0.0
3173.0,Any Given Sunday (1999),Drama,2956.0,['Drama'],0.0,0.0,0.0,0.0,0.0,0.0,0.0,1.0,0.0,0.0,0.0,0.0,0.0,0.0,0.0,0.0,0.0,0.0
3174.0,Man on the Moon (1999),Comedy|Drama,2957.0,"['Comedy', 'Drama']",0.0,0.0,0.0,0.0,0.0,0.0,0.0,1.0,0.0,0.0,0.0,0.0,0.0,0.0,0.0,0.0,0.0,0.0
3175.0,Galaxy Quest (1999),Adventure|Comedy|Sci-Fi,2958.0,"['Adventure', 'Comedy', 'Sci-Fi']",0.0,0.0,0.0,0.0,0.0,0.0,0.0,1.0,0.0,0.0,0.0,0.0,0.0,0.0,0.0,0.0,0.0,0.0
3176.0,"Talented Mr. Ripley, The (1999)",Drama|Mystery|Thriller,2959.0,"['Drama', 'Mystery', 'Thriller']",0.0,0.0,0.0,0.0,0.0,1.0,0.0,1.0,0.0,1.0,0.0,0.0,0.0,0.0,0.0,1.0,0.0,0.0
3177.0,Next Friday (1999),Comedy,2960.0,['Comedy'],0.0,0.0,0.0,0.0,0.0,1.0,0.0,1.0,0.0,0.0,0.0,0.0,0.0,0.0,0.0,0.0,0.0,0.0
3178.0,"Hurricane, The (1999)",Drama,2961.0,['Drama'],0.0,0.0,0.0,0.0,0.0,0.0,0.0,1.0,0.0,0.0,0.0,0.0,0.0,0.0,0.0,0.0,0.0,0.0
3179.0,Angela's Ashes (1999),Drama,2962.0,['Drama'],0.0,0.0,0.0,0.0,1.0,0.0,0.0,1.0,0.0,0.0,0.0,0.0,0.0,0.0,0.0,0.0,0.0,0.0
3180.0,Play it to the Bone (1999),Comedy|Drama,2963.0,"['Comedy', 'Drama']",0.0,0.0,0.0,0.0,0.0,0.0,1.0,0.0,0.0,0.0,0.0,0.0,0.0,0.0,0.0,0.0,0.0,0.0
3181.0,Titus (1999),Drama,2964.0,['Drama'],0.0,0.0,0.0,0.0,0.0,0.0,0.0,0.0,0.0,0.0,0.0,0.0,0.0,0.0,0.0,0.0,1.0,0.0
3182.0,Mr. Death: The Rise and Fall of Fred A. Leuchter Jr. (1999),Documentary,2965.0,['Documentary'],0.0,0.0,0.0,0.0,0.0,0.0,0.0,0.0,0.0,0.0,1.0,0.0,0.0,0.0,1.0,0.0,0.0,0.0
3183.0,"Third Miracle, The (1999)",Drama,2966.0,['Drama'],0.0,0.0,0.0,0.0,1.0,0.0,0.0,0.0,0.0,0.0,0.0,0.0,0.0,0.0,0.0,0.0,0.0,0.0
3184.0,Montana (1998),Action|Comedy|Crime|Drama,2967.0,"['Action', 'Comedy', 'Crime', 'Drama']",0.0,0.0,0.0,0.0,0.0,0.0,0.0,1.0,0.0,0.0,0.0,0.0,0.0,0.0,0.0,0.0,1.0,0.0
3185.0,Snow Falling on Cedars (1999),Drama,2968.0,['Drama'],0.0,0.0,0.0,0.0,1.0,0.0,0.0,1.0,0.0,0.0,0.0,0.0,0.0,1.0,0.0,0.0,0.0,0.0
3186.0,"Girl, Interrupted (1999)",Drama,2969.0,['Drama'],0.0,0.0,0.0,0.0,0.0,0.0,0.0,0.0,0.0,0.0,1.0,0.0,0.0,0.0,0.0,0.0,0.0,0.0
3187.0,Trans (1998),Drama,2970.0,['Drama'],0.0,1.0,0.0,1.0,0.0,0.0,0.0,0.0,0.0,0.0,0.0,0.0,0.0,0.0,0.0,0.0,0.0,0.0
3188.0,"Life and Times of Hank Greenberg, The (1998)",Documentary,2971.0,['Documentary'],0.0,0.0,0.0,0.0,0.0,0.0,0.0,0.0,0.0,0.0,1.0,0.0,0.0,0.0,0.0,0.0,0.0,0.0
3189.0,My Dog Skip (1999),Comedy,2972.0,['Comedy'],0.0,0.0,0.0,0.0,0.0,0.0,0.0,1.0,0.0,0.0,0.0,0.0,0.0,0.0,0.0,0.0,0.0,0.0
3190.0,Supernova (2000),Adventure|Sci-Fi,2973.0,"['Adventure', 'Sci-Fi']",0.0,0.0,0.0,0.0,1.0,0.0,0.0,0.0,0.0,0.0,0.0,0.0,0.0,0.0,0.0,0.0,0.0,0.0
3192.0,"Terrorist, The (Malli) (1998)",Drama,2974.0,['Drama'],0.0,0.0,0.0,0.0,0.0,0.0,0.0,0.0,0.0,0.0,1.0,0.0,0.0,0.0,0.0,0.0,0.0,0.0
3194.0,"Way We Were, The (1973)",Drama,2975.0,['Drama'],0.0,0.0,0.0,0.0,1.0,0.0,0.0,0.0,0.0,0.0,0.0,0.0,0.0,1.0,0.0,0.0,0.0,0.0
3196.0,Stalag 17 (1953),Drama|War,2976.0,"['Drama', 'War']",0.0,0.0,0.0,0.0,0.0,0.0,0.0,0.0,0.0,0.0,0.0,0.0,0.0,0.0,0.0,1.0,0.0,0.0
3197.0,"Presidio, The (1988)",Action,2977.0,['Action'],0.0,0.0,0.0,0.0,0.0,0.0,0.0,1.0,0.0,0.0,0.0,0.0,0.0,1.0,0.0,0.0,0.0,0.0
3198.0,Papillon (1973),Drama,2978.0,['Drama'],0.0,0.0,0.0,0.0,1.0,0.0,0.0,0.0,0.0,0.0,0.0,0.0,0.0,1.0,0.0,0.0,0.0,0.0
3199.0,Pal Joey (1957),Comedy|Musical|Romance,2979.0,"['Comedy', 'Musical', 'Romance']",0.0,0.0,0.0,0.0,0.0,0.0,0.0,1.0,0.0,0.0,0.0,0.0,0.0,0.0,0.0,0.0,0.0,0.0
3200.0,"Last Detail, The (1973)",Comedy|Drama,2980.0,"['Comedy', 'Drama']",0.0,0.0,0.0,0.0,0.0,0.0,0.0,1.0,0.0,0.0,0.0,0.0,0.0,0.0,0.0,0.0,0.0,0.0
3201.0,Five Easy Pieces (1970),Drama,2981.0,['Drama'],0.0,0.0,0.0,0.0,1.0,0.0,0.0,0.0,0.0,0.0,0.0,0.0,0.0,0.0,0.0,0.0,0.0,0.0
3202.0,Even Dwarfs Started Small (Auch Zwerge haben klein angefangen) (1971),Drama,2982.0,['Drama'],0.0,0.0,0.0,0.0,1.0,1.0,0.0,1.0,0.0,0.0,0.0,0.0,0.0,0.0,0.0,0.0,0.0,0.0
3203.0,Dead Calm (1989),Thriller,2983.0,['Thriller'],0.0,0.0,0.0,0.0,1.0,0.0,0.0,1.0,0.0,0.0,0.0,0.0,0.0,0.0,0.0,0.0,0.0,0.0
3204.0,"Boys from Brazil, The (1978)",Thriller,2984.0,['Thriller'],0.0,0.0,0.0,0.0,0.0,1.0,0.0,0.0,0.0,1.0,0.0,0.0,0.0,0.0,0.0,0.0,0.0,0.0
3205.0,Black Sunday (La Maschera Del Demonio) (1960),Horror,2985.0,['Horror'],0.0,0.0,0.0,0.0,0.0,0.0,0.0,0.0,0.0,0.0,0.0,0.0,0.0,0.0,0.0,0.0,0.0,1.0
3206.0,Against All Odds (1984),Romance,2986.0,['Romance'],1.0,1.0,0.0,0.0,0.0,0.0,0.0,0.0,0.0,0.0,0.0,0.0,0.0,0.0,0.0,0.0,1.0,0.0
3207.0,"Snows of Kilimanjaro, The (1952)",Adventure,2987.0,['Adventure'],0.0,0.0,0.0,0.0,0.0,0.0,0.0,0.0,0.0,0.0,0.0,0.0,0.0,0.0,0.0,0.0,1.0,0.0
3208.0,Loaded Weapon 1 (1993),Action|Comedy,2988.0,"['Action', 'Comedy']",0.0,0.0,0.0,0.0,0.0,0.0,0.0,0.0,0.0,0.0,0.0,0.0,0.0,1.0,0.0,0.0,0.0,1.0
3209.0,"Loves of Carmen, The (1948)",Drama,2989.0,['Drama'],0.0,0.0,0.0,0.0,0.0,0.0,0.0,1.0,0.0,0.0,0.0,0.0,0.0,0.0,0.0,1.0,0.0,0.0
3210.0,Fast Times at Ridgemont High (1982),Comedy,2990.0,['Comedy'],0.0,0.0,0.0,0.0,0.0,0.0,0.0,1.0,0.0,0.0,0.0,0.0,0.0,0.0,0.0,0.0,0.0,0.0
3211.0,"Cry in the Dark, A (1988)",Drama,2991.0,['Drama'],1.0,0.0,0.0,0.0,0.0,0.0,0.0,0.0,0.0,0.0,0.0,0.0,0.0,0.0,0.0,0.0,1.0,0.0
3212.0,Born to Win (1971),Drama,2992.0,['Drama'],0.0,0.0,0.0,0.0,0.0,0.0,0.0,0.0,0.0,0.0,0.0,0.0,0.0,0.0,0.0,0.0,0.0,1.0
3213.0,Batman: Mask of the Phantasm (1993),Animation|Children's,2993.0,"['Animation', ""Children's""]",0.0,0.0,0.0,0.0,0.0,0.0,0.0,1.0,0.0,0.0,0.0,0.0,0.0,0.0,0.0,0.0,0.0,0.0
3214.0,American Flyers (1985),Drama,2994.0,['Drama'],0.0,0.0,0.0,0.0,0.0,0.0,0.0,0.0,0.0,0.0,0.0,0.0,0.0,0.0,1.0,0.0,0.0,0.0
3215.0,Voyage of the Damned (1976),Drama,2995.0,['Drama'],0.0,0.0,0.0,0.0,0.0,0.0,0.0,0.0,0.0,0.0,0.0,0.0,0.0,1.0,0.0,0.0,0.0,0.0
3216.0,Vampyros Lesbos (Las Vampiras) (1970),Horror,2996.0,['Horror'],0.0,0.0,0.0,0.0,0.0,0.0,0.0,1.0,0.0,0.0,0.0,0.0,0.0,0.0,0.0,0.0,1.0,0.0
3217.0,"Star Is Born, A (1937)",Drama,2997.0,['Drama'],0.0,0.0,0.0,0.0,0.0,0.0,0.0,1.0,0.0,0.0,0.0,0.0,0.0,0.0,0.0,0.0,0.0,0.0
3218.0,Poison (1991),Drama,2998.0,['Drama'],0.0,0.0,0.0,0.0,0.0,0.0,0.0,1.0,0.0,0.0,0.0,0.0,0.0,0.0,0.0,0.0,0.0,0.0
3219.0,Pacific Heights (1990),Thriller,2999.0,['Thriller'],0.0,0.0,0.0,0.0,0.0,0.0,0.0,0.0,0.0,1.0,0.0,0.0,0.0,0.0,0.0,0.0,0.0,0.0
3220.0,Night Tide (1961),Drama,3000.0,['Drama'],0.0,0.0,0.0,0.0,1.0,0.0,0.0,1.0,0.0,0.0,0.0,0.0,0.0,0.0,0.0,0.0,0.0,0.0
3221.0,"Draughtsman's Contract, The (1982)",Drama,3001.0,['Drama'],0.0,0.0,0.0,0.0,0.0,0.0,0.0,1.0,0.0,0.0,0.0,0.0,0.0,0.0,0.0,0.0,0.0,0.0
3222.0,Carmen (1984),Drama,3002.0,['Drama'],1.0,0.0,0.0,0.0,0.0,0.0,0.0,0.0,0.0,0.0,0.0,0.0,0.0,0.0,0.0,0.0,0.0,0.0
3223.0,"Zed & Two Noughts, A (1985)",Drama,3003.0,['Drama'],0.0,0.0,0.0,0.0,1.0,0.0,0.0,0.0,0.0,0.0,0.0,0.0,0.0,0.0,0.0,0.0,0.0,0.0
3224.0,Woman in the Dunes (Suna no onna) (1964),Drama,3004.0,['Drama'],0.0,0.0,0.0,0.0,0.0,0.0,0.0,1.0,0.0,0.0,0.0,0.0,1.0,0.0,0.0,0.0,0.0,0.0
3225.0,Down to You (2000),Comedy|Romance,3005.0,"['Comedy', 'Romance']",0.0,0.0,0.0,0.0,1.0,0.0,0.0,0.0,0.0,0.0,0.0,0.0,0.0,0.0,0.0,0.0,0.0,0.0
3228.0,Wirey Spindell (1999),Comedy,3006.0,['Comedy'],0.0,1.0,0.0,0.0,0.0,0.0,0.0,0.0,0.0,0.0,0.0,0.0,0.0,0.0,0.0,0.0,0.0,0.0
3229.0,Another Man's Poison (1952),Crime|Drama,3007.0,"['Crime', 'Drama']",0.0,0.0,0.0,0.0,1.0,0.0,0.0,0.0,0.0,0.0,0.0,0.0,0.0,0.0,0.0,0.0,0.0,0.0
3230.0,"Odessa File, The (1974)",Thriller,3008.0,['Thriller'],0.0,0.0,0.0,0.0,1.0,0.0,0.0,0.0,0.0,0.0,0.0,0.0,0.0,0.0,0.0,0.0,0.0,0.0
3232.0,Seven Chances (1925),Comedy,3009.0,['Comedy'],0.0,0.0,0.0,0.0,1.0,0.0,0.0,0.0,0.0,0.0,0.0,0.0,0.0,1.0,0.0,0.0,0.0,0.0
3233.0,Smashing Time (1967),Comedy,3010.0,['Comedy'],0.0,0.0,0.0,0.0,1.0,0.0,0.0,0.0,0.0,0.0,0.0,0.0,0.0,0.0,0.0,0.0,0.0,0.0
3235.0,Where the Buffalo Roam (1980),Comedy,3011.0,['Comedy'],0.0,0.0,0.0,1.0,1.0,0.0,0.0,0.0,0.0,0.0,0.0,0.0,0.0,0.0,0.0,0.0,0.0,0.0
3236.0,Zachariah (1971),Western,3012.0,['Western'],0.0,0.0,0.0,1.0,1.0,0.0,0.0,0.0,0.0,0.0,0.0,0.0,0.0,0.0,0.0,0.0,0.0,0.0
3237.0,Kestrel's Eye (Falkens öga) (1998),Documentary,3013.0,['Documentary'],0.0,0.0,0.0,1.0,1.0,0.0,0.0,0.0,0.0,0.0,0.0,0.0,0.0,0.0,0.0,0.0,0.0,0.0
3238.0,Eye of the Beholder (1999),Thriller,3014.0,['Thriller'],0.0,0.0,1.0,1.0,0.0,0.0,0.0,0.0,0.0,0.0,0.0,0.0,0.0,0.0,0.0,0.0,0.0,0.0
3239.0,Isn't She Great? (2000),Comedy,3015.0,['Comedy'],0.0,1.0,0.0,0.0,0.0,0.0,0.0,0.0,0.0,0.0,0.0,0.0,0.0,0.0,1.0,0.0,0.0,0.0
3240.0,"Big Tease, The (1999)",Comedy,3016.0,['Comedy'],0.0,0.0,0.0,0.0,0.0,0.0,0.0,1.0,0.0,0.0,0.0,0.0,0.0,0.0,0.0,0.0,0.0,0.0
3241.0,"Cup, The (Phörpa) (1999)",Comedy,3017.0,['Comedy'],0.0,0.0,0.0,0.0,0.0,0.0,0.0,1.0,0.0,0.0,0.0,0.0,0.0,0.0,0.0,1.0,0.0,0.0
3242.0,Santitos (1997),Comedy,3018.0,['Comedy'],1.0,0.0,0.0,0.0,0.0,0.0,0.0,1.0,0.0,0.0,0.0,0.0,0.0,0.0,0.0,0.0,0.0,0.0
3243.0,Encino Man (1992),Comedy,3019.0,['Comedy'],1.0,0.0,0.0,0.0,0.0,0.0,0.0,1.0,0.0,0.0,0.0,0.0,0.0,0.0,0.0,0.0,0.0,0.0
3244.0,"Goodbye Girl, The (1977)",Comedy|Romance,3020.0,"['Comedy', 'Romance']",1.0,1.0,0.0,0.0,0.0,0.0,0.0,0.0,0.0,0.0,0.0,0.0,0.0,0.0,0.0,0.0,1.0,0.0
3245.0,I Am Cuba (Soy Cuba/Ya Kuba) (1964),Drama,3021.0,['Drama'],0.0,0.0,0.0,0.0,1.0,0.0,0.0,1.0,0.0,0.0,0.0,0.0,0.0,0.0,0.0,0.0,0.0,0.0
3246.0,Malcolm X (1992),Drama,3022.0,['Drama'],0.0,0.0,0.0,0.0,0.0,0.0,0.0,1.0,0.0,0.0,0.0,0.0,0.0,0.0,0.0,0.0,0.0,0.0
3247.0,Sister Act (1992),Comedy|Crime,3023.0,"['Comedy', 'Crime']",0.0,0.0,0.0,0.0,0.0,0.0,0.0,1.0,0.0,0.0,0.0,0.0,0.0,0.0,0.0,1.0,0.0,0.0
3248.0,Sister Act 2: Back in the Habit (1993),Comedy,3024.0,['Comedy'],0.0,0.0,0.0,0.0,1.0,0.0,0.0,1.0,0.0,0.0,0.0,0.0,0.0,0.0,0.0,0.0,0.0,0.0
3249.0,"Hand That Rocks the Cradle, The (1992)",Thriller,3025.0,['Thriller'],0.0,1.0,0.0,0.0,0.0,0.0,0.0,0.0,0.0,0.0,0.0,0.0,0.0,0.0,0.0,0.0,0.0,0.0
3250.0,Alive (1993),Drama,3026.0,['Drama'],0.0,0.0,0.0,0.0,0.0,1.0,0.0,1.0,0.0,0.0,0.0,0.0,0.0,0.0,0.0,0.0,0.0,0.0
3251.0,Agnes of God (1985),Drama|Mystery,3027.0,"['Drama', 'Mystery']",0.0,0.0,0.0,0.0,0.0,0.0,0.0,0.0,0.0,0.0,0.0,0.0,0.0,1.0,0.0,0.0,0.0,0.0
3252.0,Scent of a Woman (1992),Drama,3028.0,['Drama'],0.0,0.0,0.0,0.0,0.0,0.0,0.0,1.0,0.0,0.0,0.0,0.0,0.0,0.0,0.0,0.0,0.0,0.0
3253.0,Wayne's World (1992),Comedy,3029.0,['Comedy'],0.0,0.0,0.0,0.0,0.0,0.0,0.0,1.0,0.0,0.0,0.0,0.0,0.0,0.0,0.0,0.0,0.0,0.0
3254.0,Wayne's World 2 (1993),Comedy,3030.0,['Comedy'],0.0,1.0,0.0,0.0,1.0,0.0,0.0,0.0,0.0,0.0,0.0,0.0,0.0,0.0,1.0,0.0,0.0,0.0
3255.0,"League of Their Own, A (1992)",Comedy|Drama,3031.0,"['Comedy', 'Drama']",1.0,0.0,0.0,0.0,0.0,0.0,0.0,1.0,0.0,0.0,0.0,0.0,0.0,0.0,0.0,0.0,0.0,0.0
3256.0,Patriot Games (1992),Action|Thriller,3032.0,"['Action', 'Thriller']",0.0,0.0,0.0,0.0,1.0,1.0,0.0,0.0,0.0,0.0,0.0,0.0,0.0,0.0,0.0,0.0,0.0,0.0
3257.0,"Bodyguard, The (1992)",Action|Drama|Romance|Thriller,3033.0,"['Action', 'Drama', 'Romance', 'Thriller']",0.0,0.0,0.0,0.0,0.0,0.0,0.0,1.0,0.0,0.0,0.0,0.0,0.0,0.0,0.0,1.0,0.0,0.0
3258.0,Death Becomes Her (1992),Comedy,3034.0,['Comedy'],0.0,0.0,0.0,0.0,1.0,0.0,0.0,0.0,0.0,0.0,0.0,0.0,0.0,0.0,0.0,0.0,0.0,0.0
3259.0,Far and Away (1992),Drama|Romance,3035.0,"['Drama', 'Romance']",0.0,0.0,0.0,0.0,1.0,0.0,0.0,0.0,0.0,0.0,0.0,0.0,0.0,1.0,0.0,0.0,0.0,0.0
3260.0,Howards End (1992),Drama,3036.0,['Drama'],0.0,0.0,0.0,0.0,0.0,0.0,0.0,1.0,0.0,0.0,0.0,0.0,0.0,0.0,0.0,0.0,0.0,0.0
3261.0,Singles (1992),Comedy|Drama|Romance,3037.0,"['Comedy', 'Drama', 'Romance']",0.0,0.0,0.0,0.0,1.0,0.0,0.0,1.0,0.0,0.0,0.0,0.0,0.0,0.0,0.0,0.0,0.0,0.0
3262.0,Twin Peaks: Fire Walk with Me (1992),Drama|Mystery,3038.0,"['Drama', 'Mystery']",0.0,0.0,0.0,0.0,0.0,0.0,0.0,1.0,0.0,0.0,0.0,0.0,0.0,0.0,0.0,0.0,0.0,0.0
3263.0,White Men Can't Jump (1992),Comedy,3039.0,['Comedy'],0.0,0.0,0.0,0.0,0.0,0.0,0.0,1.0,0.0,0.0,0.0,0.0,0.0,1.0,0.0,0.0,0.0,0.0
3264.0,Buffy the Vampire Slayer (1992),Comedy|Horror,3040.0,"['Comedy', 'Horror']",0.0,0.0,0.0,0.0,0.0,1.0,0.0,0.0,0.0,0.0,0.0,0.0,0.0,0.0,0.0,0.0,0.0,0.0
3265.0,Hard-Boiled (Lashou shentan) (1992),Action|Crime,3041.0,"['Action', 'Crime']",0.0,0.0,0.0,0.0,0.0,0.0,0.0,1.0,0.0,0.0,0.0,0.0,0.0,0.0,0.0,0.0,0.0,0.0
3266.0,Man Bites Dog (C'est arrivé près de chez vous) (1992),Action|Comedy|Crime|Drama,3042.0,"['Action', 'Comedy', 'Crime', 'Drama']",0.0,0.0,1.0,0.0,1.0,0.0,0.0,0.0,0.0,0.0,0.0,0.0,0.0,0.0,0.0,0.0,0.0,0.0
3267.0,"Mariachi, El (1992)",Action|Thriller,3043.0,"['Action', 'Thriller']",1.0,0.0,0.0,0.0,0.0,0.0,0.0,1.0,0.0,0.0,0.0,0.0,0.0,0.0,0.0,0.0,0.0,0.0
3268.0,Stop! Or My Mom Will Shoot (1992),Action|Comedy,3044.0,"['Action', 'Comedy']",1.0,0.0,0.0,0.0,0.0,0.0,0.0,1.0,0.0,0.0,0.0,0.0,0.0,0.0,0.0,0.0,0.0,0.0
3269.0,Forever Young (1992),Adventure|Romance|Sci-Fi,3045.0,"['Adventure', 'Romance', 'Sci-Fi']",1.0,0.0,0.0,0.0,0.0,0.0,0.0,1.0,0.0,0.0,0.0,0.0,0.0,0.0,0.0,0.0,0.0,0.0
3270.0,"Cutting Edge, The (1992)",Drama,3046.0,['Drama'],1.0,0.0,0.0,0.0,0.0,0.0,0.0,1.0,0.0,0.0,0.0,0.0,0.0,0.0,0.0,0.0,0.0,0.0
3271.0,Of Mice and Men (1992),Drama,3047.0,['Drama'],1.0,0.0,0.0,0.0,0.0,0.0,0.0,1.0,0.0,0.0,0.0,0.0,0.0,0.0,0.0,0.0,0.0,0.0
3272.0,Bad Lieutenant (1992),Crime|Drama,3048.0,"['Crime', 'Drama']",0.0,0.0,0.0,0.0,0.0,1.0,0.0,0.0,0.0,1.0,0.0,0.0,0.0,0.0,0.0,0.0,0.0,0.0
3273.0,Scream 3 (2000),Horror|Mystery|Thriller,3049.0,"['Horror', 'Mystery', 'Thriller']",0.0,0.0,0.0,0.0,0.0,0.0,0.0,1.0,0.0,0.0,0.0,0.0,0.0,1.0,0.0,0.0,0.0,0.0
3274.0,Single White Female (1992),Action,3050.0,['Action'],0.0,0.0,0.0,0.0,0.0,0.0,0.0,1.0,0.0,0.0,0.0,0.0,0.0,0.0,0.0,0.0,0.0,0.0
3275.0,"Boondock Saints, The (1999)",Action|Comedy,3051.0,"['Action', 'Comedy']",1.0,0.0,0.0,1.0,0.0,0.0,0.0,0.0,1.0,0.0,0.0,0.0,0.0,0.0,0.0,0.0,0.0,0.0
3276.0,Gun Shy (2000),Comedy,3052.0,['Comedy'],1.0,0.0,0.0,1.0,0.0,0.0,0.0,0.0,1.0,0.0,0.0,0.0,0.0,0.0,0.0,0.0,0.0,0.0
3277.0,Beloved/Friend (Amigo/Amado) (1999),Drama,3053.0,['Drama'],1.0,0.0,0.0,1.0,0.0,0.0,0.0,0.0,1.0,0.0,0.0,0.0,0.0,0.0,0.0,0.0,0.0,0.0
3280.0,"Baby, The (1973)",Horror,3054.0,['Horror'],1.0,0.0,0.0,0.0,0.0,0.0,0.0,1.0,0.0,0.0,0.0,0.0,0.0,0.0,0.0,1.0,0.0,0.0
3281.0,"Brandon Teena Story, The (1998)",Documentary,3055.0,['Documentary'],1.0,0.0,0.0,0.0,0.0,0.0,0.0,0.0,0.0,0.0,0.0,0.0,0.0,0.0,0.0,0.0,0.0,0.0
3282.0,Different for Girls (1996),Comedy,3056.0,['Comedy'],0.0,0.0,0.0,0.0,0.0,0.0,0.0,0.0,0.0,0.0,0.0,0.0,1.0,0.0,0.0,1.0,0.0,0.0
3283.0,Minnie and Moskowitz (1971),Action,3057.0,['Action'],0.0,0.0,0.0,0.0,1.0,0.0,0.0,0.0,0.0,0.0,0.0,0.0,0.0,0.0,0.0,0.0,0.0,0.0
3284.0,They Might Be Giants (1971),Comedy|Romance,3058.0,"['Comedy', 'Romance']",0.0,0.0,0.0,0.0,0.0,0.0,0.0,1.0,0.0,0.0,0.0,0.0,0.0,0.0,0.0,0.0,0.0,0.0
3285.0,"Beach, The (2000)",Adventure|Drama,3059.0,"['Adventure', 'Drama']",0.0,0.0,0.0,0.0,1.0,0.0,0.0,1.0,0.0,0.0,0.0,0.0,0.0,0.0,0.0,0.0,1.0,0.0
3286.0,Snow Day (2000),Comedy,3060.0,['Comedy'],0.0,0.0,0.0,0.0,0.0,0.0,0.0,1.0,0.0,0.0,0.0,0.0,0.0,0.0,0.0,0.0,0.0,0.0
3287.0,"Tigger Movie, The (2000)",Animation|Children's,3061.0,"['Animation', ""Children's""]",0.0,0.0,0.0,0.0,1.0,0.0,0.0,0.0,0.0,0.0,0.0,0.0,0.0,0.0,0.0,0.0,0.0,0.0
3288.0,Cotton Mary (1999),Drama,3062.0,['Drama'],0.0,0.0,0.0,0.0,1.0,0.0,0.0,1.0,0.0,0.0,0.0,0.0,0.0,0.0,0.0,0.0,0.0,0.0
3289.0,Not One Less (Yi ge dou bu neng shao) (1999),Drama,3063.0,['Drama'],1.0,0.0,0.0,0.0,0.0,0.0,0.0,0.0,0.0,0.0,0.0,0.0,0.0,1.0,0.0,0.0,0.0,0.0
3290.0,Soft Toilet Seats (1999),Comedy,3064.0,['Comedy'],0.0,0.0,0.0,0.0,0.0,0.0,0.0,1.0,0.0,0.0,0.0,0.0,0.0,1.0,0.0,0.0,0.0,0.0
3291.0,Trois (2000),Thriller,3065.0,['Thriller'],0.0,0.0,0.0,0.0,1.0,0.0,0.0,0.0,0.0,0.0,0.0,0.0,0.0,1.0,0.0,0.0,0.0,0.0
3292.0,"Big Combo, The (1955)",Film-Noir,3066.0,['Film-Noir'],0.0,0.0,0.0,0.0,0.0,0.0,0.0,1.0,0.0,0.0,0.0,0.0,0.0,0.0,0.0,0.0,0.0,0.0
3293.0,Conceiving Ada (1997),Drama|Sci-Fi,3067.0,"['Drama', 'Sci-Fi']",0.0,0.0,0.0,0.0,0.0,0.0,0.0,1.0,0.0,0.0,0.0,0.0,0.0,0.0,0.0,0.0,0.0,0.0
3294.0,Eaten Alive (1976),Horror,3068.0,['Horror'],0.0,0.0,0.0,0.0,0.0,0.0,0.0,1.0,0.0,0.0,0.0,0.0,0.0,1.0,0.0,0.0,0.0,0.0
3295.0,Raining Stones (1993),Drama,3069.0,['Drama'],0.0,0.0,0.0,0.0,0.0,0.0,0.0,1.0,0.0,0.0,1.0,0.0,0.0,0.0,0.0,0.0,0.0,0.0
3296.0,To Sir with Love (1967),Drama,3070.0,['Drama'],0.0,0.0,0.0,0.0,1.0,0.0,0.0,0.0,0.0,0.0,0.0,0.0,0.0,0.0,0.0,0.0,0.0,0.0
3297.0,With Byrd at the South Pole (1930),Documentary,3071.0,['Documentary'],0.0,1.0,0.0,0.0,0.0,0.0,0.0,1.0,0.0,0.0,0.0,0.0,0.0,0.0,0.0,1.0,0.0,0.0
3298.0,Boiler Room (2000),Drama,3072.0,['Drama'],0.0,0.0,0.0,0.0,1.0,0.0,0.0,0.0,0.0,0.0,0.0,0.0,0.0,0.0,0.0,0.0,0.0,0.0
3299.0,Hanging Up (2000),Comedy|Drama,3073.0,"['Comedy', 'Drama']",0.0,0.0,0.0,0.0,1.0,0.0,0.0,0.0,0.0,0.0,0.0,0.0,0.0,0.0,0.0,0.0,0.0,0.0
3300.0,Pitch Black (2000),Action|Sci-Fi,3074.0,"['Action', 'Sci-Fi']",0.0,0.0,0.0,0.0,0.0,0.0,0.0,0.0,0.0,0.0,0.0,0.0,0.0,0.0,1.0,1.0,0.0,0.0
3301.0,"Whole Nine Yards, The (2000)",Comedy|Crime,3075.0,"['Comedy', 'Crime']",0.0,0.0,0.0,0.0,0.0,0.0,0.0,1.0,0.0,0.0,0.0,0.0,0.0,0.0,0.0,0.0,0.0,0.0
3302.0,Beautiful People (1999),Comedy,3076.0,['Comedy'],0.0,0.0,0.0,0.0,1.0,0.0,0.0,0.0,1.0,0.0,0.0,0.0,0.0,0.0,0.0,0.0,0.0,0.0
3303.0,Black Tar Heroin: The Dark End of the Street (1999),Documentary,3077.0,['Documentary'],0.0,0.0,0.0,0.0,0.0,0.0,0.0,1.0,0.0,0.0,0.0,0.0,0.0,0.0,0.0,0.0,0.0,1.0
3304.0,Blue Collar (1978),Crime|Drama,3078.0,"['Crime', 'Drama']",0.0,0.0,0.0,0.0,0.0,0.0,0.0,1.0,0.0,0.0,0.0,0.0,0.0,0.0,0.0,0.0,0.0,0.0
3305.0,Bluebeard (1944),Film-Noir|Horror,3079.0,"['Film-Noir', 'Horror']",0.0,0.0,0.0,0.0,0.0,0.0,0.0,1.0,0.0,0.0,0.0,0.0,0.0,0.0,0.0,0.0,0.0,0.0
3306.0,"Circus, The (1928)",Comedy,3080.0,['Comedy'],0.0,1.0,0.0,0.0,0.0,0.0,0.0,1.0,0.0,0.0,0.0,0.0,0.0,0.0,0.0,0.0,0.0,0.0
3307.0,City Lights (1931),Comedy|Drama|Romance,3081.0,"['Comedy', 'Drama', 'Romance']",0.0,0.0,0.0,0.0,0.0,0.0,0.0,1.0,0.0,0.0,0.0,0.0,0.0,0.0,1.0,0.0,0.0,0.0
3308.0,"Flamingo Kid, The (1984)",Comedy|Drama,3082.0,"['Comedy', 'Drama']",0.0,0.0,0.0,0.0,0.0,0.0,0.0,0.0,0.0,0.0,1.0,0.0,0.0,0.0,0.0,0.0,0.0,0.0
3309.0,"Dog's Life, A (1920)",Comedy,3083.0,['Comedy'],0.0,0.0,0.0,0.0,1.0,0.0,0.0,0.0,0.0,0.0,0.0,0.0,0.0,0.0,0.0,0.0,0.0,0.0
3310.0,"Kid, The (1921)",Action,3084.0,['Action'],0.0,0.0,0.0,0.0,0.0,0.0,0.0,0.0,0.0,0.0,0.0,0.0,0.0,0.0,1.0,1.0,0.0,0.0
3311.0,"Man from Laramie, The (1955)",Western,3085.0,['Western'],0.0,0.0,0.0,0.0,0.0,0.0,0.0,1.0,0.0,0.0,0.0,0.0,0.0,1.0,0.0,0.0,0.0,0.0
3312.0,"McCullochs, The (1975)",Drama,3086.0,['Drama'],0.0,0.0,0.0,0.0,0.0,0.0,0.0,0.0,0.0,0.0,1.0,0.0,1.0,0.0,0.0,1.0,0.0,0.0
3313.0,Class Reunion (1982),Comedy,3087.0,['Comedy'],0.0,0.0,0.0,0.0,1.0,0.0,0.0,1.0,0.0,0.0,0.0,0.0,0.0,0.0,0.0,0.0,0.0,0.0
3314.0,"Big Trees, The (1952)",Action|Drama,3088.0,"['Action', 'Drama']",0.0,0.0,0.0,0.0,0.0,0.0,0.0,1.0,0.0,0.0,0.0,0.0,0.0,0.0,0.0,0.0,0.0,0.0
3315.0,Happy Go Lovely (1951),Musical,3089.0,['Musical'],0.0,1.0,0.0,0.0,0.0,0.0,0.0,0.0,1.0,0.0,0.0,0.0,0.0,1.0,0.0,0.0,0.0,0.0
3316.0,Reindeer Games (2000),Action|Thriller,3090.0,"['Action', 'Thriller']",0.0,0.0,0.0,0.0,0.0,0.0,0.0,1.0,0.0,0.0,0.0,0.0,0.0,0.0,0.0,0.0,0.0,0.0
3317.0,Wonder Boys (2000),Comedy|Drama,3091.0,"['Comedy', 'Drama']",0.0,0.0,0.0,0.0,1.0,0.0,0.0,0.0,0.0,0.0,0.0,0.0,0.0,0.0,0.0,0.0,0.0,0.0
3318.0,Deterrence (1998),Thriller,3092.0,['Thriller'],0.0,0.0,0.0,0.0,0.0,0.0,0.0,1.0,0.0,0.0,0.0,0.0,0.0,0.0,0.0,0.0,0.0,0.0
3319.0,Judy Berlin (1999),Drama,3093.0,['Drama'],0.0,0.0,1.0,1.0,0.0,0.0,0.0,0.0,0.0,0.0,0.0,0.0,0.0,0.0,0.0,0.0,0.0,0.0
3320.0,Mifune (Mifunes sidste sang) (1999),Comedy|Romance,3094.0,"['Comedy', 'Romance']",0.0,0.0,0.0,0.0,0.0,0.0,0.0,0.0,0.0,0.0,0.0,0.0,0.0,0.0,0.0,1.0,0.0,0.0
3321.0,"Waiting Game, The (2000)",Comedy,3095.0,['Comedy'],0.0,0.0,0.0,0.0,0.0,0.0,0.0,0.0,0.0,0.0,1.0,0.0,0.0,0.0,0.0,0.0,0.0,0.0
3322.0,3 Strikes (2000),Comedy,3096.0,['Comedy'],0.0,0.0,0.0,0.0,0.0,0.0,0.0,0.0,0.0,0.0,0.0,0.0,0.0,0.0,1.0,0.0,0.0,0.0
3323.0,Chain of Fools (2000),Comedy|Crime,3097.0,"['Comedy', 'Crime']",0.0,0.0,0.0,0.0,0.0,0.0,0.0,0.0,0.0,0.0,0.0,0.0,0.0,0.0,0.0,0.0,0.0,1.0
3324.0,Drowning Mona (2000),Comedy,3098.0,['Comedy'],0.0,0.0,0.0,0.0,0.0,0.0,0.0,0.0,0.0,0.0,1.0,0.0,0.0,0.0,1.0,0.0,0.0,0.0
3325.0,"Next Best Thing, The (2000)",Comedy|Drama,3099.0,"['Comedy', 'Drama']",0.0,1.0,0.0,0.0,0.0,0.0,0.0,0.0,1.0,0.0,0.0,0.0,0.0,0.0,0.0,0.0,0.0,0.0
3326.0,What Planet Are You From? (2000),Comedy|Sci-Fi,3100.0,"['Comedy', 'Sci-Fi']",0.0,0.0,0.0,0.0,0.0,0.0,0.0,0.0,0.0,0.0,1.0,0.0,0.0,0.0,0.0,0.0,0.0,0.0
3327.0,Beyond the Mat (2000),Documentary,3101.0,['Documentary'],0.0,0.0,0.0,0.0,1.0,0.0,0.0,0.0,0.0,0.0,0.0,0.0,0.0,0.0,0.0,0.0,0.0,0.0
3328.0,Ghost Dog: The Way of the Samurai (1999),Crime|Drama,3102.0,"['Crime', 'Drama']",0.0,1.0,0.0,0.0,0.0,0.0,0.0,0.0,0.0,0.0,0.0,0.0,0.0,0.0,0.0,0.0,0.0,0.0
3329.0,"Year My Voice Broke, The (1987)",Drama,3103.0,['Drama'],0.0,0.0,0.0,0.0,0.0,0.0,0.0,0.0,0.0,0.0,1.0,0.0,0.0,0.0,0.0,0.0,0.0,0.0
3330.0,Splendor in the Grass (1961),Drama,3104.0,['Drama'],0.0,1.0,0.0,0.0,0.0,0.0,0.0,0.0,0.0,0.0,0.0,0.0,0.0,0.0,0.0,0.0,0.0,1.0
3331.0,My Tutor (1983),Drama,3105.0,['Drama'],0.0,0.0,0.0,0.0,1.0,0.0,0.0,1.0,0.0,0.0,0.0,0.0,0.0,0.0,0.0,0.0,0.0,0.0
3333.0,"Killing of Sister George, The (1968)",Drama,3106.0,['Drama'],0.0,0.0,0.0,0.0,1.0,0.0,0.0,0.0,0.0,0.0,0.0,0.0,0.0,0.0,0.0,0.0,0.0,0.0
3334.0,Key Largo (1948),Crime|Drama|Film-Noir|Thriller,3107.0,"['Crime', 'Drama', 'Film-Noir', 'Thriller']",0.0,0.0,0.0,0.0,0.0,0.0,0.0,1.0,0.0,0.0,0.0,0.0,0.0,0.0,0.0,0.0,0.0,0.0
3335.0,Jail Bait (1954),Crime|Drama,3108.0,"['Crime', 'Drama']",0.0,0.0,0.0,0.0,0.0,0.0,0.0,0.0,0.0,0.0,1.0,0.0,0.0,0.0,0.0,0.0,0.0,0.0
3336.0,It Happened Here (1961),Drama,3109.0,['Drama'],0.0,0.0,0.0,0.0,1.0,0.0,0.0,1.0,0.0,0.0,0.0,0.0,0.0,0.0,0.0,0.0,0.0,0.0
3337.0,I'll Never Forget What's 'is Name (1967),Comedy|Drama,3110.0,"['Comedy', 'Drama']",0.0,0.0,0.0,0.0,1.0,0.0,0.0,0.0,0.0,0.0,0.0,0.0,0.0,1.0,0.0,0.0,0.0,0.0
3338.0,For All Mankind (1989),Documentary,3111.0,['Documentary'],0.0,0.0,0.0,0.0,0.0,0.0,0.0,1.0,0.0,0.0,0.0,0.0,0.0,0.0,0.0,0.0,0.0,0.0
3339.0,Cross of Iron (1977),War,3112.0,['War'],0.0,0.0,0.0,0.0,0.0,0.0,0.0,1.0,0.0,0.0,0.0,0.0,0.0,0.0,1.0,0.0,0.0,0.0
3340.0,Bride of the Monster (1956),Horror|Sci-Fi,3113.0,"['Horror', 'Sci-Fi']",0.0,0.0,0.0,0.0,1.0,0.0,0.0,1.0,0.0,0.0,0.0,0.0,0.0,0.0,0.0,0.0,0.0,0.0
3341.0,Born Yesterday (1950),Comedy,3114.0,['Comedy'],0.0,0.0,0.0,0.0,0.0,0.0,0.0,0.0,0.0,0.0,0.0,0.0,0.0,0.0,0.0,1.0,0.0,0.0
3342.0,Birdy (1984),Drama|War,3115.0,"['Drama', 'War']",0.0,0.0,0.0,0.0,1.0,0.0,0.0,1.0,0.0,0.0,0.0,0.0,0.0,0.0,0.0,0.0,0.0,0.0
3343.0,And God Created Woman (1988),Comedy|Drama|Romance,3116.0,"['Comedy', 'Drama', 'Romance']",0.0,0.0,0.0,0.0,1.0,0.0,0.0,0.0,0.0,0.0,0.0,0.0,0.0,0.0,0.0,0.0,0.0,0.0
3344.0,Blood Feast (1963),Horror,3117.0,['Horror'],0.0,0.0,0.0,0.0,0.0,0.0,0.0,0.0,0.0,0.0,0.0,0.0,0.0,0.0,0.0,0.0,0.0,1.0
3345.0,"Charlie, the Lonesome Cougar (1967)",Adventure|Children's,3118.0,"['Adventure', ""Children's""]",0.0,0.0,0.0,0.0,0.0,0.0,0.0,1.0,0.0,0.0,0.0,0.0,0.0,0.0,0.0,0.0,0.0,0.0
3346.0,Color Me Blood Red (1965),Horror,3119.0,['Horror'],0.0,0.0,0.0,0.0,0.0,0.0,0.0,1.0,0.0,0.0,0.0,0.0,0.0,0.0,0.0,1.0,0.0,0.0
3347.0,Never Cry Wolf (1983),Drama,3120.0,['Drama'],0.0,0.0,0.0,0.0,1.0,0.0,0.0,0.0,0.0,0.0,0.0,0.0,0.0,0.0,0.0,0.0,0.0,0.0
3349.0,"Perils of Pauline, The (1947)",Comedy,3121.0,['Comedy'],0.0,0.0,0.0,0.0,0.0,0.0,0.0,1.0,0.0,0.0,0.0,0.0,0.0,0.0,0.0,1.0,0.0,0.0
3350.0,"Raisin in the Sun, A (1961)",Drama,3122.0,['Drama'],0.0,0.0,0.0,0.0,0.0,0.0,0.0,1.0,0.0,0.0,0.0,0.0,0.0,0.0,0.0,0.0,0.0,0.0
3351.0,Two Thousand Maniacs! (1964),Horror,3123.0,['Horror'],0.0,0.0,0.0,0.0,1.0,0.0,0.0,0.0,0.0,0.0,0.0,0.0,0.0,0.0,0.0,0.0,0.0,0.0
3352.0,Brown's Requiem (1998),Drama,3124.0,['Drama'],0.0,0.0,0.0,0.0,1.0,0.0,0.0,0.0,0.0,0.0,0.0,0.0,0.0,1.0,0.0,0.0,0.0,0.0
3353.0,"Closer You Get, The (2000)",Comedy|Romance,3125.0,"['Comedy', 'Romance']",0.0,0.0,0.0,0.0,0.0,1.0,0.0,1.0,0.0,0.0,0.0,0.0,0.0,0.0,0.0,0.0,0.0,0.0
3354.0,Mission to Mars (2000),Sci-Fi,3126.0,['Sci-Fi'],0.0,0.0,0.0,0.0,0.0,0.0,0.0,1.0,0.0,0.0,0.0,0.0,0.0,0.0,0.0,1.0,0.0,0.0
3355.0,"Ninth Gate, The (2000)",Thriller,3127.0,['Thriller'],1.0,0.0,0.0,0.0,0.0,0.0,0.0,0.0,0.0,0.0,0.0,0.0,0.0,0.0,0.0,0.0,1.0,0.0
3357.0,East-West (Est-ouest) (1999),Drama|Romance,3128.0,"['Drama', 'Romance']",0.0,0.0,0.0,0.0,1.0,1.0,0.0,1.0,0.0,0.0,0.0,0.0,0.0,0.0,0.0,0.0,0.0,0.0
3358.0,Defending Your Life (1991),Comedy|Romance,3129.0,"['Comedy', 'Romance']",0.0,0.0,0.0,0.0,0.0,0.0,0.0,1.0,0.0,0.0,0.0,0.0,0.0,0.0,0.0,0.0,0.0,0.0
3359.0,Breaking Away (1979),Drama,3130.0,['Drama'],1.0,0.0,0.0,0.0,0.0,0.0,0.0,0.0,0.0,0.0,0.0,0.0,0.0,0.0,0.0,1.0,0.0,0.0
3360.0,Hoosiers (1986),Drama,3131.0,['Drama'],0.0,0.0,0.0,0.0,1.0,0.0,0.0,0.0,0.0,0.0,0.0,0.0,0.0,1.0,0.0,0.0,0.0,0.0
3361.0,Bull Durham (1988),Comedy,3132.0,['Comedy'],0.0,0.0,0.0,0.0,1.0,0.0,0.0,0.0,0.0,0.0,0.0,0.0,0.0,0.0,0.0,0.0,0.0,0.0
3362.0,Dog Day Afternoon (1975),Comedy|Crime|Drama,3133.0,"['Comedy', 'Crime', 'Drama']",0.0,0.0,0.0,0.0,1.0,0.0,0.0,1.0,0.0,0.0,0.0,0.0,0.0,0.0,0.0,0.0,0.0,0.0
3363.0,American Graffiti (1973),Comedy|Drama,3134.0,"['Comedy', 'Drama']",1.0,0.0,0.0,0.0,0.0,0.0,0.0,0.0,0.0,0.0,0.0,0.0,0.0,0.0,1.0,1.0,0.0,0.0
3364.0,"Asphalt Jungle, The (1950)",Crime|Film-Noir,3135.0,"['Crime', 'Film-Noir']",0.0,0.0,0.0,0.0,0.0,0.0,0.0,1.0,0.0,0.0,0.0,0.0,0.0,1.0,0.0,0.0,0.0,0.0
3365.0,"Searchers, The (1956)",Western,3136.0,['Western'],0.0,0.0,0.0,0.0,0.0,1.0,0.0,0.0,0.0,0.0,0.0,0.0,0.0,0.0,0.0,1.0,0.0,0.0
3366.0,Where Eagles Dare (1969),Action|Adventure|War,3137.0,"['Action', 'Adventure', 'War']",0.0,0.0,0.0,0.0,1.0,0.0,0.0,0.0,0.0,0.0,0.0,0.0,0.0,0.0,0.0,0.0,0.0,0.0
3367.0,"Devil's Brigade, The (1968)",War,3138.0,['War'],0.0,0.0,0.0,0.0,1.0,0.0,0.0,1.0,0.0,0.0,0.0,0.0,0.0,1.0,0.0,0.0,0.0,0.0
3368.0,"Big Country, The (1958)",Romance|Western,3139.0,"['Romance', 'Western']",0.0,0.0,0.0,0.0,1.0,0.0,0.0,0.0,0.0,0.0,0.0,0.0,0.0,0.0,0.0,0.0,0.0,0.0
3370.0,Betrayed (1988),Drama|Thriller,3140.0,"['Drama', 'Thriller']",0.0,0.0,0.0,0.0,1.0,0.0,0.0,0.0,0.0,0.0,0.0,0.0,0.0,0.0,0.0,0.0,0.0,0.0
3371.0,Bound for Glory (1976),Drama,3141.0,['Drama'],0.0,0.0,0.0,0.0,1.0,0.0,0.0,0.0,0.0,0.0,1.0,0.0,0.0,0.0,0.0,1.0,0.0,0.0
3372.0,"Bridge at Remagen, The (1969)",Action|War,3142.0,"['Action', 'War']",0.0,0.0,0.0,0.0,1.0,0.0,0.0,0.0,0.0,0.0,0.0,0.0,0.0,1.0,0.0,0.0,0.0,0.0
3373.0,Buck and the Preacher (1972),Western,3143.0,['Western'],0.0,0.0,0.0,0.0,1.0,0.0,0.0,1.0,0.0,0.0,0.0,0.0,0.0,0.0,0.0,0.0,0.0,0.0
3374.0,Daughters of the Dust (1992),Drama,3144.0,['Drama'],0.0,0.0,0.0,0.0,1.0,0.0,0.0,0.0,0.0,0.0,0.0,0.0,0.0,0.0,0.0,0.0,0.0,0.0
3375.0,Destination Moon (1950),Sci-Fi,3145.0,['Sci-Fi'],0.0,0.0,0.0,0.0,0.0,0.0,1.0,0.0,0.0,0.0,0.0,0.0,0.0,0.0,0.0,0.0,0.0,0.0
3376.0,"Fantastic Night, The (La Nuit Fantastique) (1949)",Romance,3146.0,['Romance'],0.0,0.0,0.0,0.0,0.0,0.0,0.0,0.0,0.0,0.0,0.0,0.0,0.0,1.0,0.0,1.0,0.0,0.0
3377.0,Hangmen Also Die (1943),Drama|War,3147.0,"['Drama', 'War']",0.0,0.0,0.0,0.0,0.0,0.0,0.0,1.0,0.0,0.0,0.0,0.0,0.0,0.0,0.0,0.0,0.0,0.0
3378.0,"Ogre, The (Der Unhold) (1996)",Drama,3148.0,['Drama'],0.0,0.0,0.0,0.0,1.0,0.0,0.0,1.0,0.0,0.0,0.0,0.0,0.0,0.0,0.0,0.0,0.0,0.0
3379.0,On the Beach (1959),Drama,3149.0,['Drama'],0.0,0.0,0.0,0.0,1.0,0.0,0.0,0.0,0.0,0.0,0.0,0.0,0.0,0.0,0.0,0.0,0.0,0.0
3380.0,Railroaded! (1947),Film-Noir,3150.0,['Film-Noir'],0.0,0.0,0.0,0.0,0.0,0.0,0.0,0.0,0.0,0.0,0.0,1.0,0.0,0.0,0.0,0.0,1.0,0.0
3381.0,Slaves to the Underground (1997),Comedy|Drama,3151.0,"['Comedy', 'Drama']",0.0,0.0,0.0,0.0,0.0,0.0,0.0,1.0,0.0,0.0,0.0,0.0,0.0,0.0,0.0,1.0,0.0,0.0
3382.0,Song of Freedom (1936),Drama,3152.0,['Drama'],0.0,0.0,0.0,0.0,0.0,0.0,0.0,1.0,0.0,0.0,0.0,0.0,0.0,0.0,0.0,0.0,0.0,0.0
3384.0,"Taking of Pelham One Two Three, The (1974)",Action,3153.0,['Action'],0.0,0.0,0.0,0.0,0.0,0.0,0.0,0.0,0.0,0.0,0.0,1.0,0.0,0.0,0.0,0.0,0.0,0.0
3385.0,Volunteers (1985),Comedy,3154.0,['Comedy'],0.0,0.0,0.0,0.0,0.0,0.0,0.0,0.0,0.0,0.0,1.0,0.0,0.0,0.0,0.0,0.0,0.0,0.0
3386.0,JFK (1991),Drama|Mystery,3155.0,"['Drama', 'Mystery']",0.0,0.0,0.0,0.0,0.0,0.0,0.0,0.0,0.0,0.0,0.0,0.0,0.0,0.0,0.0,1.0,0.0,0.0
3387.0,Who's Harry Crumb? (1989),Comedy,3156.0,['Comedy'],0.0,0.0,0.0,0.0,1.0,0.0,0.0,0.0,0.0,0.0,0.0,0.0,0.0,0.0,0.0,0.0,0.0,0.0
3388.0,Harry and the Hendersons (1987),Comedy,3157.0,['Comedy'],0.0,0.0,0.0,0.0,0.0,0.0,0.0,1.0,0.0,0.0,0.0,0.0,0.0,0.0,0.0,1.0,0.0,0.0
3389.0,Let's Get Harry (1986),Action|Adventure,3158.0,"['Action', 'Adventure']",0.0,0.0,0.0,0.0,0.0,0.0,0.0,1.0,0.0,0.0,0.0,0.0,0.0,1.0,0.0,0.0,0.0,0.0
3390.0,Shanghai Surprise (1986),Adventure,3159.0,['Adventure'],1.0,0.0,0.0,0.0,0.0,0.0,0.0,0.0,0.0,0.0,0.0,0.0,0.0,0.0,0.0,1.0,0.0,0.0
3391.0,Who's That Girl? (1987),Comedy,3160.0,['Comedy'],0.0,0.0,0.0,0.0,1.0,0.0,0.0,1.0,0.0,0.0,0.0,0.0,0.0,0.0,0.0,0.0,0.0,0.0
3392.0,She-Devil (1989),Comedy,3161.0,['Comedy'],0.0,0.0,0.0,0.0,0.0,0.0,0.0,0.0,0.0,0.0,0.0,0.0,0.0,0.0,0.0,1.0,0.0,0.0
3393.0,Date with an Angel (1987),Comedy|Fantasy,3162.0,"['Comedy', 'Fantasy']",0.0,0.0,0.0,0.0,0.0,0.0,0.0,1.0,0.0,0.0,0.0,0.0,0.0,0.0,0.0,0.0,0.0,0.0
3394.0,Blind Date (1987),Comedy|Romance,3163.0,"['Comedy', 'Romance']",0.0,0.0,0.0,0.0,1.0,0.0,0.0,1.0,0.0,0.0,0.0,0.0,0.0,0.0,0.0,0.0,0.0,0.0
3395.0,Nadine (1987),Comedy,3164.0,['Comedy'],1.0,0.0,0.0,0.0,0.0,0.0,0.0,0.0,0.0,0.0,1.0,0.0,0.0,0.0,0.0,0.0,0.0,0.0
3396.0,"Muppet Movie, The (1979)",Children's|Comedy,3165.0,"[""Children's"", 'Comedy']",0.0,0.0,0.0,1.0,1.0,0.0,0.0,0.0,0.0,0.0,0.0,0.0,0.0,0.0,0.0,0.0,0.0,0.0
3397.0,"Great Muppet Caper, The (1981)",Children's|Comedy,3166.0,"[""Children's"", 'Comedy']",0.0,0.0,0.0,0.0,1.0,0.0,0.0,1.0,0.0,0.0,0.0,0.0,0.0,0.0,0.0,0.0,0.0,0.0
3398.0,"Muppets Take Manhattan, The (1984)",Children's|Comedy,3167.0,"[""Children's"", 'Comedy']",0.0,0.0,0.0,0.0,1.0,0.0,0.0,1.0,0.0,0.0,0.0,0.0,0.0,0.0,0.0,0.0,0.0,0.0
3399.0,Sesame Street Presents Follow That Bird (1985),Children's|Comedy,3168.0,"[""Children's"", 'Comedy']",0.0,0.0,0.0,0.0,1.0,0.0,0.0,0.0,0.0,0.0,0.0,0.0,0.0,0.0,0.0,0.0,0.0,0.0
3400.0,We're Back! A Dinosaur's Story (1993),Animation|Children's,3169.0,"['Animation', ""Children's""]",0.0,0.0,0.0,0.0,0.0,0.0,0.0,1.0,0.0,0.0,0.0,0.0,0.0,0.0,0.0,0.0,0.0,0.0
3401.0,Baby... Secret of the Lost Legend (1985),Adventure|Sci-Fi,3170.0,"['Adventure', 'Sci-Fi']",0.0,0.0,0.0,0.0,1.0,0.0,0.0,1.0,0.0,0.0,0.0,0.0,0.0,0.0,0.0,0.0,0.0,0.0
3402.0,Turtle Diary (1985),Drama,3171.0,['Drama'],0.0,0.0,0.0,0.0,0.0,0.0,0.0,1.0,0.0,0.0,0.0,0.0,0.0,0.0,0.0,0.0,0.0,0.0
3403.0,Raise the Titanic (1980),Drama|Thriller,3172.0,"['Drama', 'Thriller']",0.0,0.0,0.0,0.0,0.0,0.0,0.0,1.0,0.0,0.0,0.0,0.0,0.0,0.0,0.0,0.0,0.0,0.0
3404.0,Titanic (1953),Action|Drama,3173.0,"['Action', 'Drama']",0.0,0.0,0.0,0.0,0.0,0.0,0.0,0.0,0.0,0.0,1.0,0.0,0.0,0.0,1.0,0.0,0.0,0.0
3405.0,"Night to Remember, A (1958)",Action|Drama,3174.0,"['Action', 'Drama']",0.0,0.0,0.0,0.0,0.0,0.0,0.0,0.0,0.0,0.0,1.0,0.0,0.0,0.0,1.0,0.0,0.0,0.0
3406.0,Captain Horatio Hornblower (1951),Action|Adventure|War,3175.0,"['Action', 'Adventure', 'War']",0.0,0.0,0.0,0.0,0.0,0.0,0.0,0.0,0.0,0.0,1.0,0.0,0.0,0.0,1.0,0.0,0.0,0.0
3407.0,"Carriers Are Waiting, The (Les Convoyeurs Attendent) (1999)",Comedy|Drama,3176.0,"['Comedy', 'Drama']",0.0,0.0,0.0,0.0,0.0,0.0,0.0,1.0,0.0,0.0,0.0,0.0,0.0,0.0,0.0,0.0,0.0,0.0
3408.0,Erin Brockovich (2000),Drama,3177.0,['Drama'],1.0,0.0,0.0,0.0,0.0,0.0,0.0,0.0,0.0,0.0,1.0,0.0,0.0,0.0,1.0,0.0,0.0,0.0
3409.0,Final Destination (2000),Drama|Thriller,3178.0,"['Drama', 'Thriller']",0.0,0.0,0.0,0.0,0.0,0.0,0.0,1.0,0.0,0.0,0.0,0.0,0.0,0.0,0.0,0.0,0.0,0.0
3410.0,Soft Fruit (1999),Comedy|Drama,3179.0,"['Comedy', 'Drama']",1.0,0.0,0.0,0.0,0.0,0.0,0.0,1.0,0.0,0.0,0.0,0.0,0.0,0.0,0.0,0.0,0.0,0.0
3412.0,"Bear, The (1988)",Adventure,3180.0,['Adventure'],0.0,0.0,0.0,0.0,0.0,0.0,0.0,1.0,0.0,0.0,0.0,0.0,0.0,0.0,0.0,0.0,0.0,0.0
3413.0,Impact (1949),Crime|Drama,3181.0,"['Crime', 'Drama']",0.0,0.0,0.0,0.0,0.0,0.0,0.0,1.0,0.0,0.0,0.0,0.0,0.0,0.0,0.0,0.0,0.0,0.0
3414.0,Love Is a Many-Splendored Thing (1955),Romance,3182.0,['Romance'],1.0,0.0,0.0,0.0,0.0,0.0,0.0,1.0,0.0,0.0,0.0,0.0,0.0,1.0,0.0,1.0,0.0,0.0
3415.0,"Mirror, The (Zerkalo) (1975)",Drama,3183.0,['Drama'],0.0,1.0,0.0,0.0,0.0,0.0,0.0,0.0,0.0,0.0,0.0,0.0,0.0,0.0,0.0,0.0,1.0,0.0
3416.0,"Trial, The (Le Procès) (1963)",Drama,3184.0,['Drama'],0.0,0.0,0.0,0.0,0.0,0.0,0.0,1.0,0.0,0.0,0.0,0.0,0.0,0.0,0.0,0.0,0.0,0.0
3417.0,"Crimson Pirate, The (1952)",Adventure|Comedy|Sci-Fi,3185.0,"['Adventure', 'Comedy', 'Sci-Fi']",0.0,0.0,0.0,0.0,0.0,0.0,0.0,0.0,0.0,0.0,1.0,0.0,0.0,0.0,0.0,0.0,0.0,0.0
3418.0,Thelma & Louise (1991),Action|Drama,3186.0,"['Action', 'Drama']",0.0,0.0,0.0,0.0,0.0,1.0,0.0,1.0,0.0,0.0,0.0,0.0,0.0,0.0,0.0,0.0,0.0,0.0
3419.0,Something for Everyone (1970),Comedy|Crime,3187.0,"['Comedy', 'Crime']",0.0,0.0,0.0,0.0,1.0,0.0,0.0,0.0,0.0,0.0,0.0,0.0,0.0,0.0,0.0,0.0,0.0,0.0
3420.0,...And Justice for All (1979),Drama|Thriller,3188.0,"['Drama', 'Thriller']",0.0,0.0,0.0,0.0,1.0,0.0,0.0,1.0,0.0,0.0,0.0,0.0,0.0,0.0,0.0,0.0,0.0,0.0
3421.0,Animal House (1978),Comedy,3189.0,['Comedy'],0.0,0.0,1.0,0.0,0.0,0.0,0.0,0.0,0.0,0.0,0.0,0.0,0.0,0.0,1.0,0.0,0.0,0.0
3422.0,She's Gotta Have It (1986),Comedy|Romance,3190.0,"['Comedy', 'Romance']",1.0,0.0,0.0,0.0,0.0,0.0,0.0,0.0,0.0,0.0,0.0,0.0,0.0,0.0,1.0,0.0,0.0,0.0
3423.0,School Daze (1988),Drama,3191.0,['Drama'],0.0,0.0,0.0,0.0,0.0,0.0,0.0,1.0,0.0,0.0,0.0,0.0,0.0,0.0,0.0,0.0,0.0,0.0
3424.0,Do the Right Thing (1989),Comedy|Drama,3192.0,"['Comedy', 'Drama']",0.0,0.0,0.0,0.0,1.0,0.0,0.0,0.0,0.0,0.0,0.0,0.0,0.0,0.0,0.0,0.0,0.0,0.0
3425.0,Mo' Better Blues (1990),Drama,3193.0,['Drama'],0.0,0.0,0.0,0.0,1.0,0.0,0.0,0.0,0.0,0.0,0.0,0.0,0.0,0.0,0.0,0.0,0.0,0.0
3426.0,Jungle Fever (1991),Drama|Romance,3194.0,"['Drama', 'Romance']",0.0,0.0,0.0,0.0,1.0,0.0,0.0,0.0,0.0,0.0,0.0,0.0,0.0,0.0,0.0,0.0,0.0,0.0
3427.0,Coogan's Bluff (1968),Crime,3195.0,['Crime'],0.0,0.0,0.0,0.0,0.0,0.0,0.0,1.0,0.0,0.0,0.0,0.0,0.0,0.0,0.0,0.0,0.0,0.0
3428.0,"Champ, The (1979)",Drama,3196.0,['Drama'],0.0,0.0,0.0,0.0,1.0,0.0,0.0,0.0,0.0,0.0,0.0,1.0,0.0,0.0,0.0,0.0,0.0,0.0
3429.0,Creature Comforts (1990),Animation|Comedy,3197.0,"['Animation', 'Comedy']",0.0,0.0,0.0,0.0,1.0,0.0,0.0,0.0,0.0,0.0,0.0,1.0,0.0,0.0,0.0,0.0,0.0,0.0
3430.0,Death Wish (1974),Action|Drama,3198.0,"['Action', 'Drama']",0.0,0.0,0.0,0.0,1.0,0.0,0.0,0.0,0.0,0.0,0.0,0.0,0.0,0.0,0.0,0.0,0.0,1.0
3431.0,Death Wish II (1982),Action|Drama,3199.0,"['Action', 'Drama']",0.0,0.0,0.0,0.0,0.0,0.0,0.0,0.0,0.0,0.0,0.0,1.0,0.0,0.0,0.0,0.0,0.0,0.0
3432.0,Death Wish 3 (1985),Action|Drama,3200.0,"['Action', 'Drama']",0.0,0.0,0.0,0.0,1.0,0.0,0.0,0.0,0.0,0.0,0.0,0.0,0.0,0.0,0.0,0.0,0.0,0.0
3433.0,Death Wish 4: The Crackdown (1987),Action|Drama,3201.0,"['Action', 'Drama']",0.0,0.0,0.0,0.0,0.0,0.0,0.0,0.0,0.0,0.0,0.0,1.0,0.0,0.0,0.0,0.0,0.0,0.0
3434.0,Death Wish V: The Face of Death (1994),Action|Drama,3202.0,"['Action', 'Drama']",0.0,0.0,0.0,0.0,0.0,0.0,0.0,1.0,0.0,0.0,0.0,1.0,0.0,0.0,0.0,0.0,0.0,0.0
3435.0,Double Indemnity (1944),Crime|Film-Noir,3203.0,"['Crime', 'Film-Noir']",0.0,0.0,0.0,0.0,0.0,0.0,0.0,0.0,0.0,0.0,0.0,1.0,0.0,0.0,0.0,0.0,0.0,0.0
3436.0,Dying Young (1991),Drama|Romance,3204.0,"['Drama', 'Romance']",0.0,0.0,0.0,0.0,1.0,0.0,0.0,1.0,0.0,0.0,0.0,0.0,0.0,0.0,0.0,0.0,0.0,1.0
3437.0,Cool as Ice (1991),Drama,3205.0,['Drama'],0.0,0.0,0.0,0.0,1.0,0.0,0.0,0.0,0.0,0.0,0.0,0.0,0.0,0.0,0.0,0.0,0.0,0.0
3438.0,Teenage Mutant Ninja Turtles (1990),Action|Children's|Fantasy,3206.0,"['Action', ""Children's"", 'Fantasy']",0.0,0.0,0.0,0.0,0.0,0.0,1.0,0.0,0.0,0.0,0.0,0.0,0.0,0.0,0.0,0.0,0.0,0.0
3439.0,Teenage Mutant Ninja Turtles II: The Secret of the Ooze (1991),Action|Children's|Fantasy,3207.0,"['Action', ""Children's"", 'Fantasy']",0.0,0.0,0.0,0.0,0.0,0.0,0.0,0.0,0.0,0.0,0.0,1.0,0.0,0.0,0.0,0.0,0.0,0.0
3440.0,Teenage Mutant Ninja Turtles III (1993),Action|Children's|Fantasy,3208.0,"['Action', ""Children's"", 'Fantasy']",0.0,0.0,1.0,1.0,1.0,0.0,0.0,0.0,0.0,0.0,0.0,0.0,0.0,0.0,0.0,0.0,0.0,0.0
3441.0,Red Dawn (1984),Action|War,3209.0,"['Action', 'War']",0.0,1.0,0.0,0.0,0.0,0.0,0.0,0.0,0.0,0.0,0.0,1.0,0.0,1.0,0.0,0.0,0.0,0.0
3442.0,Band of the Hand (1986),Action,3210.0,['Action'],0.0,0.0,0.0,0.0,1.0,0.0,0.0,0.0,0.0,0.0,0.0,0.0,0.0,0.0,0.0,0.0,0.0,0.0
3443.0,Born American (1986),Action|Drama|Thriller,3211.0,"['Action', 'Drama', 'Thriller']",0.0,0.0,0.0,0.0,1.0,0.0,0.0,0.0,0.0,0.0,0.0,0.0,0.0,1.0,0.0,0.0,0.0,0.0
3444.0,Bloodsport (1988),Action,3212.0,['Action'],0.0,0.0,1.0,1.0,0.0,0.0,0.0,0.0,0.0,0.0,0.0,0.0,0.0,0.0,0.0,0.0,0.0,0.0
3445.0,Eyes of Laura Mars (1978),Mystery|Thriller,3213.0,"['Mystery', 'Thriller']",0.0,0.0,0.0,0.0,1.0,0.0,0.0,0.0,0.0,0.0,0.0,0.0,0.0,1.0,0.0,0.0,0.0,0.0
3446.0,Funny Bones (1995),Comedy,3214.0,['Comedy'],0.0,0.0,0.0,0.0,1.0,0.0,0.0,0.0,0.0,0.0,0.0,0.0,0.0,0.0,0.0,0.0,0.0,0.0
3447.0,"Good Earth, The (1937)",Drama,3215.0,['Drama'],0.0,0.0,0.0,0.0,1.0,0.0,0.0,0.0,0.0,0.0,0.0,0.0,0.0,0.0,0.0,0.0,0.0,0.0
3448.0,"Good Morning, Vietnam (1987)",Comedy|Drama|War,3216.0,"['Comedy', 'Drama', 'War']",0.0,0.0,0.0,0.0,1.0,0.0,0.0,0.0,0.0,0.0,0.0,0.0,0.0,0.0,0.0,0.0,0.0,0.0
3449.0,"Good Mother, The (1988)",Drama,3217.0,['Drama'],0.0,0.0,0.0,0.0,1.0,0.0,0.0,1.0,0.0,0.0,0.0,0.0,0.0,0.0,0.0,0.0,0.0,0.0
3450.0,Grumpy Old Men (1993),Comedy,3218.0,['Comedy'],0.0,0.0,0.0,0.0,0.0,0.0,0.0,1.0,0.0,0.0,1.0,0.0,0.0,0.0,0.0,0.0,0.0,0.0
3451.0,Guess Who's Coming to Dinner (1967),Comedy|Drama,3219.0,"['Comedy', 'Drama']",0.0,0.0,0.0,0.0,1.0,0.0,0.0,0.0,0.0,0.0,0.0,0.0,0.0,0.0,0.0,0.0,0.0,0.0
3452.0,Romeo Must Die (2000),Action|Romance,3220.0,"['Action', 'Romance']",1.0,0.0,0.0,0.0,0.0,0.0,0.0,0.0,0.0,0.0,0.0,0.0,0.0,0.0,0.0,1.0,0.0,0.0
3453.0,Here on Earth (2000),Drama|Romance,3221.0,"['Drama', 'Romance']",1.0,0.0,0.0,0.0,0.0,0.0,0.0,0.0,0.0,0.0,0.0,0.0,0.0,0.0,0.0,0.0,0.0,0.0
3454.0,Whatever It Takes (2000),Comedy|Romance,3222.0,"['Comedy', 'Romance']",0.0,0.0,0.0,0.0,0.0,0.0,1.0,0.0,0.0,0.0,0.0,0.0,0.0,0.0,0.0,0.0,0.0,0.0
3456.0,"Color of Paradise, The (Rang-e Khoda) (1999)",Drama,3223.0,['Drama'],0.0,0.0,0.0,0.0,0.0,0.0,0.0,0.0,0.0,0.0,1.0,0.0,0.0,0.0,0.0,1.0,0.0,0.0
3457.0,Waking the Dead (1999),Drama,3224.0,['Drama'],1.0,0.0,0.0,0.0,0.0,0.0,0.0,1.0,0.0,0.0,0.0,0.0,0.0,0.0,0.0,0.0,1.0,0.0
3458.0,Blood and Sand (Sangre y Arena) (1989),Drama|Romance,3225.0,"['Drama', 'Romance']",0.0,0.0,0.0,0.0,1.0,0.0,0.0,0.0,0.0,0.0,0.0,0.0,0.0,0.0,0.0,0.0,0.0,0.0
3459.0,Gothic (1986),Drama|Horror,3226.0,"['Drama', 'Horror']",0.0,0.0,0.0,0.0,1.0,0.0,0.0,0.0,0.0,0.0,0.0,0.0,0.0,0.0,0.0,0.0,0.0,0.0
3460.0,Hillbillys in a Haunted House (1967),Comedy,3227.0,['Comedy'],0.0,0.0,0.0,0.0,1.0,0.0,0.0,0.0,0.0,0.0,0.0,0.0,0.0,0.0,0.0,0.0,0.0,0.0
3461.0,Lord of the Flies (1963),Adventure|Drama|Thriller,3228.0,"['Adventure', 'Drama', 'Thriller']",1.0,0.0,0.0,0.0,0.0,0.0,0.0,0.0,0.0,0.0,0.0,0.0,0.0,0.0,0.0,0.0,0.0,0.0
3462.0,Modern Times (1936),Comedy,3229.0,['Comedy'],0.0,0.0,0.0,0.0,0.0,0.0,0.0,0.0,0.0,0.0,0.0,0.0,0.0,0.0,0.0,1.0,0.0,0.0
3463.0,Last Resort (1994),Comedy,3230.0,['Comedy'],1.0,0.0,0.0,0.0,0.0,0.0,0.0,0.0,0.0,0.0,0.0,0.0,0.0,0.0,0.0,0.0,0.0,0.0
3464.0,Solar Crisis (1993),Sci-Fi|Thriller,3231.0,"['Sci-Fi', 'Thriller']",0.0,0.0,0.0,0.0,0.0,0.0,0.0,1.0,0.0,0.0,0.0,0.0,0.0,0.0,0.0,0.0,0.0,0.0
3465.0,That's Life! (1986),Drama,3232.0,['Drama'],0.0,0.0,0.0,0.0,0.0,0.0,0.0,1.0,0.0,0.0,0.0,0.0,0.0,0.0,0.0,0.0,0.0,0.0
3466.0,Heart and Souls (1993),Comedy|Fantasy,3233.0,"['Comedy', 'Fantasy']",1.0,0.0,0.0,0.0,0.0,0.0,0.0,0.0,0.0,0.0,0.0,0.0,0.0,1.0,1.0,0.0,0.0,0.0
3467.0,Hud (1963),Drama|Western,3234.0,"['Drama', 'Western']",1.0,0.0,0.0,0.0,0.0,0.0,0.0,0.0,0.0,0.0,0.0,0.0,0.0,0.0,0.0,0.0,0.0,0.0
3468.0,"Hustler, The (1961)",Drama,3235.0,['Drama'],0.0,0.0,0.0,0.0,1.0,0.0,0.0,1.0,0.0,0.0,0.0,0.0,0.0,0.0,0.0,0.0,0.0,0.0
3469.0,Inherit the Wind (1960),Drama,3236.0,['Drama'],0.0,0.0,0.0,0.0,0.0,0.0,0.0,1.0,0.0,0.0,0.0,0.0,0.0,0.0,0.0,0.0,0.0,0.0
3470.0,Dersu Uzala (1974),Adventure|Drama,3237.0,"['Adventure', 'Drama']",0.0,0.0,0.0,0.0,0.0,0.0,0.0,0.0,0.0,0.0,0.0,0.0,0.0,0.0,0.0,0.0,0.0,1.0
3471.0,Close Encounters of the Third Kind (1977),Drama|Sci-Fi,3238.0,"['Drama', 'Sci-Fi']",1.0,0.0,0.0,0.0,0.0,0.0,0.0,1.0,0.0,0.0,0.0,0.0,0.0,0.0,0.0,0.0,1.0,0.0
3472.0,Horror Hotel (a.k.a. The City of the Dead) (1960),Horror,3239.0,['Horror'],0.0,0.0,0.0,0.0,0.0,0.0,0.0,0.0,0.0,0.0,0.0,0.0,0.0,0.0,0.0,0.0,0.0,1.0
3473.0,Jonah Who Will Be 25 in the Year 2000 (1976),Comedy,3240.0,['Comedy'],0.0,0.0,0.0,0.0,0.0,0.0,0.0,1.0,0.0,0.0,0.0,0.0,0.0,0.0,0.0,0.0,0.0,0.0
3474.0,Retroactive (1997),Sci-Fi|Thriller,3241.0,"['Sci-Fi', 'Thriller']",0.0,0.0,0.0,0.0,1.0,0.0,0.0,0.0,0.0,0.0,0.0,0.0,0.0,0.0,0.0,0.0,0.0,0.0
3475.0,"Place in the Sun, A (1951)",Drama|Romance,3242.0,"['Drama', 'Romance']",0.0,0.0,0.0,0.0,0.0,0.0,0.0,1.0,0.0,0.0,0.0,0.0,0.0,0.0,0.0,0.0,0.0,0.0
3476.0,Jacob's Ladder (1990),Horror|Mystery|Thriller,3243.0,"['Horror', 'Mystery', 'Thriller']",0.0,0.0,0.0,0.0,0.0,0.0,0.0,0.0,0.0,0.0,1.0,0.0,0.0,0.0,1.0,0.0,0.0,0.0
3477.0,Empire Records (1995),Comedy|Drama,3244.0,"['Comedy', 'Drama']",0.0,0.0,0.0,0.0,0.0,0.0,0.0,1.0,0.0,0.0,0.0,0.0,0.0,0.0,0.0,0.0,0.0,0.0
3478.0,"Bamba, La (1987)",Drama,3245.0,['Drama'],0.0,0.0,0.0,0.0,0.0,0.0,0.0,0.0,0.0,0.0,1.0,0.0,0.0,0.0,0.0,0.0,0.0,0.0
3479.0,Ladyhawke (1985),Adventure|Fantasy|Romance,3246.0,"['Adventure', 'Fantasy', 'Romance']",0.0,0.0,0.0,0.0,0.0,0.0,0.0,0.0,0.0,0.0,1.0,0.0,0.0,0.0,0.0,0.0,0.0,0.0
3480.0,Lucas (1986),Drama,3247.0,['Drama'],0.0,0.0,0.0,0.0,0.0,0.0,1.0,0.0,0.0,0.0,0.0,0.0,0.0,0.0,0.0,0.0,0.0,0.0
3481.0,High Fidelity (2000),Comedy,3248.0,['Comedy'],1.0,0.0,0.0,0.0,0.0,0.0,0.0,1.0,0.0,0.0,0.0,0.0,0.0,0.0,0.0,0.0,1.0,0.0
3482.0,Price of Glory (2000),Drama,3249.0,['Drama'],0.0,0.0,0.0,0.0,0.0,0.0,0.0,1.0,0.0,0.0,0.0,0.0,0.0,0.0,0.0,0.0,0.0,0.0
3483.0,"Road to El Dorado, The (2000)",Animation|Children's,3250.0,"['Animation', ""Children's""]",0.0,0.0,0.0,0.0,0.0,1.0,0.0,0.0,0.0,0.0,0.0,0.0,0.0,0.0,0.0,0.0,0.0,0.0
3484.0,"Skulls, The (2000)",Thriller,3251.0,['Thriller'],0.0,0.0,0.0,0.0,0.0,0.0,0.0,1.0,0.0,0.0,0.0,0.0,0.0,0.0,0.0,0.0,0.0,0.0
3485.0,Autopsy (Macchie Solari) (1975),Horror,3252.0,['Horror'],0.0,0.0,0.0,0.0,0.0,0.0,0.0,0.0,0.0,0.0,0.0,0.0,0.0,0.0,1.0,0.0,0.0,0.0
3486.0,Devil Girl From Mars (1954),Sci-Fi,3253.0,['Sci-Fi'],0.0,0.0,0.0,0.0,0.0,0.0,0.0,0.0,0.0,0.0,0.0,0.0,0.0,0.0,1.0,1.0,0.0,0.0
3487.0,"Dorado, El (1967)",Western,3254.0,['Western'],0.0,0.0,0.0,0.0,0.0,0.0,0.0,0.0,0.0,0.0,1.0,0.0,0.0,0.0,1.0,1.0,0.0,0.0
3488.0,"Hideous Sun Demon, The (1959)",Horror|Sci-Fi,3255.0,"['Horror', 'Sci-Fi']",0.0,0.0,0.0,0.0,0.0,0.0,0.0,0.0,0.0,0.0,1.0,0.0,0.0,0.0,1.0,1.0,0.0,0.0
3489.0,Hook (1991),Adventure|Fantasy,3256.0,"['Adventure', 'Fantasy']",0.0,0.0,0.0,0.0,0.0,0.0,0.0,0.0,0.0,0.0,1.0,0.0,0.0,0.0,1.0,1.0,0.0,0.0
3490.0,Horror Express (1972),Horror,3257.0,['Horror'],0.0,0.0,0.0,0.0,0.0,0.0,0.0,0.0,0.0,0.0,1.0,0.0,0.0,0.0,1.0,1.0,0.0,0.0
3491.0,My Chauffeur (1986),Comedy,3258.0,['Comedy'],0.0,0.0,0.0,0.0,0.0,0.0,0.0,0.0,0.0,0.0,1.0,0.0,0.0,0.0,1.0,1.0,0.0,0.0
3492.0,"Son of the Sheik, The (1926)",Adventure,3259.0,['Adventure'],0.0,0.0,0.0,0.0,0.0,0.0,0.0,0.0,0.0,0.0,1.0,0.0,0.0,0.0,1.0,1.0,0.0,0.0
3493.0,Torso (Corpi Presentano Tracce di Violenza Carnale) (1973),Horror,3260.0,['Horror'],0.0,0.0,0.0,0.0,0.0,0.0,0.0,0.0,0.0,0.0,1.0,0.0,0.0,0.0,1.0,1.0,0.0,0.0
3494.0,True Grit (1969),Adventure|Western,3261.0,"['Adventure', 'Western']",1.0,0.0,0.0,0.0,1.0,0.0,0.0,0.0,0.0,0.0,0.0,0.0,0.0,0.0,0.0,0.0,0.0,0.0
3495.0,Roadside Prophets (1992),Comedy|Drama,3262.0,"['Comedy', 'Drama']",0.0,0.0,0.0,0.0,0.0,0.0,0.0,1.0,0.0,0.0,0.0,0.0,0.0,1.0,0.0,0.0,0.0,0.0
3496.0,Madame Sousatzka (1988),Drama,3263.0,['Drama'],0.0,0.0,0.0,0.0,1.0,0.0,0.0,0.0,0.0,0.0,0.0,0.0,0.0,0.0,0.0,0.0,0.0,0.0
3497.0,Max Dugan Returns (1983),Comedy,3264.0,['Comedy'],0.0,0.0,0.0,0.0,0.0,0.0,0.0,0.0,0.0,0.0,0.0,0.0,0.0,0.0,0.0,0.0,1.0,0.0
3498.0,Midnight Express (1978),Drama,3265.0,['Drama'],0.0,0.0,0.0,0.0,1.0,0.0,0.0,0.0,0.0,0.0,0.0,0.0,0.0,0.0,0.0,0.0,0.0,1.0
3499.0,Misery (1990),Horror,3266.0,['Horror'],0.0,1.0,0.0,1.0,0.0,0.0,0.0,0.0,0.0,0.0,0.0,0.0,0.0,0.0,0.0,0.0,0.0,0.0
3500.0,Mr. Saturday Night (1992),Comedy|Drama,3267.0,"['Comedy', 'Drama']",0.0,1.0,0.0,1.0,0.0,0.0,0.0,0.0,0.0,0.0,0.0,0.0,0.0,0.0,0.0,0.0,0.0,0.0
3501.0,Murphy's Romance (1985),Comedy|Romance,3268.0,"['Comedy', 'Romance']",0.0,1.0,0.0,1.0,0.0,0.0,0.0,0.0,0.0,0.0,0.0,0.0,0.0,0.0,0.0,0.0,0.0,0.0
3502.0,My Life (1993),Drama,3269.0,['Drama'],0.0,0.0,0.0,0.0,0.0,0.0,0.0,0.0,0.0,0.0,0.0,1.0,0.0,0.0,0.0,0.0,0.0,0.0
3503.0,Solaris (Solyaris) (1972),Drama|Sci-Fi,3270.0,"['Drama', 'Sci-Fi']",0.0,0.0,0.0,0.0,0.0,0.0,0.0,1.0,0.0,0.0,1.0,0.0,0.0,0.0,0.0,0.0,0.0,0.0
3504.0,Network (1976),Comedy|Drama,3271.0,"['Comedy', 'Drama']",0.0,0.0,0.0,0.0,0.0,0.0,1.0,0.0,0.0,0.0,0.0,0.0,0.0,0.0,0.0,0.0,0.0,0.0
3505.0,No Way Out (1987),Thriller,3272.0,['Thriller'],0.0,0.0,0.0,0.0,0.0,0.0,0.0,1.0,0.0,0.0,0.0,0.0,0.0,0.0,0.0,0.0,0.0,0.0
3506.0,North Dallas Forty (1979),Comedy|Drama,3273.0,"['Comedy', 'Drama']",0.0,0.0,0.0,0.0,0.0,0.0,1.0,0.0,0.0,0.0,0.0,0.0,0.0,0.0,0.0,0.0,0.0,0.0
3507.0,"Odd Couple, The (1968)",Comedy,3274.0,['Comedy'],0.0,0.0,0.0,0.0,0.0,0.0,1.0,0.0,0.0,0.0,0.0,0.0,0.0,0.0,0.0,0.0,0.0,0.0
3508.0,"Outlaw Josey Wales, The (1976)",Western,3275.0,['Western'],0.0,0.0,0.0,0.0,0.0,0.0,0.0,0.0,0.0,0.0,0.0,0.0,0.0,0.0,0.0,0.0,0.0,1.0
3509.0,Black and White (1999),Drama,3276.0,['Drama'],0.0,0.0,0.0,0.0,0.0,0.0,0.0,0.0,0.0,0.0,0.0,0.0,0.0,0.0,0.0,0.0,0.0,1.0
3510.0,Frequency (2000),Drama|Thriller,3277.0,"['Drama', 'Thriller']",0.0,0.0,0.0,0.0,0.0,0.0,0.0,1.0,0.0,1.0,0.0,0.0,0.0,0.0,0.0,0.0,0.0,0.0
3511.0,Ready to Rumble (2000),Comedy,3278.0,['Comedy'],0.0,0.0,0.0,0.0,0.0,0.0,0.0,1.0,0.0,0.0,0.0,0.0,0.0,1.0,0.0,0.0,0.0,0.0
3512.0,Return to Me (2000),Drama|Romance,3279.0,"['Drama', 'Romance']",0.0,0.0,0.0,0.0,1.0,0.0,0.0,1.0,0.0,0.0,0.0,0.0,0.0,1.0,0.0,0.0,0.0,0.0
3513.0,Rules of Engagement (2000),Drama|Thriller,3280.0,"['Drama', 'Thriller']",0.0,0.0,0.0,0.0,0.0,0.0,0.0,0.0,0.0,0.0,0.0,0.0,0.0,0.0,0.0,1.0,0.0,0.0
3514.0,Joe Gould's Secret (2000),Drama,3281.0,['Drama'],0.0,0.0,0.0,0.0,0.0,0.0,0.0,0.0,0.0,0.0,0.0,0.0,0.0,0.0,1.0,0.0,0.0,0.0
3515.0,Me Myself I (2000),Comedy,3282.0,['Comedy'],0.0,0.0,0.0,0.0,1.0,0.0,0.0,0.0,0.0,0.0,0.0,0.0,0.0,0.0,0.0,0.0,0.0,0.0
3516.0,"Bell, Book and Candle (1958)",Comedy|Romance,3283.0,"['Comedy', 'Romance']",0.0,0.0,0.0,0.0,1.0,0.0,0.0,0.0,0.0,0.0,0.0,0.0,0.0,0.0,0.0,0.0,0.0,0.0
3517.0,"Bells, The (1926)",Crime|Drama,3284.0,"['Crime', 'Drama']",0.0,0.0,0.0,0.0,1.0,0.0,0.0,0.0,0.0,0.0,0.0,0.0,0.0,0.0,0.0,0.0,0.0,0.0
3518.0,"End of Violence, The (1997)",Drama|Thriller,3285.0,"['Drama', 'Thriller']",0.0,0.0,0.0,0.0,1.0,0.0,0.0,0.0,0.0,0.0,0.0,0.0,0.0,0.0,0.0,0.0,0.0,0.0
3519.0,Force 10 from Navarone (1978),Action|War,3286.0,"['Action', 'War']",0.0,0.0,0.0,0.0,1.0,0.0,0.0,0.0,0.0,0.0,1.0,0.0,0.0,0.0,0.0,0.0,0.0,0.0
3520.0,How to Stuff a Wild Bikini (1965),Comedy,3287.0,['Comedy'],0.0,0.0,0.0,0.0,1.0,0.0,0.0,0.0,0.0,0.0,1.0,0.0,0.0,0.0,0.0,0.0,0.0,0.0
3521.0,Mystery Train (1989),Comedy|Crime|Drama,3288.0,"['Comedy', 'Crime', 'Drama']",0.0,0.0,0.0,0.0,1.0,0.0,0.0,0.0,0.0,0.0,1.0,0.0,0.0,0.0,0.0,0.0,0.0,0.0
3522.0,Sacco and Vanzetti (Sacco e Vanzetti) (1971),Drama,3289.0,['Drama'],0.0,0.0,0.0,0.0,1.0,0.0,0.0,0.0,0.0,0.0,1.0,0.0,0.0,0.0,0.0,0.0,0.0,0.0
3523.0,Taffin (1988),Action|Thriller,3290.0,"['Action', 'Thriller']",0.0,0.0,0.0,0.0,1.0,0.0,0.0,0.0,0.0,0.0,1.0,0.0,0.0,0.0,1.0,0.0,0.0,0.0
3524.0,Arthur (1981),Comedy|Romance,3291.0,"['Comedy', 'Romance']",1.0,0.0,0.0,0.0,0.0,0.0,0.0,0.0,0.0,0.0,0.0,0.0,0.0,0.0,1.0,1.0,0.0,0.0
3525.0,Bachelor Party (1984),Comedy,3292.0,['Comedy'],1.0,1.0,0.0,0.0,0.0,0.0,0.0,0.0,0.0,0.0,0.0,0.0,0.0,0.0,1.0,0.0,0.0,0.0
3526.0,Parenthood (1989),Comedy|Drama,3293.0,"['Comedy', 'Drama']",0.0,1.0,0.0,0.0,0.0,0.0,0.0,1.0,0.0,0.0,0.0,0.0,0.0,1.0,1.0,0.0,0.0,0.0
3527.0,Predator (1987),Action|Sci-Fi|Thriller,3294.0,"['Action', 'Sci-Fi', 'Thriller']",0.0,0.0,0.0,0.0,0.0,0.0,0.0,1.0,0.0,0.0,0.0,0.0,0.0,0.0,1.0,0.0,0.0,0.0
3528.0,"Prince of Tides, The (1991)",Drama|Romance,3295.0,"['Drama', 'Romance']",0.0,0.0,0.0,0.0,0.0,1.0,0.0,1.0,0.0,0.0,0.0,0.0,0.0,0.0,1.0,0.0,0.0,0.0
3529.0,"Postman Always Rings Twice, The (1981)",Crime|Thriller,3296.0,"['Crime', 'Thriller']",1.0,0.0,0.0,0.0,0.0,0.0,0.0,0.0,0.0,0.0,0.0,0.0,0.0,0.0,1.0,0.0,0.0,0.0
3530.0,Smoking/No Smoking (1993),Comedy,3297.0,['Comedy'],1.0,0.0,0.0,0.0,0.0,0.0,0.0,0.0,0.0,0.0,0.0,0.0,0.0,0.0,1.0,0.0,0.0,0.0
3531.0,All the Vermeers in New York (1990),Comedy|Drama|Romance,3298.0,"['Comedy', 'Drama', 'Romance']",1.0,0.0,0.0,0.0,0.0,0.0,0.0,0.0,0.0,0.0,0.0,0.0,0.0,0.0,1.0,0.0,0.0,0.0
3532.0,Freedom for Us (À nous la liberté ) (1931),Comedy,3299.0,['Comedy'],1.0,1.0,0.0,0.0,0.0,0.0,0.0,0.0,0.0,0.0,0.0,0.0,0.0,1.0,0.0,1.0,0.0,0.0
3533.0,"Actor's Revenge, An (Yukinojo Henge) (1963)",Drama,3300.0,['Drama'],0.0,0.0,0.0,0.0,0.0,0.0,0.0,0.0,0.0,1.0,0.0,0.0,1.0,0.0,0.0,1.0,0.0,0.0
3534.0,28 Days (2000),Comedy,3301.0,['Comedy'],0.0,0.0,0.0,0.0,0.0,0.0,0.0,1.0,0.0,0.0,0.0,0.0,0.0,0.0,0.0,0.0,0.0,0.0
3535.0,American Psycho (2000),Comedy|Horror|Thriller,3302.0,"['Comedy', 'Horror', 'Thriller']",0.0,0.0,0.0,0.0,0.0,0.0,0.0,0.0,0.0,0.0,1.0,0.0,0.0,0.0,0.0,1.0,0.0,0.0
3536.0,Keeping the Faith (2000),Comedy|Romance,3303.0,"['Comedy', 'Romance']",0.0,0.0,0.0,0.0,0.0,0.0,0.0,0.0,0.0,0.0,1.0,0.0,0.0,0.0,0.0,0.0,0.0,0.0
3537.0,Where the Money Is (2000),Comedy|Drama,3304.0,"['Comedy', 'Drama']",1.0,0.0,0.0,0.0,1.0,0.0,0.0,0.0,0.0,0.0,0.0,0.0,0.0,0.0,0.0,0.0,0.0,0.0
3538.0,East is East (1999),Comedy,3305.0,['Comedy'],0.0,0.0,0.0,0.0,0.0,0.0,0.0,1.0,0.0,0.0,0.0,0.0,0.0,0.0,0.0,0.0,0.0,0.0
3539.0,"Filth and the Fury, The (2000)",Documentary,3306.0,['Documentary'],0.0,0.0,0.0,0.0,1.0,0.0,0.0,0.0,0.0,0.0,0.0,0.0,0.0,0.0,0.0,0.0,0.0,0.0
3540.0,Passion of Mind (1999),Romance|Thriller,3307.0,"['Romance', 'Thriller']",0.0,0.0,0.0,0.0,0.0,0.0,0.0,1.0,0.0,0.0,0.0,0.0,0.0,0.0,0.0,0.0,0.0,0.0
3542.0,Coming Apart (1969),Drama,3308.0,['Drama'],0.0,0.0,0.0,0.0,1.0,0.0,0.0,0.0,0.0,0.0,0.0,0.0,0.0,0.0,0.0,0.0,0.0,0.0
3543.0,Diner (1982),Comedy|Drama,3309.0,"['Comedy', 'Drama']",1.0,0.0,0.0,0.0,0.0,1.0,0.0,0.0,0.0,0.0,0.0,0.0,0.0,0.0,0.0,0.0,0.0,0.0
3544.0,Shakes the Clown (1991),Comedy,3310.0,['Comedy'],1.0,0.0,0.0,0.0,0.0,1.0,0.0,0.0,0.0,0.0,0.0,0.0,0.0,0.0,0.0,0.0,0.0,0.0
3545.0,Cabaret (1972),Musical|War,3311.0,"['Musical', 'War']",0.0,0.0,0.0,0.0,0.0,0.0,1.0,0.0,0.0,0.0,0.0,0.0,0.0,0.0,0.0,0.0,0.0,0.0
3546.0,What Ever Happened to Baby Jane? (1962),Drama|Thriller,3312.0,"['Drama', 'Thriller']",0.0,0.0,0.0,0.0,1.0,0.0,0.0,0.0,0.0,0.0,0.0,0.0,0.0,1.0,0.0,0.0,0.0,0.0
3547.0,Prick Up Your Ears (1987),Drama,3313.0,['Drama'],0.0,0.0,0.0,0.0,0.0,0.0,0.0,1.0,0.0,0.0,0.0,0.0,0.0,0.0,0.0,0.0,0.0,0.0
3548.0,Auntie Mame (1958),Comedy|Drama,3314.0,"['Comedy', 'Drama']",0.0,0.0,0.0,0.0,1.0,0.0,0.0,0.0,0.0,0.0,0.0,0.0,0.0,0.0,0.0,0.0,0.0,0.0
3549.0,Guys and Dolls (1955),Musical,3315.0,['Musical'],0.0,0.0,0.0,0.0,1.0,0.0,0.0,0.0,0.0,0.0,0.0,0.0,0.0,0.0,0.0,0.0,0.0,0.0
3550.0,"Hunger, The (1983)",Horror,3316.0,['Horror'],0.0,0.0,0.0,0.0,0.0,0.0,0.0,1.0,0.0,0.0,0.0,0.0,0.0,0.0,0.0,0.0,0.0,0.0
3551.0,Marathon Man (1976),Thriller,3317.0,['Thriller'],0.0,0.0,0.0,0.0,0.0,0.0,0.0,1.0,0.0,0.0,0.0,0.0,0.0,0.0,0.0,0.0,1.0,0.0
3552.0,Caddyshack (1980),Comedy,3318.0,['Comedy'],0.0,0.0,1.0,0.0,0.0,0.0,0.0,0.0,0.0,0.0,0.0,1.0,0.0,0.0,0.0,0.0,0.0,0.0
3553.0,Gossip (2000),Drama|Thriller,3319.0,"['Drama', 'Thriller']",1.0,0.0,0.0,0.0,0.0,0.0,0.0,0.0,0.0,0.0,0.0,0.0,0.0,0.0,0.0,1.0,0.0,0.0
3554.0,Love and Basketball (2000),Drama|Romance,3320.0,"['Drama', 'Romance']",0.0,0.0,0.0,0.0,1.0,0.0,0.0,0.0,0.0,0.0,1.0,0.0,0.0,0.0,0.0,0.0,0.0,0.0
3555.0,U-571 (2000),Action|Thriller,3321.0,"['Action', 'Thriller']",0.0,0.0,0.0,0.0,0.0,0.0,0.0,0.0,0.0,0.0,0.0,0.0,0.0,0.0,0.0,1.0,0.0,0.0
3556.0,"Virgin Suicides, The (1999)",Comedy|Drama,3322.0,"['Comedy', 'Drama']",1.0,0.0,0.0,0.0,0.0,1.0,0.0,0.0,0.0,0.0,0.0,0.0,0.0,0.0,0.0,0.0,0.0,0.0
3557.0,Jennifer 8 (1992),Thriller,3323.0,['Thriller'],0.0,0.0,0.0,0.0,0.0,0.0,0.0,1.0,0.0,0.0,0.0,0.0,1.0,0.0,0.0,0.0,0.0,0.0
3559.0,Limelight (1952),Drama,3324.0,['Drama'],0.0,0.0,0.0,0.0,0.0,0.0,0.0,0.0,0.0,0.0,1.0,0.0,0.0,0.0,0.0,0.0,0.0,0.0
3562.0,Committed (2000),Comedy|Drama,3325.0,"['Comedy', 'Drama']",0.0,0.0,0.0,0.0,0.0,1.0,0.0,1.0,0.0,0.0,0.0,0.0,0.0,0.0,0.0,0.0,0.0,0.0
3563.0,"Crow: Salvation, The (2000)",Action|Horror,3326.0,"['Action', 'Horror']",0.0,0.0,0.0,0.0,0.0,0.0,0.0,1.0,0.0,0.0,0.0,0.0,0.0,0.0,0.0,0.0,0.0,0.0
3564.0,"Flintstones in Viva Rock Vegas, The (2000)",Children's|Comedy,3327.0,"[""Children's"", 'Comedy']",0.0,0.0,0.0,0.0,0.0,0.0,0.0,1.0,0.0,0.0,0.0,0.0,0.0,0.0,0.0,0.0,0.0,1.0
3565.0,Where the Heart Is (2000),Comedy|Drama,3328.0,"['Comedy', 'Drama']",0.0,0.0,0.0,0.0,0.0,0.0,0.0,1.0,0.0,0.0,0.0,0.0,0.0,0.0,0.0,0.0,0.0,0.0
3566.0,"Big Kahuna, The (2000)",Comedy|Drama,3329.0,"['Comedy', 'Drama']",0.0,0.0,0.0,0.0,1.0,0.0,0.0,0.0,0.0,0.0,0.0,0.0,0.0,1.0,0.0,0.0,0.0,0.0
3567.0,Bossa Nova (1999),Comedy,3330.0,['Comedy'],1.0,0.0,0.0,0.0,1.0,0.0,0.0,0.0,0.0,0.0,0.0,0.0,0.0,0.0,0.0,0.0,0.0,0.0
3568.0,Smiling Fish and Goat on Fire (1999),Drama,3331.0,['Drama'],0.0,0.0,0.0,0.0,0.0,1.0,0.0,1.0,0.0,0.0,0.0,0.0,0.0,0.0,0.0,0.0,0.0,0.0
3569.0,"Idiots, The (Idioterne) (1998)",Comedy|Drama,3332.0,"['Comedy', 'Drama']",0.0,0.0,0.0,0.0,0.0,0.0,0.0,1.0,0.0,0.0,0.0,0.0,0.0,0.0,0.0,0.0,1.0,0.0
3570.0,"Last September, The (1999)",Drama,3333.0,['Drama'],0.0,0.0,0.0,0.0,1.0,0.0,0.0,0.0,0.0,0.0,0.0,0.0,0.0,1.0,0.0,0.0,0.0,0.0
3571.0,Time Code (2000),Drama,3334.0,['Drama'],1.0,0.0,0.0,0.0,0.0,1.0,0.0,0.0,0.0,0.0,0.0,0.0,0.0,0.0,0.0,0.0,0.0,0.0
3572.0,Carnosaur (1993),Horror|Sci-Fi,3335.0,"['Horror', 'Sci-Fi']",0.0,1.0,1.0,0.0,0.0,0.0,0.0,0.0,0.0,0.0,0.0,0.0,0.0,0.0,1.0,0.0,0.0,0.0
3573.0,Carnosaur 2 (1995),Horror|Sci-Fi,3336.0,"['Horror', 'Sci-Fi']",0.0,0.0,0.0,0.0,0.0,0.0,0.0,1.0,0.0,0.0,0.0,0.0,0.0,0.0,0.0,0.0,1.0,0.0
3574.0,Carnosaur 3: Primal Species (1996),Horror|Sci-Fi,3337.0,"['Horror', 'Sci-Fi']",0.0,0.0,0.0,0.0,0.0,0.0,0.0,1.0,0.0,0.0,0.0,0.0,0.0,0.0,0.0,0.0,0.0,0.0
3575.0,Defying Gravity (1997),Drama,3338.0,['Drama'],0.0,0.0,0.0,0.0,1.0,0.0,0.0,0.0,0.0,0.0,0.0,0.0,0.0,1.0,0.0,0.0,0.0,0.0
3576.0,"Hidden, The (1987)",Action|Horror|Sci-Fi,3339.0,"['Action', 'Horror', 'Sci-Fi']",0.0,0.0,0.0,0.0,0.0,0.0,0.0,1.0,0.0,0.0,0.0,0.0,0.0,0.0,0.0,0.0,0.0,0.0
3577.0,Two Moon Juction (1988),Drama,3340.0,['Drama'],0.0,0.0,1.0,1.0,1.0,0.0,0.0,0.0,0.0,0.0,0.0,0.0,0.0,0.0,0.0,0.0,0.0,0.0
3578.0,Gladiator (2000),Action|Drama,3341.0,"['Action', 'Drama']",0.0,0.0,0.0,0.0,1.0,0.0,0.0,0.0,0.0,0.0,0.0,0.0,0.0,0.0,0.0,0.0,0.0,0.0
3579.0,I Dreamed of Africa (2000),Drama,3342.0,['Drama'],1.0,0.0,0.0,0.0,0.0,0.0,0.0,1.0,0.0,0.0,0.0,0.0,0.0,0.0,0.0,0.0,1.0,0.0
3580.0,Up at the Villa (2000),Drama,3343.0,['Drama'],0.0,0.0,1.0,1.0,1.0,0.0,0.0,0.0,0.0,0.0,0.0,0.0,0.0,0.0,0.0,0.0,0.0,0.0
3581.0,Human Traffic (1999),Drama,3344.0,['Drama'],1.0,1.0,0.0,0.0,0.0,0.0,0.0,0.0,0.0,0.0,0.0,0.0,0.0,0.0,0.0,1.0,0.0,0.0
3584.0,Breathless (1983),Action|Drama|Romance|Thriller,3345.0,"['Action', 'Drama', 'Romance', 'Thriller']",0.0,0.0,0.0,0.0,0.0,0.0,0.0,1.0,0.0,0.0,0.0,0.0,0.0,0.0,1.0,1.0,0.0,0.0
3585.0,"Great Locomotive Chase, The (1956)",Adventure|War,3346.0,"['Adventure', 'War']",0.0,0.0,1.0,1.0,0.0,0.0,0.0,0.0,0.0,0.0,0.0,1.0,0.0,0.0,0.0,0.0,0.0,0.0
3586.0,"Idolmaker, The (1980)",Drama,3347.0,['Drama'],0.0,0.0,0.0,0.0,1.0,0.0,0.0,0.0,0.0,0.0,0.0,0.0,0.0,0.0,0.0,0.0,0.0,0.0
3587.0,Inferno (1980),Horror,3348.0,['Horror'],0.0,0.0,0.0,0.0,0.0,1.0,0.0,1.0,0.0,0.0,0.0,0.0,0.0,0.0,0.0,0.0,0.0,0.0
3588.0,"King of Marvin Gardens, The (1972)",Crime|Drama,3349.0,"['Crime', 'Drama']",0.0,0.0,0.0,0.0,0.0,0.0,0.0,0.0,0.0,0.0,1.0,0.0,0.0,0.0,0.0,0.0,0.0,0.0
3590.0,"Lords of Flatbush, The (1974)",Comedy,3350.0,['Comedy'],1.0,0.0,0.0,0.0,0.0,1.0,0.0,0.0,0.0,0.0,0.0,0.0,0.0,0.0,0.0,1.0,0.0,0.0
3591.0,Mr. Mom (1983),Comedy|Drama,3351.0,"['Comedy', 'Drama']",0.0,0.0,0.0,0.0,0.0,0.0,0.0,1.0,0.0,0.0,0.0,0.0,0.0,1.0,0.0,0.0,0.0,0.0
3592.0,Time Masters (Les Maîtres du Temps) (1982),Animation|Sci-Fi,3352.0,"['Animation', 'Sci-Fi']",1.0,0.0,0.0,0.0,0.0,0.0,0.0,0.0,0.0,0.0,0.0,0.0,0.0,0.0,0.0,0.0,1.0,0.0
3593.0,Battlefield Earth (2000),Action|Sci-Fi,3353.0,"['Action', 'Sci-Fi']",1.0,0.0,0.0,0.0,0.0,0.0,0.0,0.0,0.0,0.0,0.0,0.0,0.0,0.0,0.0,0.0,1.0,0.0
3594.0,Center Stage (2000),Drama,3354.0,['Drama'],1.0,0.0,0.0,0.0,0.0,0.0,0.0,0.0,0.0,0.0,0.0,0.0,0.0,0.0,0.0,0.0,1.0,0.0
3595.0,Held Up (2000),Comedy,3355.0,['Comedy'],1.0,0.0,0.0,0.0,0.0,0.0,0.0,0.0,0.0,0.0,0.0,0.0,0.0,0.0,0.0,0.0,0.0,0.0
3596.0,Screwed (2000),Comedy,3356.0,['Comedy'],0.0,1.0,0.0,0.0,0.0,1.0,0.0,0.0,0.0,0.0,0.0,0.0,0.0,0.0,1.0,1.0,0.0,0.0
3597.0,Whipped (2000),Comedy,3357.0,['Comedy'],1.0,1.0,0.0,0.0,0.0,0.0,0.0,0.0,0.0,0.0,0.0,0.0,0.0,0.0,0.0,0.0,0.0,0.0
3598.0,Hamlet (2000),Drama,3358.0,['Drama'],0.0,0.0,0.0,0.0,0.0,0.0,0.0,0.0,0.0,0.0,1.0,0.0,0.0,0.0,0.0,0.0,0.0,0.0
3599.0,Anchors Aweigh (1945),Comedy|Musical,3359.0,"['Comedy', 'Musical']",0.0,0.0,0.0,0.0,1.0,0.0,0.0,0.0,0.0,0.0,0.0,0.0,0.0,0.0,0.0,0.0,0.0,0.0
3600.0,Blue Hawaii (1961),Comedy|Musical,3360.0,"['Comedy', 'Musical']",0.0,0.0,0.0,0.0,1.0,0.0,0.0,0.0,0.0,0.0,0.0,0.0,0.0,0.0,0.0,0.0,0.0,0.0
3601.0,"Castaway Cowboy, The (1974)",Comedy|Western,3361.0,"['Comedy', 'Western']",0.0,0.0,1.0,1.0,0.0,0.0,0.0,0.0,0.0,0.0,0.0,1.0,0.0,0.0,0.0,0.0,0.0,0.0
3602.0,G. I. Blues (1960),Musical,3362.0,['Musical'],0.0,0.0,1.0,1.0,0.0,0.0,0.0,0.0,0.0,0.0,0.0,1.0,0.0,0.0,0.0,0.0,0.0,0.0
3603.0,"Gay Deceivers, The (1969)",Comedy,3363.0,['Comedy'],0.0,0.0,0.0,0.0,1.0,0.0,0.0,0.0,0.0,0.0,1.0,0.0,0.0,0.0,0.0,0.0,0.0,0.0
3604.0,Gypsy (1962),Musical,3364.0,['Musical'],0.0,0.0,0.0,0.0,1.0,0.0,0.0,1.0,0.0,0.0,0.0,0.0,0.0,0.0,0.0,0.0,0.0,0.0
3605.0,King Creole (1958),Drama|Musical,3365.0,"['Drama', 'Musical']",0.0,0.0,0.0,0.0,0.0,0.0,0.0,0.0,0.0,0.0,0.0,0.0,0.0,0.0,1.0,0.0,0.0,0.0
3606.0,On the Town (1949),Musical,3366.0,['Musical'],0.0,0.0,0.0,0.0,0.0,0.0,0.0,0.0,0.0,0.0,0.0,0.0,0.0,0.0,1.0,0.0,0.0,0.0
3607.0,One Little Indian (1973),Comedy|Drama|Western,3367.0,"['Comedy', 'Drama', 'Western']",1.0,0.0,0.0,0.0,0.0,1.0,0.0,0.0,0.0,0.0,0.0,0.0,0.0,0.0,0.0,0.0,0.0,0.0
3608.0,Pee-wee's Big Adventure (1985),Comedy,3368.0,['Comedy'],1.0,0.0,0.0,0.0,0.0,1.0,0.0,0.0,0.0,0.0,0.0,0.0,0.0,0.0,0.0,0.0,0.0,0.0
3609.0,Regret to Inform (1998),Documentary,3369.0,['Documentary'],0.0,0.0,0.0,0.0,0.0,1.0,0.0,1.0,0.0,0.0,0.0,0.0,0.0,0.0,0.0,0.0,0.0,0.0
3610.0,Roustabout (1964),Musical,3370.0,['Musical'],0.0,0.0,0.0,0.0,1.0,0.0,0.0,0.0,0.0,0.0,0.0,0.0,0.0,0.0,0.0,0.0,0.0,0.0
3611.0,Saludos Amigos (1943),Animation|Children's|Comedy,3371.0,"['Animation', ""Children's"", 'Comedy']",0.0,0.0,0.0,0.0,1.0,0.0,0.0,0.0,0.0,0.0,1.0,0.0,0.0,0.0,0.0,0.0,0.0,0.0
3612.0,"Slipper and the Rose, The (1976)",Adventure|Musical|Romance,3372.0,"['Adventure', 'Musical', 'Romance']",0.0,0.0,0.0,0.0,1.0,0.0,0.0,0.0,0.0,0.0,0.0,0.0,0.0,0.0,0.0,0.0,0.0,0.0
3613.0,Things Change (1988),Comedy,3373.0,['Comedy'],0.0,0.0,0.0,0.0,1.0,0.0,0.0,0.0,0.0,0.0,0.0,0.0,0.0,0.0,0.0,0.0,0.0,0.0
3614.0,Honeymoon in Vegas (1992),Comedy|Romance,3374.0,"['Comedy', 'Romance']",0.0,0.0,0.0,0.0,0.0,0.0,0.0,1.0,0.0,0.0,0.0,0.0,1.0,0.0,0.0,0.0,0.0,0.0
3615.0,Dinosaur (2000),Animation|Children's,3375.0,"['Animation', ""Children's""]",0.0,0.0,0.0,0.0,0.0,0.0,0.0,1.0,0.0,0.0,0.0,0.0,0.0,0.0,0.0,0.0,0.0,0.0
3616.0,Loser (2000),Comedy|Romance,3376.0,"['Comedy', 'Romance']",0.0,0.0,0.0,0.0,0.0,0.0,0.0,1.0,0.0,0.0,0.0,0.0,0.0,0.0,0.0,0.0,0.0,0.0
3617.0,Road Trip (2000),Comedy,3377.0,['Comedy'],0.0,0.0,0.0,0.0,0.0,0.0,0.0,1.0,0.0,0.0,0.0,0.0,0.0,0.0,0.0,0.0,0.0,0.0
3618.0,Small Time Crooks (2000),Comedy,3378.0,['Comedy'],0.0,0.0,0.0,0.0,0.0,0.0,0.0,0.0,0.0,0.0,0.0,0.0,0.0,0.0,0.0,0.0,0.0,1.0
3619.0,"Hollywood Knights, The (1980)",Comedy,3379.0,['Comedy'],1.0,0.0,0.0,0.0,0.0,0.0,0.0,0.0,0.0,0.0,0.0,0.0,0.0,0.0,1.0,0.0,0.0,0.0
3620.0,"Myth of Fingerprints, The (1997)",Comedy|Drama,3380.0,"['Comedy', 'Drama']",0.0,0.0,0.0,0.0,1.0,0.0,0.0,1.0,0.0,0.0,0.0,0.0,0.0,0.0,0.0,0.0,0.0,0.0
3621.0,Possession (1981),Drama|Horror,3381.0,"['Drama', 'Horror']",0.0,0.0,0.0,0.0,0.0,0.0,0.0,1.0,0.0,0.0,0.0,0.0,0.0,0.0,0.0,0.0,0.0,0.0
3622.0,"Twelve Chairs, The (1970)",Comedy,3382.0,['Comedy'],0.0,0.0,0.0,0.0,0.0,0.0,0.0,0.0,0.0,0.0,0.0,0.0,0.0,1.0,0.0,1.0,0.0,0.0
3623.0,Mission: Impossible 2 (2000),Action|Thriller,3383.0,"['Action', 'Thriller']",0.0,0.0,0.0,0.0,0.0,0.0,0.0,0.0,0.0,0.0,0.0,0.0,0.0,0.0,0.0,1.0,0.0,0.0
3624.0,Shanghai Noon (2000),Action,3384.0,['Action'],0.0,0.0,0.0,0.0,0.0,0.0,0.0,0.0,0.0,0.0,0.0,0.0,0.0,0.0,0.0,1.0,0.0,0.0
3625.0,Better Living Through Circuitry (1999),Documentary,3385.0,['Documentary'],0.0,0.0,1.0,1.0,0.0,0.0,0.0,0.0,0.0,0.0,0.0,0.0,0.0,0.0,0.0,0.0,0.0,0.0
3626.0,8 1/2 Women (1999),Comedy,3386.0,['Comedy'],0.0,0.0,0.0,0.0,0.0,0.0,0.0,1.0,0.0,0.0,0.0,0.0,0.0,1.0,0.0,0.0,0.0,0.0
3627.0,Carnival of Souls (1962),Horror|Thriller,3387.0,"['Horror', 'Thriller']",0.0,0.0,0.0,0.0,0.0,0.0,0.0,1.0,0.0,0.0,0.0,0.0,1.0,0.0,0.0,0.0,0.0,0.0
3628.0,Flying Tigers (1942),Action|Drama|War,3388.0,"['Action', 'Drama', 'War']",1.0,0.0,0.0,0.0,0.0,0.0,0.0,0.0,0.0,0.0,0.0,0.0,0.0,0.0,1.0,0.0,0.0,0.0
3629.0,"Gold Rush, The (1925)",Comedy,3389.0,['Comedy'],0.0,0.0,0.0,0.0,0.0,0.0,0.0,1.0,0.0,0.0,0.0,0.0,0.0,0.0,0.0,0.0,0.0,0.0
3631.0,It's in the Water (1998),Comedy,3390.0,['Comedy'],1.0,1.0,0.0,0.0,0.0,0.0,0.0,1.0,0.0,0.0,0.0,0.0,0.0,0.0,0.0,0.0,0.0,0.0
3632.0,Monsieur Verdoux (1947),Comedy,3391.0,['Comedy'],0.0,0.0,0.0,0.0,0.0,0.0,0.0,0.0,0.0,0.0,0.0,0.0,0.0,0.0,0.0,0.0,0.0,1.0
3633.0,On Her Majesty's Secret Service (1969),Action,3392.0,['Action'],1.0,1.0,0.0,0.0,0.0,0.0,0.0,0.0,0.0,0.0,0.0,0.0,0.0,0.0,0.0,0.0,0.0,0.0
3634.0,Seven Days in May (1964),Thriller,3393.0,['Thriller'],0.0,0.0,0.0,0.0,0.0,0.0,0.0,1.0,0.0,0.0,0.0,0.0,0.0,0.0,0.0,0.0,1.0,0.0
3635.0,"Spy Who Loved Me, The (1977)",Action,3394.0,['Action'],0.0,0.0,0.0,0.0,1.0,0.0,0.0,0.0,0.0,0.0,0.0,0.0,0.0,0.0,0.0,0.0,0.0,0.0
3636.0,Those Who Love Me Can Take the Train (Ceux qui m'aiment prendront le train) (1998),Drama,3395.0,['Drama'],0.0,0.0,0.0,0.0,0.0,0.0,0.0,1.0,0.0,0.0,0.0,0.0,0.0,0.0,0.0,1.0,0.0,0.0
3637.0,Vagabond (Sans toit ni loi) (1985),Drama,3396.0,['Drama'],0.0,0.0,0.0,0.0,0.0,0.0,0.0,1.0,0.0,0.0,0.0,0.0,0.0,0.0,0.0,0.0,1.0,0.0
3638.0,Moonraker (1979),Action|Romance|Sci-Fi,3397.0,"['Action', 'Romance', 'Sci-Fi']",0.0,0.0,0.0,0.0,1.0,0.0,0.0,0.0,0.0,0.0,0.0,0.0,0.0,0.0,0.0,0.0,0.0,0.0
3639.0,"Man with the Golden Gun, The (1974)",Action,3398.0,['Action'],0.0,0.0,0.0,0.0,0.0,0.0,0.0,1.0,0.0,0.0,0.0,0.0,0.0,0.0,0.0,0.0,0.0,0.0
3640.0,"King in New York, A (1957)",Comedy|Drama,3399.0,"['Comedy', 'Drama']",0.0,0.0,0.0,0.0,1.0,0.0,0.0,0.0,0.0,0.0,0.0,0.0,0.0,0.0,0.0,0.0,0.0,0.0
3641.0,"Woman of Paris, A (1923)",Drama,3400.0,['Drama'],0.0,0.0,0.0,0.0,0.0,0.0,0.0,1.0,0.0,0.0,0.0,0.0,0.0,0.0,0.0,0.0,0.0,0.0
3642.0,In Old California (1942),Western,3401.0,['Western'],0.0,0.0,0.0,0.0,1.0,0.0,0.0,1.0,0.0,0.0,0.0,0.0,0.0,0.0,0.0,0.0,0.0,0.0
3643.0,"Fighting Seabees, The (1944)",Action|Drama|War,3402.0,"['Action', 'Drama', 'War']",0.0,0.0,0.0,0.0,1.0,0.0,0.0,0.0,0.0,0.0,0.0,1.0,0.0,0.0,0.0,0.0,0.0,0.0
3644.0,Dark Command (1940),Western,3403.0,['Western'],0.0,0.0,0.0,0.0,1.0,0.0,0.0,0.0,0.0,0.0,0.0,0.0,0.0,0.0,0.0,0.0,0.0,0.0
3645.0,Cleo From 5 to 7 (Cléo de 5 à 7) (1962),Drama,3404.0,['Drama'],0.0,0.0,0.0,1.0,0.0,0.0,0.0,0.0,0.0,0.0,0.0,0.0,0.0,0.0,0.0,0.0,0.0,0.0
3646.0,Big Momma's House (2000),Comedy,3405.0,['Comedy'],0.0,0.0,0.0,0.0,1.0,0.0,0.0,0.0,0.0,0.0,0.0,0.0,0.0,0.0,0.0,0.0,0.0,0.0
3647.0,Running Free (2000),Drama,3406.0,['Drama'],0.0,0.0,0.0,0.0,0.0,0.0,0.0,1.0,0.0,0.0,0.0,0.0,0.0,1.0,0.0,0.0,0.0,0.0
3648.0,"Abominable Snowman, The (1957)",Horror|Sci-Fi,3407.0,"['Horror', 'Sci-Fi']",0.0,0.0,0.0,0.0,0.0,0.0,0.0,1.0,0.0,0.0,0.0,0.0,0.0,0.0,0.0,0.0,0.0,0.0
3649.0,American Gigolo (1980),Drama,3408.0,['Drama'],0.0,0.0,0.0,0.0,0.0,0.0,0.0,1.0,0.0,0.0,0.0,0.0,0.0,1.0,0.0,0.0,0.0,0.0
3651.0,"Blood Spattered Bride, The (La Novia Ensangrentada) (1972)",Horror,3409.0,['Horror'],0.0,0.0,0.0,0.0,0.0,0.0,0.0,0.0,0.0,0.0,1.0,0.0,0.0,0.0,1.0,1.0,0.0,0.0
3652.0,City of the Living Dead (Paura nella città dei morti viventi) (1980),Horror,3410.0,['Horror'],1.0,0.0,0.0,0.0,0.0,0.0,0.0,0.0,0.0,0.0,0.0,0.0,0.0,0.0,1.0,0.0,0.0,0.0
3653.0,"Endless Summer, The (1966)",Documentary,3411.0,['Documentary'],0.0,0.0,0.0,0.0,1.0,0.0,0.0,0.0,0.0,0.0,0.0,0.0,0.0,0.0,0.0,0.0,0.0,0.0
3654.0,"Guns of Navarone, The (1961)",Action|Drama|War,3412.0,"['Action', 'Drama', 'War']",0.0,0.0,0.0,0.0,1.0,0.0,0.0,0.0,0.0,0.0,1.0,0.0,0.0,0.0,0.0,1.0,0.0,0.0
3655.0,Blow-Out (La Grande Bouffe) (1973),Drama,3413.0,['Drama'],0.0,0.0,0.0,0.0,1.0,0.0,0.0,0.0,0.0,0.0,0.0,0.0,0.0,0.0,0.0,0.0,0.0,0.0
3656.0,Lured (1947),Crime,3414.0,['Crime'],0.0,0.0,0.0,0.0,0.0,0.0,0.0,0.0,0.0,0.0,1.0,0.0,0.0,0.0,0.0,0.0,0.0,0.0
3657.0,Pandora and the Flying Dutchman (1951),Drama,3415.0,['Drama'],0.0,0.0,0.0,0.0,0.0,0.0,0.0,0.0,0.0,0.0,1.0,0.0,0.0,0.0,1.0,0.0,0.0,0.0
3658.0,Quatermass and the Pit (1967),Sci-Fi,3416.0,['Sci-Fi'],0.0,1.0,0.0,0.0,0.0,0.0,0.0,1.0,0.0,0.0,0.0,0.0,0.0,1.0,0.0,0.0,0.0,0.0
3659.0,Quatermass II (1957),Sci-Fi|Thriller,3417.0,"['Sci-Fi', 'Thriller']",0.0,0.0,0.0,0.0,0.0,0.0,0.0,0.0,0.0,0.0,0.0,0.0,0.0,0.0,0.0,1.0,0.0,0.0
3660.0,Puppet Master (1989),Horror|Sci-Fi|Thriller,3418.0,"['Horror', 'Sci-Fi', 'Thriller']",1.0,0.0,0.0,0.0,1.0,0.0,0.0,0.0,0.0,0.0,0.0,0.0,0.0,0.0,0.0,0.0,1.0,0.0
3661.0,Puppet Master II (1990),Horror|Sci-Fi|Thriller,3419.0,"['Horror', 'Sci-Fi', 'Thriller']",0.0,0.0,0.0,0.0,0.0,0.0,0.0,0.0,0.0,0.0,1.0,0.0,0.0,0.0,0.0,0.0,0.0,0.0
3662.0,Puppet Master III: Toulon's Revenge (1991),Horror|Sci-Fi|Thriller,3420.0,"['Horror', 'Sci-Fi', 'Thriller']",0.0,0.0,0.0,0.0,0.0,0.0,0.0,0.0,0.0,0.0,1.0,0.0,0.0,0.0,0.0,0.0,0.0,0.0
3663.0,Puppet Master 4 (1993),Horror|Sci-Fi|Thriller,3421.0,"['Horror', 'Sci-Fi', 'Thriller']",0.0,0.0,0.0,0.0,0.0,0.0,0.0,0.0,0.0,0.0,1.0,0.0,0.0,0.0,0.0,0.0,0.0,0.0
3664.0,Puppet Master 5: The Final Chapter (1994),Horror|Sci-Fi|Thriller,3422.0,"['Horror', 'Sci-Fi', 'Thriller']",0.0,0.0,0.0,0.0,0.0,0.0,0.0,0.0,0.0,0.0,1.0,0.0,0.0,0.0,0.0,0.0,0.0,0.0
3665.0,Curse of the Puppet Master (1998),Horror|Sci-Fi|Thriller,3423.0,"['Horror', 'Sci-Fi', 'Thriller']",1.0,0.0,0.0,0.0,1.0,0.0,0.0,0.0,0.0,0.0,0.0,0.0,0.0,0.0,0.0,0.0,0.0,0.0
3666.0,Retro Puppetmaster (1999),Horror|Sci-Fi|Thriller,3424.0,"['Horror', 'Sci-Fi', 'Thriller']",0.0,0.0,0.0,0.0,0.0,0.0,0.0,0.0,0.0,0.0,1.0,0.0,0.0,0.0,0.0,0.0,0.0,0.0
3667.0,Rent-A-Cop (1988),Action|Comedy,3425.0,"['Action', 'Comedy']",0.0,0.0,0.0,0.0,0.0,0.0,0.0,0.0,0.0,0.0,1.0,0.0,0.0,0.0,0.0,0.0,0.0,0.0
3668.0,Romeo and Juliet (1968),Drama|Romance,3426.0,"['Drama', 'Romance']",0.0,0.0,0.0,0.0,0.0,0.0,0.0,1.0,0.0,0.0,0.0,0.0,0.0,0.0,0.0,0.0,0.0,0.0
3669.0,Stay Tuned (1992),Comedy,3427.0,['Comedy'],0.0,0.0,0.0,0.0,0.0,0.0,0.0,1.0,0.0,0.0,0.0,0.0,0.0,0.0,0.0,0.0,0.0,0.0
3670.0,"Story of G.I. Joe, The (1945)",War,3428.0,['War'],0.0,0.0,0.0,0.0,1.0,0.0,0.0,0.0,0.0,0.0,0.0,0.0,0.0,0.0,0.0,0.0,0.0,0.0
3671.0,Blazing Saddles (1974),Comedy|Western,3429.0,"['Comedy', 'Western']",0.0,0.0,0.0,0.0,0.0,0.0,0.0,0.0,0.0,0.0,1.0,0.0,0.0,0.0,0.0,0.0,0.0,0.0
3672.0,Benji (1974),Adventure|Children's,3430.0,"['Adventure', ""Children's""]",0.0,0.0,0.0,0.0,0.0,0.0,0.0,1.0,0.0,0.0,0.0,0.0,0.0,0.0,0.0,1.0,0.0,0.0
3673.0,Benji the Hunted (1987),Adventure|Children's,3431.0,"['Adventure', ""Children's""]",0.0,0.0,0.0,0.0,0.0,0.0,0.0,0.0,0.0,0.0,0.0,0.0,0.0,0.0,0.0,1.0,0.0,0.0
3674.0,For the Love of Benji (1977),Adventure|Children's,3432.0,"['Adventure', ""Children's""]",0.0,0.0,0.0,0.0,0.0,1.0,0.0,0.0,0.0,0.0,0.0,0.0,0.0,0.0,0.0,1.0,0.0,0.0
3675.0,White Christmas (1954),Musical,3433.0,['Musical'],0.0,0.0,0.0,0.0,1.0,0.0,0.0,0.0,0.0,0.0,0.0,0.0,0.0,0.0,0.0,0.0,0.0,0.0
3676.0,Eraserhead (1977),Drama|Horror,3434.0,"['Drama', 'Horror']",0.0,0.0,0.0,0.0,1.0,0.0,0.0,0.0,0.0,0.0,0.0,0.0,0.0,0.0,0.0,0.0,0.0,0.0
3677.0,Baraka (1992),Documentary,3435.0,['Documentary'],0.0,0.0,0.0,0.0,0.0,0.0,0.0,1.0,0.0,0.0,0.0,0.0,0.0,0.0,0.0,0.0,0.0,0.0
3678.0,"Man with the Golden Arm, The (1955)",Drama,3436.0,['Drama'],0.0,0.0,0.0,0.0,0.0,0.0,0.0,1.0,0.0,0.0,0.0,0.0,0.0,1.0,0.0,0.0,0.0,0.0
3679.0,"Decline of Western Civilization, The (1981)",Documentary,3437.0,['Documentary'],0.0,0.0,0.0,0.0,0.0,0.0,0.0,1.0,0.0,0.0,0.0,0.0,0.0,1.0,0.0,0.0,0.0,0.0
3680.0,"Decline of Western Civilization Part II: The Metal Years, The (1988)",Documentary,3438.0,['Documentary'],0.0,0.0,0.0,0.0,0.0,0.0,0.0,0.0,0.0,0.0,0.0,0.0,0.0,0.0,0.0,1.0,0.0,0.0
3681.0,For a Few Dollars More (1965),Western,3439.0,['Western'],0.0,0.0,0.0,0.0,1.0,0.0,0.0,0.0,0.0,0.0,0.0,0.0,0.0,0.0,0.0,0.0,0.0,0.0
3682.0,Magnum Force (1973),Western,3440.0,['Western'],0.0,0.0,0.0,0.0,0.0,0.0,1.0,0.0,0.0,0.0,0.0,0.0,0.0,0.0,0.0,0.0,0.0,0.0
3683.0,Blood Simple (1984),Drama|Film-Noir,3441.0,"['Drama', 'Film-Noir']",0.0,0.0,0.0,0.0,0.0,1.0,0.0,0.0,0.0,0.0,0.0,0.0,0.0,0.0,0.0,0.0,0.0,0.0
3684.0,"Fabulous Baker Boys, The (1989)",Drama|Romance,3442.0,"['Drama', 'Romance']",0.0,0.0,0.0,0.0,1.0,0.0,0.0,0.0,0.0,0.0,0.0,0.0,0.0,0.0,0.0,0.0,0.0,0.0
3685.0,Prizzi's Honor (1985),Comedy|Drama|Romance,3443.0,"['Comedy', 'Drama', 'Romance']",0.0,0.0,0.0,0.0,1.0,0.0,0.0,0.0,0.0,0.0,0.0,0.0,0.0,0.0,0.0,0.0,0.0,0.0
3686.0,Flatliners (1990),Thriller,3444.0,['Thriller'],0.0,0.0,0.0,0.0,0.0,0.0,0.0,0.0,0.0,0.0,0.0,0.0,0.0,0.0,1.0,1.0,0.0,0.0
3687.0,Light Years (1988),Sci-Fi,3445.0,['Sci-Fi'],1.0,1.0,0.0,0.0,0.0,0.0,0.0,0.0,0.0,0.0,0.0,0.0,0.0,0.0,1.0,0.0,0.0,0.0
3688.0,Porky's (1981),Comedy,3446.0,['Comedy'],0.0,0.0,0.0,0.0,1.0,0.0,1.0,0.0,0.0,0.0,0.0,0.0,0.0,0.0,0.0,0.0,0.0,0.0
3689.0,Porky's II: The Next Day (1983),Comedy,3447.0,['Comedy'],0.0,0.0,0.0,0.0,1.0,0.0,0.0,0.0,0.0,0.0,0.0,0.0,0.0,0.0,0.0,0.0,0.0,0.0
3690.0,Porky's Revenge (1985),Comedy,3448.0,['Comedy'],0.0,0.0,0.0,0.0,0.0,0.0,0.0,1.0,0.0,0.0,0.0,0.0,0.0,0.0,0.0,0.0,0.0,0.0
3691.0,Private School (1983),Comedy,3449.0,['Comedy'],0.0,0.0,0.0,0.0,1.0,0.0,0.0,0.0,0.0,0.0,0.0,0.0,0.0,0.0,0.0,0.0,0.0,0.0
3692.0,Class of Nuke 'Em High (1986),Comedy|Horror,3450.0,"['Comedy', 'Horror']",0.0,0.0,0.0,0.0,1.0,0.0,0.0,0.0,0.0,0.0,0.0,0.0,0.0,0.0,0.0,0.0,0.0,0.0
3693.0,"Toxic Avenger, The (1985)",Comedy|Horror,3451.0,"['Comedy', 'Horror']",0.0,0.0,0.0,0.0,0.0,0.0,0.0,1.0,0.0,0.0,0.0,0.0,0.0,0.0,0.0,0.0,0.0,0.0
3694.0,"Toxic Avenger, Part II, The (1989)",Comedy|Horror,3452.0,"['Comedy', 'Horror']",0.0,0.0,0.0,0.0,0.0,0.0,0.0,1.0,0.0,0.0,0.0,0.0,0.0,0.0,0.0,0.0,0.0,1.0
3695.0,"Toxic Avenger Part III: The Last Temptation of Toxie, The (1989)",Comedy|Horror,3453.0,"['Comedy', 'Horror']",0.0,0.0,0.0,0.0,0.0,0.0,0.0,1.0,0.0,0.0,0.0,0.0,0.0,0.0,0.0,0.0,0.0,0.0
3696.0,Night of the Creeps (1986),Comedy|Horror|Sci-Fi,3454.0,"['Comedy', 'Horror', 'Sci-Fi']",0.0,0.0,0.0,0.0,1.0,0.0,0.0,0.0,0.0,0.0,0.0,0.0,0.0,0.0,0.0,0.0,0.0,1.0
3697.0,Predator 2 (1990),Action|Sci-Fi|Thriller,3455.0,"['Action', 'Sci-Fi', 'Thriller']",0.0,0.0,0.0,0.0,1.0,0.0,0.0,0.0,0.0,0.0,0.0,0.0,0.0,1.0,0.0,0.0,0.0,0.0
3698.0,"Running Man, The (1987)",Action|Adventure|Sci-Fi,3456.0,"['Action', 'Adventure', 'Sci-Fi']",0.0,0.0,0.0,0.0,0.0,0.0,0.0,0.0,0.0,0.0,1.0,0.0,0.0,0.0,0.0,0.0,0.0,0.0
3699.0,Starman (1984),Adventure|Drama|Romance|Sci-Fi,3457.0,"['Adventure', 'Drama', 'Romance', 'Sci-Fi']",0.0,0.0,0.0,0.0,0.0,0.0,0.0,1.0,0.0,0.0,0.0,0.0,0.0,0.0,0.0,0.0,0.0,0.0
3700.0,"Brother from Another Planet, The (1984)",Drama|Sci-Fi,3458.0,"['Drama', 'Sci-Fi']",1.0,1.0,0.0,0.0,0.0,0.0,0.0,0.0,1.0,0.0,0.0,0.0,0.0,0.0,0.0,0.0,0.0,0.0
3701.0,Alien Nation (1988),Crime|Drama|Sci-Fi,3459.0,"['Crime', 'Drama', 'Sci-Fi']",0.0,0.0,0.0,0.0,0.0,0.0,0.0,0.0,0.0,0.0,0.0,0.0,0.0,0.0,1.0,0.0,0.0,0.0
3702.0,Mad Max (1979),Action|Sci-Fi,3460.0,"['Action', 'Sci-Fi']",1.0,0.0,0.0,0.0,0.0,0.0,0.0,0.0,0.0,0.0,0.0,0.0,0.0,0.0,0.0,0.0,0.0,0.0
3703.0,Mad Max 2 (a.k.a. The Road Warrior) (1981),Action|Sci-Fi,3461.0,"['Action', 'Sci-Fi']",0.0,0.0,0.0,0.0,0.0,0.0,1.0,0.0,0.0,0.0,0.0,0.0,0.0,0.0,0.0,0.0,0.0,0.0
3704.0,Mad Max Beyond Thunderdome (1985),Action|Sci-Fi,3462.0,"['Action', 'Sci-Fi']",0.0,0.0,0.0,0.0,0.0,0.0,1.0,0.0,0.0,0.0,0.0,0.0,0.0,0.0,0.0,0.0,0.0,0.0
3705.0,Bird on a Wire (1990),Action|Adventure|Romance|Thriller,3463.0,"['Action', 'Adventure', 'Romance', 'Thriller']",0.0,0.0,0.0,0.0,1.0,0.0,0.0,0.0,0.0,0.0,0.0,0.0,0.0,0.0,0.0,0.0,0.0,0.0
3706.0,Angel Heart (1987),Film-Noir|Mystery|Thriller,3464.0,"['Film-Noir', 'Mystery', 'Thriller']",0.0,0.0,0.0,0.0,1.0,0.0,0.0,1.0,0.0,0.0,0.0,0.0,0.0,0.0,0.0,0.0,0.0,0.0
3707.0,Nine 1/2 Weeks (1986),Drama,3465.0,['Drama'],0.0,0.0,0.0,0.0,1.0,0.0,0.0,0.0,0.0,0.0,0.0,0.0,0.0,0.0,0.0,0.0,0.0,0.0
3708.0,Firestarter (1984),Horror|Thriller,3466.0,"['Horror', 'Thriller']",0.0,0.0,0.0,0.0,1.0,0.0,0.0,0.0,0.0,0.0,0.0,0.0,0.0,1.0,0.0,0.0,0.0,0.0
3709.0,Sleepwalkers (1992),Horror,3467.0,['Horror'],0.0,0.0,0.0,0.0,0.0,0.0,0.0,1.0,0.0,0.0,0.0,0.0,0.0,0.0,0.0,0.0,0.0,0.0
3710.0,Action Jackson (1988),Action|Comedy,3468.0,"['Action', 'Comedy']",0.0,0.0,0.0,0.0,0.0,0.0,0.0,1.0,0.0,0.0,0.0,0.0,0.0,0.0,0.0,0.0,0.0,0.0
3711.0,Sarafina! (1992),Drama,3469.0,['Drama'],0.0,0.0,0.0,0.0,0.0,0.0,0.0,1.0,0.0,0.0,0.0,0.0,0.0,1.0,0.0,0.0,0.0,0.0
3712.0,Soapdish (1991),Comedy,3470.0,['Comedy'],1.0,1.0,0.0,0.0,0.0,0.0,0.0,0.0,1.0,0.0,0.0,0.0,0.0,0.0,0.0,0.0,0.0,0.0
3713.0,"Long Walk Home, The (1990)",Drama,3471.0,['Drama'],0.0,0.0,0.0,0.0,0.0,0.0,1.0,0.0,0.0,0.0,0.0,0.0,0.0,0.0,0.0,0.0,0.0,0.0
3714.0,Clara's Heart (1988),Drama,3472.0,['Drama'],0.0,0.0,0.0,0.0,0.0,1.0,0.0,1.0,0.0,0.0,0.0,0.0,0.0,0.0,0.0,0.0,0.0,0.0
3715.0,Burglar (1987),Comedy,3473.0,['Comedy'],0.0,0.0,0.0,0.0,0.0,0.0,0.0,0.0,0.0,0.0,1.0,0.0,0.0,0.0,0.0,0.0,0.0,0.0
3716.0,Fatal Beauty (1987),Action|Crime,3474.0,"['Action', 'Crime']",0.0,0.0,0.0,0.0,1.0,0.0,0.0,0.0,0.0,0.0,0.0,0.0,0.0,0.0,0.0,1.0,0.0,0.0
3717.0,Gone in 60 Seconds (2000),Action|Crime,3475.0,"['Action', 'Crime']",0.0,0.0,0.0,0.0,0.0,0.0,0.0,1.0,0.0,0.0,0.0,0.0,0.0,0.0,0.0,0.0,0.0,0.0
3718.0,American Pimp (1999),Documentary,3476.0,['Documentary'],0.0,0.0,0.0,0.0,0.0,1.0,0.0,0.0,0.0,0.0,0.0,0.0,0.0,0.0,0.0,1.0,0.0,0.0
3719.0,Love's Labour's Lost (2000),Comedy|Romance,3477.0,"['Comedy', 'Romance']",0.0,0.0,0.0,0.0,0.0,1.0,0.0,0.0,0.0,0.0,0.0,0.0,0.0,0.0,0.0,1.0,0.0,0.0
3720.0,Sunshine (1999),Drama,3478.0,['Drama'],0.0,0.0,0.0,0.0,1.0,0.0,0.0,1.0,0.0,0.0,0.0,0.0,0.0,0.0,0.0,0.0,0.0,0.0
3721.0,Trixie (1999),Comedy,3479.0,['Comedy'],1.0,0.0,0.0,0.0,1.0,0.0,0.0,0.0,0.0,0.0,0.0,0.0,0.0,0.0,0.0,0.0,0.0,0.0
3722.0,Live Virgin (1999),Comedy,3480.0,['Comedy'],0.0,0.0,0.0,0.0,1.0,0.0,0.0,0.0,0.0,0.0,0.0,0.0,0.0,0.0,0.0,0.0,0.0,0.0
3723.0,Hamlet (1990),Drama,3481.0,['Drama'],0.0,0.0,0.0,0.0,1.0,0.0,0.0,1.0,0.0,0.0,0.0,0.0,0.0,0.0,0.0,0.0,0.0,0.0
3724.0,Coming Home (1978),Drama|War,3482.0,"['Drama', 'War']",0.0,0.0,0.0,0.0,1.0,0.0,0.0,1.0,0.0,0.0,0.0,0.0,0.0,0.0,0.0,0.0,0.0,0.0
3725.0,American Pop (1981),Animation|Musical,3483.0,"['Animation', 'Musical']",0.0,0.0,0.0,0.0,0.0,0.0,0.0,1.0,0.0,0.0,0.0,0.0,0.0,0.0,0.0,0.0,0.0,0.0
3726.0,Assault on Precinct 13 (1976),Action|Thriller,3484.0,"['Action', 'Thriller']",0.0,0.0,0.0,0.0,0.0,0.0,0.0,1.0,0.0,0.0,0.0,0.0,0.0,0.0,0.0,0.0,0.0,0.0
3727.0,Near Dark (1987),Comedy|Horror,3485.0,"['Comedy', 'Horror']",0.0,0.0,0.0,0.0,0.0,0.0,0.0,1.0,0.0,0.0,0.0,0.0,0.0,0.0,0.0,0.0,0.0,0.0
3728.0,One False Move (1991),Thriller,3486.0,['Thriller'],0.0,0.0,0.0,0.0,1.0,0.0,0.0,0.0,0.0,0.0,0.0,0.0,0.0,0.0,0.0,0.0,0.0,0.0
3729.0,Shaft (1971),Action|Crime,3487.0,"['Action', 'Crime']",0.0,0.0,0.0,0.0,0.0,1.0,0.0,0.0,0.0,0.0,0.0,0.0,0.0,0.0,0.0,0.0,0.0,0.0
3730.0,"Conversation, The (1974)",Drama|Mystery,3488.0,"['Drama', 'Mystery']",0.0,0.0,0.0,0.0,0.0,0.0,0.0,0.0,0.0,0.0,1.0,0.0,0.0,0.0,0.0,0.0,0.0,0.0
3731.0,Cutter's Way (1981),Drama|Thriller,3489.0,"['Drama', 'Thriller']",0.0,0.0,0.0,0.0,1.0,0.0,0.0,0.0,0.0,0.0,0.0,0.0,0.0,1.0,0.0,0.0,0.0,0.0
3732.0,"Fury, The (1978)",Horror,3490.0,['Horror'],0.0,0.0,0.0,0.0,0.0,0.0,0.0,1.0,0.0,0.0,0.0,1.0,0.0,0.0,0.0,0.0,0.0,0.0
3733.0,"Paper Chase, The (1973)",Drama,3491.0,['Drama'],0.0,0.0,0.0,0.0,1.0,0.0,0.0,0.0,0.0,0.0,0.0,0.0,0.0,0.0,0.0,0.0,0.0,0.0
3734.0,Prince of the City (1981),Drama,3492.0,['Drama'],0.0,0.0,0.0,0.0,1.0,0.0,0.0,1.0,0.0,0.0,0.0,0.0,0.0,0.0,0.0,0.0,0.0,0.0
3735.0,Serpico (1973),Crime|Drama,3493.0,"['Crime', 'Drama']",0.0,0.0,0.0,0.0,0.0,0.0,1.0,0.0,0.0,0.0,0.0,0.0,0.0,0.0,0.0,0.0,0.0,0.0
3736.0,"Big Carnival, The (1951)",Drama,3494.0,['Drama'],0.0,0.0,0.0,0.0,0.0,0.0,0.0,1.0,0.0,0.0,0.0,0.0,0.0,0.0,0.0,0.0,0.0,0.0
3737.0,Lonely Are the Brave (1962),Drama|Western,3495.0,"['Drama', 'Western']",0.0,0.0,0.0,0.0,0.0,0.0,0.0,1.0,0.0,0.0,0.0,0.0,0.0,0.0,0.0,0.0,0.0,0.0
3738.0,"Sugarland Express, The (1974)",Drama,3496.0,['Drama'],0.0,0.0,0.0,0.0,0.0,0.0,0.0,1.0,0.0,0.0,0.0,0.0,0.0,0.0,0.0,0.0,0.0,0.0
3739.0,Trouble in Paradise (1932),Comedy|Romance,3497.0,"['Comedy', 'Romance']",0.0,0.0,0.0,0.0,0.0,0.0,0.0,0.0,0.0,0.0,1.0,0.0,0.0,0.0,0.0,0.0,0.0,0.0
3740.0,Big Trouble in Little China (1986),Action|Comedy,3498.0,"['Action', 'Comedy']",0.0,0.0,0.0,0.0,0.0,0.0,0.0,0.0,0.0,0.0,1.0,0.0,0.0,0.0,0.0,0.0,0.0,0.0
3741.0,Badlands (1973),Crime|Drama,3499.0,"['Crime', 'Drama']",0.0,0.0,0.0,0.0,0.0,0.0,0.0,0.0,0.0,0.0,1.0,0.0,0.0,0.0,0.0,0.0,0.0,0.0
3742.0,"Battleship Potemkin, The (Bronenosets Potyomkin) (1925)",Drama|War,3500.0,"['Drama', 'War']",0.0,0.0,0.0,0.0,0.0,0.0,0.0,1.0,1.0,0.0,0.0,0.0,0.0,0.0,0.0,0.0,0.0,0.0
3743.0,Boys and Girls (2000),Comedy|Romance,3501.0,"['Comedy', 'Romance']",0.0,0.0,0.0,0.0,1.0,0.0,0.0,0.0,0.0,0.0,0.0,0.0,0.0,0.0,0.0,0.0,0.0,0.0
3744.0,Shaft (2000),Action|Crime,3502.0,"['Action', 'Crime']",0.0,0.0,0.0,0.0,1.0,0.0,0.0,0.0,0.0,0.0,0.0,0.0,0.0,0.0,0.0,0.0,0.0,0.0
3745.0,Titan A.E. (2000),Adventure|Animation|Sci-Fi,3503.0,"['Adventure', 'Animation', 'Sci-Fi']",0.0,0.0,0.0,0.0,0.0,0.0,0.0,0.0,0.0,0.0,1.0,0.0,0.0,0.0,1.0,0.0,0.0,0.0
3746.0,Butterfly (La Lengua de las Mariposas) (2000),Drama|War,3504.0,"['Drama', 'War']",0.0,0.0,0.0,0.0,1.0,0.0,0.0,0.0,0.0,0.0,0.0,0.0,0.0,0.0,0.0,0.0,0.0,0.0
3747.0,Jesus' Son (1999),Drama,3505.0,['Drama'],0.0,0.0,0.0,0.0,1.0,0.0,0.0,0.0,0.0,0.0,0.0,0.0,0.0,0.0,0.0,0.0,0.0,0.0
3748.0,"Match, The (1999)",Comedy|Romance,3506.0,"['Comedy', 'Romance']",0.0,1.0,0.0,0.0,0.0,0.0,0.0,0.0,0.0,0.0,0.0,0.0,0.0,0.0,1.0,0.0,0.0,0.0
3749.0,Time Regained (Le Temps Retrouvé) (1999),Drama,3507.0,['Drama'],0.0,1.0,0.0,0.0,0.0,0.0,0.0,0.0,0.0,0.0,0.0,0.0,0.0,0.0,1.0,0.0,0.0,0.0
3751.0,Chicken Run (2000),Animation|Children's|Comedy,3508.0,"['Animation', ""Children's"", 'Comedy']",0.0,0.0,0.0,0.0,1.0,0.0,0.0,0.0,0.0,0.0,0.0,0.0,0.0,0.0,0.0,0.0,0.0,0.0
3752.0,"Me, Myself and Irene (2000)",Comedy,3509.0,['Comedy'],0.0,0.0,0.0,0.0,0.0,0.0,0.0,0.0,0.0,0.0,1.0,0.0,0.0,0.0,0.0,0.0,0.0,0.0
3753.0,"Patriot, The (2000)",Action|Drama|War,3510.0,"['Action', 'Drama', 'War']",0.0,0.0,0.0,0.0,0.0,0.0,0.0,0.0,0.0,0.0,1.0,0.0,0.0,0.0,1.0,0.0,0.0,0.0
3754.0,"Adventures of Rocky and Bullwinkle, The (2000)",Animation|Children's|Comedy,3511.0,"['Animation', ""Children's"", 'Comedy']",0.0,0.0,0.0,0.0,0.0,0.0,0.0,0.0,0.0,0.0,1.0,0.0,0.0,0.0,1.0,0.0,0.0,0.0
3755.0,"Perfect Storm, The (2000)",Action|Adventure|Thriller,3512.0,"['Action', 'Adventure', 'Thriller']",0.0,0.0,0.0,0.0,0.0,0.0,0.0,0.0,0.0,0.0,1.0,0.0,0.0,0.0,1.0,0.0,0.0,0.0
3756.0,"Golden Bowl, The (2000)",Drama,3513.0,['Drama'],0.0,0.0,0.0,0.0,0.0,0.0,0.0,0.0,0.0,0.0,0.0,0.0,0.0,0.0,1.0,0.0,0.0,0.0
3757.0,Asylum (1972),Horror,3514.0,['Horror'],0.0,0.0,0.0,0.0,0.0,0.0,0.0,0.0,0.0,0.0,1.0,0.0,0.0,0.0,0.0,0.0,0.0,0.0
3758.0,Communion (1989),Drama|Sci-Fi|Thriller,3515.0,"['Drama', 'Sci-Fi', 'Thriller']",0.0,0.0,0.0,0.0,0.0,0.0,0.0,1.0,0.0,0.0,0.0,0.0,0.0,0.0,0.0,1.0,0.0,0.0
3759.0,Fun and Fancy Free (1947),Animation|Children's|Musical,3516.0,"['Animation', ""Children's"", 'Musical']",0.0,0.0,0.0,0.0,0.0,0.0,0.0,0.0,0.0,0.0,0.0,0.0,0.0,0.0,1.0,1.0,0.0,0.0
3760.0,"Kentucky Fried Movie, The (1977)",Comedy,3517.0,['Comedy'],0.0,0.0,0.0,0.0,0.0,0.0,0.0,0.0,0.0,0.0,1.0,0.0,0.0,0.0,0.0,0.0,0.0,0.0
3761.0,"Blood In, Blood Out (a.k.a. Bound by Honor) (1993)",Crime|Drama,3518.0,"['Crime', 'Drama']",0.0,0.0,0.0,0.0,0.0,0.0,0.0,0.0,0.0,0.0,1.0,0.0,0.0,0.0,0.0,0.0,0.0,0.0
3762.0,Daughter of Dr. Jeckyll (1957),Horror,3519.0,['Horror'],0.0,0.0,0.0,0.0,0.0,0.0,0.0,0.0,0.0,0.0,1.0,0.0,0.0,0.0,0.0,0.0,0.0,0.0
3763.0,F/X (1986),Action|Crime|Thriller,3520.0,"['Action', 'Crime', 'Thriller']",0.0,0.0,0.0,0.0,0.0,0.0,0.0,0.0,0.0,0.0,1.0,0.0,0.0,0.0,0.0,0.0,0.0,0.0
3764.0,F/X 2 (1992),Action|Crime|Thriller,3521.0,"['Action', 'Crime', 'Thriller']",0.0,0.0,0.0,0.0,0.0,0.0,0.0,0.0,0.0,0.0,1.0,0.0,0.0,0.0,0.0,0.0,0.0,0.0
3765.0,"Hot Spot, The (1990)",Drama|Romance,3522.0,"['Drama', 'Romance']",0.0,0.0,0.0,0.0,1.0,0.0,0.0,0.0,0.0,0.0,0.0,0.0,0.0,0.0,0.0,0.0,0.0,0.0
3766.0,Missing in Action (1984),Action|War,3523.0,"['Action', 'War']",0.0,0.0,0.0,0.0,1.0,0.0,0.0,1.0,0.0,0.0,0.0,0.0,0.0,0.0,0.0,0.0,0.0,0.0
3767.0,Missing in Action 2: The Beginning (1985),Action|War,3524.0,"['Action', 'War']",0.0,1.0,1.0,1.0,0.0,0.0,0.0,0.0,0.0,0.0,0.0,0.0,0.0,0.0,0.0,0.0,0.0,0.0
3768.0,Braddock: Missing in Action III (1988),Action|War,3525.0,"['Action', 'War']",1.0,0.0,0.0,0.0,0.0,0.0,0.0,1.0,0.0,0.0,0.0,0.0,0.0,0.0,0.0,1.0,0.0,0.0
3769.0,Thunderbolt and Lightfoot (1974),Action,3526.0,['Action'],0.0,0.0,0.0,0.0,0.0,0.0,0.0,0.0,0.0,0.0,0.0,0.0,0.0,0.0,0.0,1.0,0.0,0.0
3770.0,Dreamscape (1984),Adventure|Crime|Sci-Fi|Thriller,3527.0,"['Adventure', 'Crime', 'Sci-Fi', 'Thriller']",0.0,0.0,0.0,0.0,1.0,0.0,0.0,0.0,0.0,0.0,0.0,0.0,0.0,0.0,0.0,0.0,0.0,0.0
3771.0,"Golden Voyage of Sinbad, The (1974)",Action|Adventure,3528.0,"['Action', 'Adventure']",0.0,0.0,0.0,0.0,0.0,0.0,0.0,1.0,0.0,0.0,0.0,0.0,0.0,0.0,0.0,0.0,0.0,0.0
3772.0,Hatchet For the Honeymoon (Rosso Segno Della Follia) (1969),Horror,3529.0,['Horror'],0.0,0.0,0.0,0.0,0.0,0.0,0.0,1.0,0.0,0.0,0.0,0.0,0.0,0.0,0.0,0.0,0.0,0.0
3773.0,House Party (1990),Comedy,3530.0,['Comedy'],0.0,0.0,0.0,0.0,0.0,0.0,0.0,1.0,0.0,0.0,0.0,0.0,0.0,0.0,0.0,0.0,0.0,0.0
3774.0,House Party 2 (1991),Comedy,3531.0,['Comedy'],0.0,0.0,0.0,0.0,0.0,0.0,0.0,1.0,0.0,0.0,0.0,0.0,0.0,0.0,0.0,1.0,0.0,0.0
3775.0,Make Mine Music (1946),Animation|Children's|Musical,3532.0,"['Animation', ""Children's"", 'Musical']",,,,,,,,,,,,,,,,,,
3776.0,Melody Time (1948),Animation|Children's|Musical,3533.0,"['Animation', ""Children's"", 'Musical']",,,,,,,,,,,,,,,,,,
3777.0,Nekromantik (1987),Comedy|Horror,3534.0,"['Comedy', 'Horror']",,,,,,,,,,,,,,,,,,
3778.0,On Our Merry Way (1948),Comedy|Drama,3535.0,"['Comedy', 'Drama']",,,,,,,,,,,,,,,,,,
3779.0,Project Moon Base (1953),Sci-Fi,3536.0,['Sci-Fi'],,,,,,,,,,,,,,,,,,
3780.0,Rocketship X-M (1950),Sci-Fi,3537.0,['Sci-Fi'],,,,,,,,,,,,,,,,,,
3781.0,Shaft in Africa (1973),Action|Crime,3538.0,"['Action', 'Crime']",,,,,,,,,,,,,,,,,,
3782.0,Shaft's Big Score! (1972),Action|Crime,3539.0,"['Action', 'Crime']",,,,,,,,,,,,,,,,,,
3783.0,Croupier (1998),Crime|Drama,3540.0,"['Crime', 'Drama']",,,,,,,,,,,,,,,,,,
3784.0,"Kid, The (2000)",Comedy,3541.0,['Comedy'],,,,,,,,,,,,,,,,,,
3785.0,Scary Movie (2000),Comedy|Horror,3542.0,"['Comedy', 'Horror']",,,,,,,,,,,,,,,,,,
3786.0,But I'm a Cheerleader (1999),Comedy,3543.0,['Comedy'],,,,,,,,,,,,,,,,,,
3787.0,Shower (Xizhao) (1999),Comedy,3544.0,['Comedy'],,,,,,,,,,,,,,,,,,
3788.0,Blowup (1966),Drama|Mystery,3545.0,"['Drama', 'Mystery']",,,,,,,,,,,,,,,,,,
3789.0,"Pawnbroker, The (1965)",Drama,3546.0,['Drama'],,,,,,,,,,,,,,,,,,
3790.0,Groove (2000),Drama,3547.0,['Drama'],,,,,,,,,,,,,,,,,,
3791.0,Footloose (1984),Drama,3548.0,['Drama'],,,,,,,,,,,,,,,,,,
3792.0,Duel in the Sun (1946),Western,3549.0,['Western'],,,,,,,,,,,,,,,,,,
3793.0,X-Men (2000),Action|Sci-Fi,3550.0,"['Action', 'Sci-Fi']",,,,,,,,,,,,,,,,,,
3794.0,Chuck & Buck (2000),Comedy|Drama,3551.0,"['Comedy', 'Drama']",,,,,,,,,,,,,,,,,,
3795.0,"Five Senses, The (1999)",Drama,3552.0,['Drama'],,,,,,,,,,,,,,,,,,
3796.0,"Wisdom of Crocodiles, The (a.k.a. Immortality) (2000)",Romance|Thriller,3553.0,"['Romance', 'Thriller']",,,,,,,,,,,,,,,,,,
3797.0,"In Crowd, The (2000)",Thriller,3554.0,['Thriller'],,,,,,,,,,,,,,,,,,
3798.0,What Lies Beneath (2000),Thriller,3555.0,['Thriller'],,,,,,,,,,,,,,,,,,
3799.0,Pokémon the Movie 2000 (2000),Animation|Children's,3556.0,"['Animation', ""Children's""]",,,,,,,,,,,,,,,,,,
3800.0,Criminal Lovers (Les Amants Criminels) (1999),Drama|Romance,3557.0,"['Drama', 'Romance']",,,,,,,,,,,,,,,,,,
3801.0,Anatomy of a Murder (1959),Drama|Mystery,3558.0,"['Drama', 'Mystery']",,,,,,,,,,,,,,,,,,
3802.0,Freejack (1992),Action|Sci-Fi,3559.0,"['Action', 'Sci-Fi']",,,,,,,,,,,,,,,,,,
3803.0,Greaser's Palace (1972),Drama,3560.0,['Drama'],,,,,,,,,,,,,,,,,,
3804.0,H.O.T.S. (1979),Comedy,3561.0,['Comedy'],,,,,,,,,,,,,,,,,,
3805.0,Knightriders (1981),Action|Adventure|Drama,3562.0,"['Action', 'Adventure', 'Drama']",,,,,,,,,,,,,,,,,,
3806.0,MacKenna's Gold (1969),Western,3563.0,['Western'],,,,,,,,,,,,,,,,,,
3807.0,Sinbad and the Eye of the Tiger (1977),Action|Adventure,3564.0,"['Action', 'Adventure']",,,,,,,,,,,,,,,,,,
3808.0,Two Women (La Ciociara) (1961),Drama|War,3565.0,"['Drama', 'War']",,,,,,,,,,,,,,,,,,
3809.0,What About Bob? (1991),Comedy,3566.0,['Comedy'],,,,,,,,,,,,,,,,,,
3810.0,White Sands (1992),Drama|Thriller,3567.0,"['Drama', 'Thriller']",,,,,,,,,,,,,,,,,,
3811.0,Breaker Morant (1980),Drama|War,3568.0,"['Drama', 'War']",,,,,,,,,,,,,,,,,,
3812.0,Everything You Always Wanted to Know About Sex (1972),Comedy,3569.0,['Comedy'],,,,,,,,,,,,,,,,,,
3813.0,Interiors (1978),Drama,3570.0,['Drama'],,,,,,,,,,,,,,,,,,
3814.0,Love and Death (1975),Comedy,3571.0,['Comedy'],,,,,,,,,,,,,,,,,,
3816.0,"Official Story, The (La Historia Oficial) (1985)",Drama,3572.0,['Drama'],,,,,,,,,,,,,,,,,,
3817.0,"Other Side of Sunday, The (Søndagsengler) (1996)",Comedy|Drama,3573.0,"['Comedy', 'Drama']",,,,,,,,,,,,,,,,,,
3818.0,Pot O' Gold (1941),Comedy|Musical,3574.0,"['Comedy', 'Musical']",,,,,,,,,,,,,,,,,,
3819.0,Tampopo (1986),Comedy,3575.0,['Comedy'],,,,,,,,,,,,,,,,,,
3820.0,Thomas and the Magic Railroad (2000),Children's,3576.0,"[""Children's""]",,,,,,,,,,,,,,,,,,
3821.0,Nutty Professor II: The Klumps (2000),Comedy,3577.0,['Comedy'],,,,,,,,,,,,,,,,,,
3822.0,"Girl on the Bridge, The (La Fille sur le Pont) (1999)",Drama|Romance,3578.0,"['Drama', 'Romance']",,,,,,,,,,,,,,,,,,
3823.0,Wonderland (1999),Drama,3579.0,['Drama'],,,,,,,,,,,,,,,,,,
3824.0,Autumn in New York (2000),Drama|Romance,3580.0,"['Drama', 'Romance']",,,,,,,,,,,,,,,,,,
3825.0,Coyote Ugly (2000),Drama,3581.0,['Drama'],,,,,,,,,,,,,,,,,,
3826.0,Hollow Man (2000),Horror|Sci-Fi|Thriller,3582.0,"['Horror', 'Sci-Fi', 'Thriller']",,,,,,,,,,,,,,,,,,
3827.0,Space Cowboys (2000),Action|Sci-Fi,3583.0,"['Action', 'Sci-Fi']",,,,,,,,,,,,,,,,,,
3828.0,Better Living (1998),Comedy,3584.0,['Comedy'],,,,,,,,,,,,,,,,,,
3830.0,Psycho Beach Party (2000),Comedy|Horror|Thriller,3585.0,"['Comedy', 'Horror', 'Thriller']",,,,,,,,,,,,,,,,,,
3831.0,Saving Grace (2000),Comedy,3586.0,['Comedy'],,,,,,,,,,,,,,,,,,
3832.0,"Black Sabbath (Tre Volti Della Paura, I) (1963)",Horror,3587.0,['Horror'],,,,,,,,,,,,,,,,,,
3833.0,"Brain That Wouldn't Die, The (1962)",Horror|Sci-Fi,3588.0,"['Horror', 'Sci-Fi']",,,,,,,,,,,,,,,,,,
3834.0,Bronco Billy (1980),Adventure|Drama|Romance,3589.0,"['Adventure', 'Drama', 'Romance']",,,,,,,,,,,,,,,,,,
3835.0,"Crush, The (1993)",Thriller,3590.0,['Thriller'],,,,,,,,,,,,,,,,,,
3836.0,Kelly's Heroes (1970),Action|Comedy|War,3591.0,"['Action', 'Comedy', 'War']",,,,,,,,,,,,,,,,,,
3837.0,Phantasm II (1988),Horror,3592.0,['Horror'],,,,,,,,,,,,,,,,,,
3838.0,Phantasm III: Lord of the Dead (1994),Horror,3593.0,['Horror'],,,,,,,,,,,,,,,,,,
3839.0,Phantasm IV: Oblivion (1998),Horror,3594.0,['Horror'],,,,,,,,,,,,,,,,,,
3840.0,Pumpkinhead (1988),Horror,3595.0,['Horror'],,,,,,,,,,,,,,,,,,
3841.0,Air America (1990),Action|Comedy,3596.0,"['Action', 'Comedy']",,,,,,,,,,,,,,,,,,
3842.0,Make Them Die Slowly (Cannibal Ferox) (1980),Horror,3597.0,['Horror'],,,,,,,,,,,,,,,,,,
3843.0,Sleepaway Camp (1983),Horror,3598.0,['Horror'],,,,,,,,,,,,,,,,,,
3844.0,Steel Magnolias (1989),Drama,3599.0,['Drama'],,,,,,,,,,,,,,,,,,
3845.0,And God Created Woman (Et Dieu&#8230;Créa la Femme) (1956),Drama,3600.0,['Drama'],,,,,,,,,,,,,,,,,,
3846.0,Easy Money (1983),Comedy,3601.0,['Comedy'],,,,,,,,,,,,,,,,,,
3847.0,"Ilsa, She Wolf of the SS (1974)",Horror,3602.0,['Horror'],,,,,,,,,,,,,,,,,,
3848.0,Silent Fall (1994),Drama|Thriller,3603.0,"['Drama', 'Thriller']",,,,,,,,,,,,,,,,,,
3849.0,"Spiral Staircase, The (1946)",Thriller,3604.0,['Thriller'],,,,,,,,,,,,,,,,,,
3850.0,Whatever Happened to Aunt Alice? (1969),Crime|Thriller,3605.0,"['Crime', 'Thriller']",,,,,,,,,,,,,,,,,,
3851.0,I'm the One That I Want (2000),Comedy,3606.0,['Comedy'],,,,,,,,,,,,,,,,,,
3852.0,"Tao of Steve, The (2000)",Comedy,3607.0,['Comedy'],,,,,,,,,,,,,,,,,,
3853.0,"Tic Code, The (1998)",Drama,3608.0,['Drama'],,,,,,,,,,,,,,,,,,
3854.0,Aimée & Jaguar (1999),Drama|Romance,3609.0,"['Drama', 'Romance']",,,,,,,,,,,,,,,,,,
3855.0,"Affair of Love, An (Une Liaison Pornographique) (1999)",Drama|Romance,3610.0,"['Drama', 'Romance']",,,,,,,,,,,,,,,,,,
3857.0,Bless the Child (2000),Thriller,3611.0,['Thriller'],,,,,,,,,,,,,,,,,,
3858.0,Cecil B. Demented (2000),Comedy,3612.0,['Comedy'],,,,,,,,,,,,,,,,,,
3859.0,"Eyes of Tammy Faye, The (2000)",Documentary,3613.0,['Documentary'],,,,,,,,,,,,,,,,,,
3860.0,"Opportunists, The (1999)",Crime,3614.0,['Crime'],,,,,,,,,,,,,,,,,,
3861.0,"Replacements, The (2000)",Comedy,3615.0,['Comedy'],,,,,,,,,,,,,,,,,,
3862.0,About Adam (2000),Comedy,3616.0,['Comedy'],,,,,,,,,,,,,,,,,,
3863.0,"Cell, The (2000)",Sci-Fi|Thriller,3617.0,"['Sci-Fi', 'Thriller']",,,,,,,,,,,,,,,,,,
3864.0,Godzilla 2000 (Gojira ni-sen mireniamu) (1999),Action|Adventure|Sci-Fi,3618.0,"['Action', 'Adventure', 'Sci-Fi']",,,,,,,,,,,,,,,,,,
3865.0,"Original Kings of Comedy, The (2000)",Comedy|Documentary,3619.0,"['Comedy', 'Documentary']",,,,,,,,,,,,,,,,,,
3866.0,Sunset Strip (2000),Comedy,3620.0,['Comedy'],,,,,,,,,,,,,,,,,,
3867.0,All the Rage (a.k.a. It's the Rage) (1999),Drama,3621.0,['Drama'],,,,,,,,,,,,,,,,,,
3868.0,"Naked Gun: From the Files of Police Squad!, The (1988)",Comedy,3622.0,['Comedy'],,,,,,,,,,,,,,,,,,
3869.0,"Naked Gun 2 1/2: The Smell of Fear, The (1991)",Comedy,3623.0,['Comedy'],,,,,,,,,,,,,,,,,,
3870.0,Our Town (1940),Drama,3624.0,['Drama'],,,,,,,,,,,,,,,,,,
3871.0,Shane (1953),Drama|Western,3625.0,"['Drama', 'Western']",,,,,,,,,,,,,,,,,,
3872.0,"Suddenly, Last Summer (1959)",Drama,3626.0,['Drama'],,,,,,,,,,,,,,,,,,
3873.0,Cat Ballou (1965),Comedy|Western,3627.0,"['Comedy', 'Western']",,,,,,,,,,,,,,,,,,
3874.0,"Couch in New York, A (1996)",Comedy|Romance,3628.0,"['Comedy', 'Romance']",,,,,,,,,,,,,,,,,,
3875.0,"Devil Rides Out, The (1968)",Horror,3629.0,['Horror'],,,,,,,,,,,,,,,,,,
3876.0,Jerry & Tom (1998),Drama,3630.0,['Drama'],,,,,,,,,,,,,,,,,,
3877.0,Supergirl (1984),Action|Adventure|Fantasy,3631.0,"['Action', 'Adventure', 'Fantasy']",,,,,,,,,,,,,,,,,,
3878.0,X: The Unknown (1956),Sci-Fi,3632.0,['Sci-Fi'],,,,,,,,,,,,,,,,,,
3879.0,"Art of War, The (2000)",Action,3633.0,['Action'],,,,,,,,,,,,,,,,,,
3880.0,"Ballad of Ramblin' Jack, The (2000)",Documentary,3634.0,['Documentary'],,,,,,,,,,,,,,,,,,
3881.0,Bittersweet Motel (2000),Documentary,3635.0,['Documentary'],,,,,,,,,,,,,,,,,,
3882.0,Bring It On (2000),Comedy,3636.0,['Comedy'],,,,,,,,,,,,,,,,,,
3883.0,Catfish in Black Bean Sauce (2000),Comedy|Drama,3637.0,"['Comedy', 'Drama']",,,,,,,,,,,,,,,,,,
3884.0,"Crew, The (2000)",Comedy,3638.0,['Comedy'],,,,,,,,,,,,,,,,,,
3885.0,Love & Sex (2000),Comedy|Romance,3639.0,"['Comedy', 'Romance']",,,,,,,,,,,,,,,,,,
3886.0,Steal This Movie! (2000),Drama,3640.0,['Drama'],,,,,,,,,,,,,,,,,,
3887.0,Went to Coney Island on a Mission From God... Be Back by Five (1998),Drama,3641.0,['Drama'],,,,,,,,,,,,,,,,,,
3888.0,Skipped Parts (2000),Drama|Romance,3642.0,"['Drama', 'Romance']",,,,,,,,,,,,,,,,,,
3889.0,Highlander: Endgame (2000),Action|Adventure|Fantasy,3643.0,"['Action', 'Adventure', 'Fantasy']",,,,,,,,,,,,,,,,,,
3890.0,Back Stage (2000),Documentary,3644.0,['Documentary'],,,,,,,,,,,,,,,,,,
3891.0,Turn It Up (2000),Crime|Drama,3645.0,"['Crime', 'Drama']",,,,,,,,,,,,,,,,,,
3892.0,Anatomy (Anatomie) (2000),Horror,3646.0,['Horror'],,,,,,,,,,,,,,,,,,
3893.0,Nurse Betty (2000),Comedy|Thriller,3647.0,"['Comedy', 'Thriller']",,,,,,,,,,,,,,,,,,
3894.0,Solas (1999),Drama,3648.0,['Drama'],,,,,,,,,,,,,,,,,,
3895.0,"Watcher, The (2000)",Crime|Thriller,3649.0,"['Crime', 'Thriller']",,,,,,,,,,,,,,,,,,
3896.0,"Way of the Gun, The (2000)",Crime|Thriller,3650.0,"['Crime', 'Thriller']",,,,,,,,,,,,,,,,,,
3897.0,Almost Famous (2000),Comedy|Drama,3651.0,"['Comedy', 'Drama']",,,,,,,,,,,,,,,,,,
3898.0,Bait (2000),Action|Comedy,3652.0,"['Action', 'Comedy']",,,,,,,,,,,,,,,,,,
3899.0,Circus (2000),Comedy,3653.0,['Comedy'],,,,,,,,,,,,,,,,,,
3900.0,Crime and Punishment in Suburbia (2000),Comedy|Drama,3654.0,"['Comedy', 'Drama']",,,,,,,,,,,,,,,,,,
3901.0,Duets (2000),Comedy|Drama,3655.0,"['Comedy', 'Drama']",,,,,,,,,,,,,,,,,,
3902.0,Goya in Bordeaux (Goya en Bodeos) (1999),Drama,3656.0,['Drama'],,,,,,,,,,,,,,,,,,
3903.0,Urbania (2000),Drama,3657.0,['Drama'],,,,,,,,,,,,,,,,,,
3904.0,"Uninvited Guest, An (2000)",Drama,3658.0,['Drama'],,,,,,,,,,,,,,,,,,
3905.0,"Specials, The (2000)",Comedy,3659.0,['Comedy'],,,,,,,,,,,,,,,,,,
3906.0,Under Suspicion (2000),Crime,3660.0,['Crime'],,,,,,,,,,,,,,,,,,
3908.0,Urban Legends: Final Cut (2000),Horror,3661.0,['Horror'],,,,,,,,,,,,,,,,,,
3909.0,Woman on Top (2000),Comedy|Romance,3662.0,"['Comedy', 'Romance']",,,,,,,,,,,,,,,,,,
3910.0,Dancer in the Dark (2000),Drama|Musical,3663.0,"['Drama', 'Musical']",,,,,,,,,,,,,,,,,,
3911.0,Best in Show (2000),Comedy,3664.0,['Comedy'],,,,,,,,,,,,,,,,,,
3912.0,Beautiful (2000),Comedy|Drama,3665.0,"['Comedy', 'Drama']",,,,,,,,,,,,,,,,,,
3913.0,Barenaked in America (1999),Documentary,3666.0,['Documentary'],,,,,,,,,,,,,,,,,,
3914.0,"Broken Hearts Club, The (2000)",Drama,3667.0,['Drama'],,,,,,,,,,,,,,,,,,
3915.0,Girlfight (2000),Drama,3668.0,['Drama'],,,,,,,,,,,,,,,,,,
3916.0,Remember the Titans (2000),Drama,3669.0,['Drama'],,,,,,,,,,,,,,,,,,
3917.0,Hellraiser (1987),Horror,3670.0,['Horror'],,,,,,,,,,,,,,,,,,
3918.0,Hellbound: Hellraiser II (1988),Horror,3671.0,['Horror'],,,,,,,,,,,,,,,,,,
3919.0,Hellraiser III: Hell on Earth (1992),Horror,3672.0,['Horror'],,,,,,,,,,,,,,,,,,
3920.0,"Faraway, So Close (In Weiter Ferne, So Nah!) (1993)",Drama|Fantasy,3673.0,"['Drama', 'Fantasy']",,,,,,,,,,,,,,,,,,
3921.0,Beach Party (1963),Comedy,3674.0,['Comedy'],,,,,,,,,,,,,,,,,,
3922.0,Bikini Beach (1964),Comedy,3675.0,['Comedy'],,,,,,,,,,,,,,,,,,
3923.0,Return of the Fly (1959),Horror|Sci-Fi,3676.0,"['Horror', 'Sci-Fi']",,,,,,,,,,,,,,,,,,
3924.0,Pajama Party (1964),Comedy,3677.0,['Comedy'],,,,,,,,,,,,,,,,,,
3925.0,Stranger Than Paradise (1984),Comedy,3678.0,['Comedy'],,,,,,,,,,,,,,,,,,
3926.0,Voyage to the Bottom of the Sea (1961),Adventure|Sci-Fi,3679.0,"['Adventure', 'Sci-Fi']",,,,,,,,,,,,,,,,,,
3927.0,Fantastic Voyage (1966),Adventure|Sci-Fi,3680.0,"['Adventure', 'Sci-Fi']",,,,,,,,,,,,,,,,,,
3928.0,Abbott and Costello Meet Frankenstein (1948),Comedy|Horror,3681.0,"['Comedy', 'Horror']",,,,,,,,,,,,,,,,,,
3929.0,"Bank Dick, The (1940)",Comedy,3682.0,['Comedy'],,,,,,,,,,,,,,,,,,
3930.0,"Creature From the Black Lagoon, The (1954)",Horror,3683.0,['Horror'],,,,,,,,,,,,,,,,,,
3931.0,"Giant Gila Monster, The (1959)",Horror|Sci-Fi,3684.0,"['Horror', 'Sci-Fi']",,,,,,,,,,,,,,,,,,
3932.0,"Invisible Man, The (1933)",Horror|Sci-Fi,3685.0,"['Horror', 'Sci-Fi']",,,,,,,,,,,,,,,,,,
3933.0,"Killer Shrews, The (1959)",Horror|Sci-Fi,3686.0,"['Horror', 'Sci-Fi']",,,,,,,,,,,,,,,,,,
3934.0,Kronos (1957),Sci-Fi,3687.0,['Sci-Fi'],,,,,,,,,,,,,,,,,,
3935.0,Kronos (1973),Horror,3688.0,['Horror'],,,,,,,,,,,,,,,,,,
3936.0,"Phantom of the Opera, The (1943)",Drama|Thriller,3689.0,"['Drama', 'Thriller']",,,,,,,,,,,,,,,,,,
3937.0,Runaway (1984),Sci-Fi|Thriller,3690.0,"['Sci-Fi', 'Thriller']",,,,,,,,,,,,,,,,,,
3938.0,"Slumber Party Massacre, The (1982)",Horror,3691.0,['Horror'],,,,,,,,,,,,,,,,,,
3939.0,"Slumber Party Massacre II, The (1987)",Horror,3692.0,['Horror'],,,,,,,,,,,,,,,,,,
3940.0,"Slumber Party Massacre III, The (1990)",Horror,3693.0,['Horror'],,,,,,,,,,,,,,,,,,
3941.0,Sorority House Massacre (1986),Horror,3694.0,['Horror'],,,,,,,,,,,,,,,,,,
3942.0,Sorority House Massacre II (1990),Horror,3695.0,['Horror'],,,,,,,,,,,,,,,,,,
3943.0,Bamboozled (2000),Comedy,3696.0,['Comedy'],,,,,,,,,,,,,,,,,,
3944.0,Bootmen (2000),Comedy|Drama,3697.0,"['Comedy', 'Drama']",,,,,,,,,,,,,,,,,,
3945.0,Digimon: The Movie (2000),Adventure|Animation|Children's,3698.0,"['Adventure', 'Animation', ""Children's""]",,,,,,,,,,,,,,,,,,
3946.0,Get Carter (2000),Action|Drama|Thriller,3699.0,"['Action', 'Drama', 'Thriller']",,,,,,,,,,,,,,,,,,
3947.0,Get Carter (1971),Thriller,3700.0,['Thriller'],,,,,,,,,,,,,,,,,,
3948.0,Meet the Parents (2000),Comedy,3701.0,['Comedy'],,,,,,,,,,,,,,,,,,
3949.0,Requiem for a Dream (2000),Drama,3702.0,['Drama'],,,,,,,,,,,,,,,,,,
3950.0,Tigerland (2000),Drama,3703.0,['Drama'],,,,,,,,,,,,,,,,,,
3951.0,Two Family House (2000),Drama,3704.0,['Drama'],,,,,,,,,,,,,,,,,,
3952.0,"Contender, The (2000)",Drama|Thriller,3705.0,"['Drama', 'Thriller']",,,,,,,,,,,,,,,,,,
,,,,,0.0,0.0,0.0,0.0,1.0,0.0,0.0,0.0,0.0,0.0,0.0,0.0,0.0,0.0,0.0,0.0,0.0,0.0
,,,,,0.0,0.0,0.0,0.0,0.0,0.0,0.0,1.0,0.0,0.0,0.0,0.0,0.0,0.0,0.0,1.0,0.0,0.0
,,,,,0.0,0.0,0.0,0.0,1.0,0.0,0.0,0.0,0.0,0.0,0.0,0.0,0.0,1.0,0.0,0.0,0.0,0.0
,,,,,0.0,0.0,0.0,0.0,0.0,0.0,0.0,1.0,0.0,0.0,0.0,0.0,0.0,0.0,0.0,0.0,0.0,0.0
,,,,,0.0,0.0,0.0,0.0,0.0,1.0,0.0,1.0,0.0,0.0,0.0,0.0,0.0,0.0,0.0,0.0,0.0,0.0
,,,,,0.0,0.0,0.0,0.0,0.0,0.0,0.0,0.0,0.0,0.0,0.0,0.0,0.0,0.0,0.0,1.0,0.0,0.0
,,,,,1.0,0.0,0.0,0.0,0.0,0.0,0.0,0.0,0.0,0.0,0.0,0.0,0.0,0.0,1.0,0.0,0.0,0.0
,,,,,0.0,0.0,0.0,0.0,0.0,0.0,0.0,1.0,0.0,0.0,0.0,0.0,0.0,0.0,0.0,0.0,0.0,0.0
,,,,,0.0,0.0,0.0,0.0,1.0,0.0,0.0,0.0,0.0,0.0,0.0,0.0,0.0,0.0,0.0,0.0,0.0,0.0
,,,,,0.0,0.0,0.0,0.0,1.0,0.0,0.0,0.0,0.0,0.0,0.0,0.0,0.0,0.0,0.0,0.0,0.0,0.0
,,,,,0.0,0.0,0.0,0.0,0.0,0.0,0.0,1.0,0.0,0.0,0.0,0.0,0.0,0.0,0.0,0.0,0.0,0.0
,,,,,0.0,0.0,0.0,0.0,1.0,0.0,0.0,1.0,0.0,0.0,0.0,0.0,0.0,0.0,0.0,0.0,0.0,0.0
,,,,,0.0,0.0,0.0,0.0,0.0,0.0,0.0,1.0,0.0,0.0,0.0,0.0,0.0,0.0,0.0,1.0,0.0,0.0
,,,,,0.0,0.0,0.0,0.0,1.0,0.0,0.0,0.0,0.0,0.0,0.0,0.0,0.0,0.0,0.0,0.0,0.0,0.0
,,,,,0.0,0.0,0.0,0.0,0.0,0.0,0.0,0.0,0.0,0.0,0.0,0.0,1.0,0.0,0.0,0.0,0.0,0.0
,,,,,0.0,0.0,0.0,0.0,0.0,0.0,0.0,1.0,0.0,0.0,0.0,0.0,0.0,0.0,0.0,0.0,0.0,0.0
,,,,,0.0,0.0,0.0,0.0,0.0,0.0,0.0,1.0,0.0,0.0,0.0,0.0,0.0,0.0,0.0,0.0,0.0,0.0
,,,,,0.0,0.0,0.0,0.0,1.0,0.0,0.0,0.0,0.0,0.0,0.0,0.0,0.0,0.0,0.0,0.0,0.0,0.0
,,,,,0.0,0.0,0.0,0.0,0.0,0.0,0.0,1.0,0.0,0.0,0.0,0.0,0.0,0.0,0.0,0.0,0.0,0.0
,,,,,0.0,0.0,0.0,0.0,0.0,0.0,0.0,1.0,0.0,0.0,0.0,0.0,0.0,0.0,0.0,0.0,0.0,0.0
,,,,,0.0,0.0,0.0,0.0,0.0,0.0,1.0,0.0,0.0,0.0,0.0,0.0,0.0,0.0,0.0,0.0,0.0,0.0
,,,,,0.0,0.0,1.0,0.0,0.0,0.0,0.0,0.0,0.0,0.0,0.0,0.0,0.0,0.0,1.0,0.0,0.0,0.0
,,,,,0.0,0.0,0.0,0.0,0.0,0.0,0.0,1.0,0.0,0.0,0.0,0.0,0.0,0.0,0.0,0.0,0.0,0.0
,,,,,0.0,0.0,0.0,0.0,1.0,0.0,0.0,0.0,0.0,0.0,0.0,0.0,0.0,0.0,0.0,0.0,0.0,0.0
,,,,,0.0,0.0,0.0,0.0,0.0,0.0,1.0,0.0,0.0,0.0,0.0,0.0,0.0,0.0,0.0,0.0,0.0,0.0
,,,,,0.0,0.0,0.0,0.0,0.0,0.0,0.0,1.0,0.0,0.0,0.0,0.0,0.0,0.0,0.0,0.0,0.0,0.0
,,,,,0.0,0.0,0.0,0.0,0.0,0.0,1.0,0.0,0.0,0.0,0.0,0.0,0.0,0.0,0.0,0.0,0.0,0.0
,,,,,0.0,0.0,0.0,0.0,1.0,0.0,0.0,0.0,0.0,0.0,0.0,0.0,0.0,0.0,0.0,0.0,0.0,0.0
,,,,,0.0,0.0,0.0,0.0,1.0,0.0,0.0,0.0,0.0,0.0,0.0,0.0,0.0,1.0,0.0,0.0,0.0,0.0
,,,,,0.0,0.0,0.0,0.0,0.0,0.0,0.0,1.0,0.0,0.0,0.0,0.0,0.0,0.0,0.0,0.0,0.0,0.0
,,,,,0.0,1.0,0.0,1.0,0.0,0.0,0.0,0.0,0.0,0.0,0.0,0.0,0.0,0.0,0.0,0.0,0.0,0.0
,,,,,1.0,1.0,0.0,0.0,0.0,0.0,0.0,0.0,0.0,0.0,0.0,0.0,0.0,0.0,0.0,0.0,0.0,0.0
,,,,,0.0,0.0,0.0,0.0,0.0,0.0,0.0,1.0,0.0,0.0,0.0,0.0,0.0,0.0,0.0,0.0,0.0,0.0
,,,,,1.0,1.0,0.0,0.0,0.0,0.0,0.0,0.0,0.0,0.0,0.0,0.0,0.0,0.0,0.0,1.0,0.0,0.0
,,,,,0.0,0.0,0.0,1.0,1.0,0.0,0.0,0.0,0.0,0.0,0.0,0.0,0.0,0.0,0.0,0.0,0.0,0.0
,,,,,1.0,0.0,0.0,0.0,0.0,0.0,0.0,0.0,0.0,0.0,0.0,0.0,0.0,0.0,0.0,1.0,0.0,0.0
,,,,,1.0,0.0,0.0,0.0,0.0,1.0,0.0,1.0,0.0,0.0,0.0,0.0,0.0,0.0,0.0,0.0,0.0,0.0
,,,,,0.0,0.0,0.0,0.0,0.0,0.0,0.0,1.0,0.0,0.0,0.0,0.0,0.0,0.0,0.0,0.0,0.0,0.0
,,,,,0.0,0.0,0.0,0.0,1.0,0.0,0.0,1.0,0.0,0.0,0.0,0.0,0.0,0.0,0.0,0.0,0.0,0.0
,,,,,0.0,0.0,0.0,0.0,1.0,1.0,0.0,0.0,0.0,0.0,0.0,0.0,0.0,0.0,0.0,0.0,0.0,0.0
,,,,,0.0,0.0,0.0,0.0,1.0,0.0,0.0,0.0,0.0,0.0,0.0,0.0,0.0,0.0,0.0,0.0,0.0,0.0
,,,,,0.0,0.0,0.0,0.0,0.0,0.0,0.0,1.0,0.0,0.0,0.0,0.0,0.0,0.0,0.0,0.0,0.0,0.0
,,,,,0.0,0.0,0.0,0.0,1.0,0.0,0.0,0.0,0.0,0.0,0.0,0.0,0.0,0.0,0.0,0.0,0.0,0.0
,,,,,0.0,0.0,0.0,0.0,0.0,0.0,0.0,0.0,0.0,0.0,0.0,0.0,1.0,0.0,0.0,1.0,0.0,0.0
,,,,,0.0,0.0,0.0,0.0,1.0,0.0,0.0,0.0,0.0,0.0,0.0,1.0,0.0,1.0,0.0,0.0,0.0,0.0
,,,,,0.0,0.0,0.0,0.0,1.0,0.0,0.0,0.0,0.0,0.0,0.0,0.0,0.0,0.0,0.0,0.0,0.0,0.0
,,,,,0.0,0.0,0.0,0.0,0.0,0.0,0.0,1.0,0.0,0.0,0.0,0.0,0.0,0.0,0.0,0.0,0.0,0.0
,,,,,0.0,0.0,0.0,0.0,1.0,0.0,0.0,1.0,0.0,0.0,0.0,0.0,0.0,0.0,0.0,0.0,0.0,0.0
,,,,,0.0,0.0,0.0,0.0,0.0,0.0,0.0,1.0,0.0,0.0,0.0,0.0,0.0,1.0,0.0,0.0,0.0,0.0
,,,,,0.0,0.0,1.0,1.0,0.0,0.0,0.0,0.0,0.0,0.0,0.0,1.0,0.0,0.0,0.0,0.0,0.0,0.0
,,,,,1.0,0.0,0.0,0.0,0.0,0.0,0.0,0.0,0.0,0.0,0.0,0.0,0.0,0.0,0.0,1.0,0.0,0.0
,,,,,0.0,0.0,0.0,0.0,0.0,0.0,0.0,1.0,0.0,0.0,0.0,0.0,0.0,0.0,0.0,0.0,0.0,0.0
,,,,,0.0,0.0,0.0,0.0,0.0,0.0,0.0,1.0,0.0,0.0,0.0,0.0,0.0,0.0,0.0,0.0,0.0,0.0
,,,,,0.0,0.0,0.0,0.0,0.0,0.0,0.0,1.0,0.0,0.0,0.0,0.0,0.0,0.0,0.0,0.0,0.0,0.0
,,,,,0.0,0.0,0.0,0.0,0.0,0.0,0.0,0.0,0.0,0.0,1.0,0.0,0.0,0.0,0.0,0.0,0.0,0.0
,,,,,0.0,0.0,0.0,0.0,1.0,0.0,0.0,0.0,0.0,0.0,0.0,0.0,0.0,0.0,0.0,0.0,0.0,0.0
,,,,,0.0,0.0,0.0,0.0,0.0,0.0,0.0,1.0,0.0,0.0,0.0,0.0,0.0,0.0,0.0,0.0,1.0,0.0
,,,,,0.0,0.0,0.0,0.0,1.0,0.0,0.0,0.0,0.0,0.0,0.0,0.0,0.0,0.0,0.0,0.0,0.0,0.0
,,,,,1.0,0.0,0.0,0.0,0.0,0.0,0.0,0.0,0.0,0.0,0.0,0.0,0.0,0.0,0.0,0.0,0.0,0.0
,,,,,0.0,0.0,0.0,0.0,0.0,0.0,0.0,1.0,0.0,0.0,0.0,0.0,0.0,1.0,0.0,0.0,1.0,0.0
,,,,,1.0,1.0,0.0,0.0,0.0,0.0,0.0,1.0,0.0,0.0,0.0,0.0,0.0,0.0,1.0,0.0,1.0,0.0
,,,,,0.0,0.0,0.0,0.0,1.0,0.0,0.0,1.0,0.0,0.0,0.0,0.0,0.0,1.0,0.0,0.0,0.0,0.0
,,,,,1.0,0.0,0.0,0.0,0.0,0.0,0.0,0.0,0.0,0.0,1.0,0.0,0.0,0.0,1.0,1.0,0.0,0.0
,,,,,1.0,1.0,0.0,0.0,1.0,0.0,0.0,0.0,0.0,0.0,1.0,0.0,0.0,0.0,1.0,0.0,0.0,0.0
,,,,,0.0,0.0,0.0,0.0,0.0,0.0,0.0,1.0,0.0,0.0,0.0,0.0,0.0,0.0,0.0,0.0,1.0,0.0
,,,,,1.0,0.0,0.0,0.0,1.0,0.0,0.0,0.0,0.0,0.0,0.0,1.0,0.0,0.0,0.0,0.0,0.0,0.0
,,,,,0.0,0.0,0.0,0.0,1.0,0.0,0.0,0.0,0.0,0.0,0.0,0.0,0.0,1.0,0.0,0.0,0.0,0.0
,,,,,0.0,0.0,0.0,0.0,0.0,0.0,0.0,1.0,0.0,0.0,0.0,0.0,0.0,0.0,0.0,0.0,0.0,0.0
,,,,,0.0,0.0,0.0,0.0,0.0,0.0,0.0,0.0,0.0,0.0,0.0,0.0,1.0,0.0,1.0,0.0,0.0,0.0
,,,,,1.0,0.0,0.0,0.0,0.0,0.0,0.0,1.0,0.0,0.0,0.0,0.0,0.0,0.0,0.0,0.0,1.0,0.0
,,,,,0.0,0.0,0.0,0.0,1.0,1.0,0.0,0.0,0.0,0.0,0.0,0.0,0.0,0.0,0.0,0.0,0.0,0.0
,,,,,1.0,0.0,0.0,0.0,0.0,0.0,0.0,1.0,0.0,0.0,0.0,0.0,0.0,0.0,0.0,0.0,1.0,0.0
,,,,,1.0,0.0,0.0,0.0,0.0,0.0,0.0,0.0,0.0,0.0,1.0,0.0,0.0,0.0,0.0,0.0,0.0,0.0
,,,,,1.0,0.0,0.0,0.0,0.0,0.0,0.0,0.0,0.0,0.0,1.0,0.0,0.0,0.0,0.0,0.0,0.0,0.0
,,,,,0.0,0.0,0.0,0.0,0.0,0.0,0.0,1.0,0.0,0.0,0.0,0.0,0.0,1.0,0.0,0.0,0.0,0.0
,,,,,0.0,0.0,0.0,0.0,0.0,0.0,0.0,1.0,0.0,0.0,0.0,0.0,0.0,0.0,0.0,0.0,0.0,0.0
,,,,,0.0,0.0,0.0,0.0,0.0,0.0,0.0,0.0,0.0,0.0,0.0,0.0,0.0,1.0,0.0,0.0,1.0,0.0
,,,,,0.0,0.0,0.0,0.0,1.0,0.0,0.0,0.0,0.0,0.0,0.0,0.0,0.0,0.0,0.0,0.0,0.0,0.0
,,,,,1.0,1.0,0.0,1.0,0.0,0.0,0.0,0.0,0.0,0.0,0.0,0.0,0.0,0.0,0.0,0.0,0.0,0.0
,,,,,0.0,0.0,0.0,0.0,0.0,0.0,0.0,1.0,0.0,0.0,0.0,0.0,0.0,0.0,0.0,0.0,0.0,0.0
,,,,,0.0,0.0,0.0,0.0,1.0,0.0,0.0,1.0,0.0,0.0,0.0,0.0,0.0,1.0,0.0,0.0,0.0,0.0
,,,,,0.0,0.0,0.0,1.0,0.0,0.0,0.0,1.0,0.0,0.0,0.0,0.0,0.0,0.0,0.0,0.0,0.0,0.0
,,,,,1.0,1.0,0.0,0.0,0.0,1.0,0.0,0.0,0.0,0.0,0.0,0.0,0.0,0.0,0.0,0.0,0.0,0.0
,,,,,0.0,0.0,0.0,0.0,0.0,0.0,0.0,1.0,0.0,0.0,0.0,0.0,0.0,0.0,0.0,0.0,0.0,0.0
,,,,,0.0,0.0,0.0,0.0,0.0,0.0,0.0,1.0,0.0,0.0,0.0,0.0,0.0,0.0,0.0,0.0,0.0,0.0
,,,,,0.0,0.0,0.0,0.0,0.0,0.0,0.0,0.0,0.0,0.0,1.0,0.0,0.0,0.0,0.0,0.0,0.0,0.0
,,,,,0.0,0.0,0.0,0.0,0.0,0.0,1.0,0.0,0.0,0.0,0.0,0.0,0.0,0.0,0.0,0.0,0.0,0.0
,,,,,0.0,0.0,0.0,0.0,1.0,0.0,0.0,0.0,0.0,0.0,0.0,0.0,0.0,0.0,0.0,0.0,0.0,0.0
,,,,,0.0,0.0,0.0,0.0,0.0,0.0,0.0,1.0,0.0,0.0,0.0,0.0,0.0,0.0,0.0,0.0,0.0,0.0
,,,,,0.0,0.0,0.0,0.0,0.0,0.0,0.0,1.0,0.0,0.0,0.0,0.0,0.0,1.0,0.0,1.0,0.0,0.0
,,,,,0.0,0.0,0.0,0.0,0.0,0.0,0.0,1.0,0.0,0.0,0.0,0.0,0.0,1.0,0.0,0.0,0.0,0.0
,,,,,0.0,0.0,0.0,0.0,1.0,0.0,1.0,0.0,0.0,0.0,0.0,0.0,0.0,0.0,0.0,0.0,0.0,0.0
,,,,,0.0,0.0,0.0,0.0,0.0,0.0,0.0,1.0,0.0,0.0,0.0,0.0,0.0,1.0,0.0,0.0,0.0,0.0
,,,,,0.0,0.0,0.0,0.0,0.0,0.0,0.0,0.0,0.0,0.0,0.0,0.0,0.0,1.0,0.0,0.0,0.0,0.0
,,,,,0.0,0.0,0.0,0.0,0.0,0.0,0.0,1.0,0.0,0.0,0.0,0.0,0.0,0.0,0.0,0.0,0.0,0.0
,,,,,0.0,0.0,0.0,0.0,1.0,0.0,0.0,0.0,0.0,0.0,0.0,0.0,0.0,0.0,0.0,0.0,0.0,0.0
,,,,,0.0,0.0,0.0,0.0,0.0,0.0,0.0,1.0,0.0,0.0,0.0,0.0,0.0,0.0,0.0,1.0,0.0,0.0
,,,,,0.0,0.0,0.0,0.0,0.0,0.0,0.0,1.0,0.0,0.0,0.0,0.0,0.0,0.0,0.0,0.0,0.0,0.0
,,,,,0.0,0.0,0.0,0.0,1.0,0.0,0.0,0.0,0.0,0.0,0.0,0.0,0.0,1.0,0.0,0.0,0.0,0.0
,,,,,1.0,1.0,0.0,0.0,0.0,0.0,0.0,0.0,0.0,0.0,0.0,0.0,0.0,0.0,0.0,0.0,0.0,0.0
,,,,,1.0,0.0,0.0,0.0,0.0,0.0,0.0,0.0,0.0,0.0,0.0,0.0,0.0,0.0,0.0,1.0,0.0,0.0
,,,,,0.0,0.0,0.0,0.0,1.0,0.0,0.0,1.0,0.0,0.0,0.0,0.0,0.0,0.0,0.0,0.0,0.0,0.0
,,,,,0.0,0.0,0.0,0.0,1.0,0.0,0.0,1.0,0.0,0.0,0.0,0.0,0.0,0.0,0.0,0.0,0.0,0.0
,,,,,0.0,0.0,0.0,0.0,0.0,0.0,0.0,1.0,0.0,0.0,0.0,0.0,0.0,0.0,0.0,0.0,0.0,0.0
,,,,,0.0,0.0,0.0,0.0,0.0,0.0,0.0,0.0,0.0,0.0,0.0,0.0,1.0,0.0,0.0,1.0,0.0,0.0
,,,,,0.0,0.0,0.0,0.0,0.0,0.0,0.0,1.0,0.0,0.0,0.0,0.0,0.0,0.0,0.0,0.0,1.0,0.0
,,,,,0.0,1.0,0.0,0.0,0.0,0.0,0.0,1.0,0.0,0.0,0.0,0.0,0.0,0.0,0.0,0.0,0.0,0.0
,,,,,0.0,0.0,0.0,0.0,1.0,0.0,0.0,0.0,0.0,0.0,0.0,0.0,0.0,0.0,0.0,0.0,0.0,0.0
,,,,,1.0,0.0,0.0,0.0,1.0,1.0,0.0,0.0,0.0,0.0,0.0,0.0,0.0,0.0,0.0,0.0,0.0,0.0
,,,,,0.0,0.0,0.0,0.0,0.0,0.0,0.0,1.0,0.0,0.0,0.0,0.0,0.0,0.0,0.0,0.0,0.0,0.0
,,,,,0.0,0.0,0.0,0.0,1.0,0.0,0.0,1.0,0.0,0.0,0.0,0.0,0.0,0.0,0.0,0.0,0.0,0.0
,,,,,0.0,0.0,1.0,1.0,1.0,0.0,0.0,0.0,0.0,0.0,0.0,0.0,0.0,0.0,0.0,0.0,0.0,0.0
,,,,,0.0,0.0,0.0,0.0,0.0,0.0,1.0,0.0,0.0,0.0,0.0,0.0,0.0,0.0,0.0,0.0,0.0,0.0
,,,,,0.0,0.0,0.0,0.0,0.0,0.0,0.0,0.0,0.0,0.0,0.0,0.0,0.0,1.0,0.0,0.0,0.0,0.0
,,,,,1.0,1.0,0.0,0.0,0.0,0.0,0.0,1.0,0.0,0.0,0.0,0.0,0.0,0.0,0.0,1.0,0.0,0.0
,,,,,0.0,0.0,0.0,0.0,0.0,0.0,0.0,0.0,0.0,0.0,0.0,0.0,0.0,0.0,1.0,1.0,0.0,0.0
,,,,,0.0,0.0,0.0,0.0,0.0,0.0,0.0,1.0,0.0,0.0,0.0,0.0,0.0,0.0,0.0,0.0,0.0,0.0
,,,,,0.0,0.0,0.0,0.0,1.0,0.0,0.0,0.0,0.0,0.0,0.0,0.0,0.0,0.0,0.0,1.0,0.0,0.0
,,,,,0.0,0.0,0.0,0.0,1.0,0.0,0.0,1.0,0.0,0.0,0.0,0.0,0.0,0.0,0.0,0.0,0.0,0.0
,,,,,1.0,0.0,0.0,0.0,0.0,0.0,0.0,0.0,0.0,0.0,0.0,0.0,0.0,0.0,0.0,1.0,0.0,0.0
,,,,,0.0,0.0,1.0,1.0,1.0,0.0,0.0,0.0,0.0,0.0,0.0,0.0,0.0,0.0,0.0,0.0,0.0,0.0
,,,,,0.0,0.0,1.0,0.0,0.0,0.0,0.0,0.0,0.0,0.0,0.0,1.0,0.0,0.0,0.0,0.0,0.0,0.0
,,,,,0.0,0.0,0.0,0.0,0.0,0.0,0.0,1.0,0.0,0.0,0.0,0.0,0.0,0.0,0.0,0.0,0.0,0.0
,,,,,0.0,0.0,0.0,0.0,0.0,0.0,0.0,1.0,0.0,0.0,0.0,0.0,0.0,1.0,0.0,0.0,0.0,0.0
,,,,,0.0,0.0,0.0,0.0,1.0,0.0,0.0,0.0,1.0,0.0,0.0,0.0,0.0,0.0,0.0,0.0,0.0,0.0
,,,,,1.0,1.0,0.0,0.0,0.0,0.0,0.0,0.0,0.0,0.0,0.0,0.0,0.0,0.0,1.0,0.0,0.0,0.0
,,,,,0.0,0.0,0.0,0.0,1.0,0.0,0.0,0.0,0.0,0.0,0.0,0.0,0.0,1.0,1.0,0.0,0.0,0.0
,,,,,0.0,0.0,1.0,0.0,1.0,0.0,0.0,0.0,0.0,0.0,0.0,0.0,0.0,0.0,0.0,0.0,0.0,0.0
,,,,,0.0,0.0,0.0,0.0,1.0,0.0,0.0,0.0,0.0,0.0,0.0,0.0,0.0,1.0,0.0,0.0,0.0,0.0
,,,,,0.0,0.0,0.0,0.0,0.0,0.0,0.0,1.0,0.0,0.0,0.0,0.0,0.0,0.0,0.0,0.0,0.0,0.0
,,,,,1.0,0.0,0.0,0.0,0.0,0.0,0.0,0.0,0.0,0.0,0.0,0.0,0.0,0.0,0.0,0.0,0.0,0.0
,,,,,0.0,0.0,0.0,0.0,0.0,0.0,0.0,1.0,0.0,0.0,0.0,0.0,0.0,0.0,0.0,0.0,0.0,0.0
,,,,,0.0,0.0,0.0,0.0,0.0,0.0,0.0,0.0,0.0,0.0,1.0,0.0,0.0,0.0,0.0,0.0,0.0,0.0
,,,,,1.0,0.0,0.0,0.0,0.0,0.0,0.0,0.0,0.0,0.0,0.0,0.0,0.0,0.0,0.0,0.0,1.0,0.0
,,,,,0.0,0.0,0.0,0.0,0.0,0.0,0.0,1.0,0.0,0.0,0.0,0.0,0.0,0.0,0.0,0.0,0.0,0.0
,,,,,1.0,0.0,0.0,0.0,0.0,0.0,0.0,0.0,0.0,0.0,0.0,0.0,0.0,0.0,0.0,1.0,0.0,0.0
,,,,,0.0,0.0,0.0,0.0,0.0,0.0,0.0,0.0,0.0,0.0,1.0,0.0,0.0,0.0,0.0,1.0,0.0,0.0
,,,,,0.0,0.0,0.0,0.0,0.0,0.0,1.0,0.0,0.0,0.0,0.0,0.0,0.0,0.0,0.0,0.0,0.0,0.0
,,,,,0.0,0.0,0.0,0.0,0.0,0.0,0.0,0.0,0.0,0.0,0.0,0.0,0.0,0.0,0.0,1.0,0.0,0.0
,,,,,0.0,0.0,0.0,0.0,0.0,0.0,0.0,0.0,0.0,0.0,0.0,0.0,0.0,0.0,0.0,1.0,0.0,0.0
,,,,,1.0,1.0,0.0,0.0,1.0,1.0,0.0,0.0,0.0,0.0,0.0,0.0,0.0,0.0,0.0,0.0,0.0,0.0
,,,,,0.0,0.0,0.0,0.0,0.0,0.0,0.0,1.0,0.0,0.0,0.0,0.0,0.0,0.0,0.0,0.0,0.0,0.0
,,,,,0.0,0.0,0.0,0.0,0.0,0.0,0.0,1.0,0.0,0.0,0.0,0.0,0.0,0.0,0.0,0.0,0.0,0.0
,,,,,0.0,0.0,0.0,0.0,1.0,0.0,0.0,1.0,0.0,0.0,0.0,0.0,0.0,0.0,1.0,0.0,0.0,0.0
,,,,,0.0,0.0,0.0,0.0,0.0,0.0,0.0,1.0,0.0,0.0,0.0,0.0,0.0,0.0,0.0,0.0,0.0,0.0
,,,,,0.0,0.0,0.0,0.0,1.0,0.0,0.0,0.0,0.0,0.0,0.0,0.0,0.0,0.0,0.0,0.0,0.0,0.0
,,,,,0.0,0.0,0.0,0.0,1.0,0.0,0.0,0.0,0.0,0.0,0.0,0.0,0.0,0.0,0.0,0.0,0.0,0.0
,,,,,0.0,0.0,0.0,0.0,0.0,0.0,1.0,0.0,0.0,0.0,0.0,0.0,0.0,0.0,0.0,0.0,0.0,0.0
,,,,,0.0,0.0,0.0,0.0,0.0,0.0,0.0,1.0,0.0,0.0,0.0,0.0,0.0,0.0,0.0,0.0,0.0,0.0
,,,,,0.0,0.0,0.0,0.0,0.0,0.0,0.0,1.0,0.0,0.0,0.0,0.0,0.0,0.0,0.0,0.0,0.0,0.0
,,,,,0.0,0.0,0.0,0.0,0.0,0.0,0.0,0.0,0.0,0.0,0.0,0.0,0.0,0.0,1.0,0.0,0.0,0.0
,,,,,0.0,0.0,0.0,0.0,1.0,0.0,0.0,0.0,0.0,0.0,0.0,0.0,0.0,0.0,0.0,0.0,0.0,0.0
,,,,,1.0,1.0,0.0,0.0,0.0,0.0,0.0,0.0,0.0,0.0,0.0,0.0,0.0,0.0,0.0,0.0,0.0,0.0
,,,,,0.0,0.0,0.0,0.0,1.0,0.0,0.0,0.0,1.0,0.0,0.0,0.0,0.0,0.0,0.0,0.0,0.0,0.0
,,,,,0.0,0.0,0.0,1.0,1.0,0.0,0.0,0.0,0.0,0.0,0.0,0.0,0.0,0.0,0.0,0.0,0.0,0.0
,,,,,1.0,0.0,0.0,0.0,0.0,0.0,0.0,0.0,0.0,0.0,0.0,0.0,0.0,0.0,0.0,0.0,1.0,0.0
,,,,,1.0,0.0,0.0,0.0,0.0,0.0,0.0,0.0,0.0,0.0,0.0,0.0,0.0,0.0,0.0,0.0,0.0,0.0
,,,,,0.0,0.0,0.0,0.0,0.0,0.0,0.0,1.0,0.0,0.0,0.0,0.0,0.0,0.0,0.0,0.0,0.0,0.0
,,,,,0.0,0.0,0.0,0.0,0.0,0.0,0.0,1.0,0.0,0.0,0.0,0.0,0.0,1.0,0.0,0.0,0.0,0.0
,,,,,0.0,0.0,0.0,0.0,1.0,0.0,0.0,0.0,0.0,0.0,0.0,0.0,0.0,0.0,0.0,0.0,0.0,0.0
,,,,,0.0,0.0,0.0,0.0,0.0,0.0,0.0,1.0,0.0,0.0,0.0,0.0,0.0,0.0,0.0,0.0,0.0,0.0
,,,,,0.0,0.0,0.0,0.0,1.0,0.0,0.0,1.0,0.0,0.0,0.0,0.0,0.0,0.0,0.0,0.0,0.0,0.0
,,,,,0.0,0.0,0.0,0.0,0.0,0.0,0.0,1.0,0.0,0.0,0.0,0.0,0.0,0.0,0.0,0.0,0.0,0.0
,,,,,0.0,0.0,0.0,0.0,1.0,0.0,0.0,0.0,0.0,0.0,0.0,0.0,0.0,0.0,0.0,0.0,0.0,0.0
,,,,,0.0,0.0,0.0,0.0,0.0,0.0,0.0,1.0,0.0,0.0,0.0,0.0,0.0,0.0,0.0,0.0,0.0,0.0
,,,,,0.0,0.0,0.0,0.0,0.0,0.0,0.0,1.0,0.0,0.0,0.0,0.0,0.0,0.0,0.0,1.0,0.0,0.0
,,,,,0.0,0.0,0.0,0.0,0.0,0.0,0.0,1.0,0.0,0.0,0.0,0.0,0.0,0.0,0.0,0.0,0.0,0.0
,,,,,0.0,0.0,0.0,0.0,0.0,0.0,0.0,1.0,0.0,0.0,0.0,0.0,0.0,0.0,0.0,0.0,0.0,0.0
,,,,,0.0,0.0,0.0,0.0,0.0,0.0,0.0,1.0,0.0,0.0,0.0,0.0,0.0,0.0,0.0,0.0,0.0,0.0
,,,,,0.0,0.0,0.0,0.0,0.0,0.0,0.0,0.0,0.0,0.0,1.0,0.0,0.0,0.0,0.0,0.0,0.0,0.0
,,,,,1.0,0.0,0.0,0.0,0.0,1.0,0.0,0.0,0.0,0.0,0.0,0.0,0.0,0.0,0.0,1.0,0.0,0.0
,,,,,0.0,0.0,0.0,0.0,1.0,0.0,0.0,0.0,0.0,0.0,0.0,0.0,0.0,0.0,0.0,0.0,0.0,0.0
,,,,,0.0,0.0,0.0,0.0,0.0,0.0,0.0,1.0,0.0,0.0,0.0,0.0,0.0,0.0,0.0,0.0,0.0,0.0
,,,,,0.0,0.0,0.0,0.0,1.0,0.0,0.0,0.0,0.0,0.0,1.0,0.0,0.0,0.0,0.0,0.0,0.0,0.0
